rank	head	essay_frequency	syn_tails	syn_neighbors
1	打球	3271	1	打波
2	唇膏	3203	1	口紅
3	體內	3203	1	村裏
4	唔經唔覺	3114	1	不知不覺
5	物件	3114	1	物體
6	其他地方	2816	1	別處
7	做主	2669	1	話事
8	幾錢	2669	1	多少錢
9	摩托車	2591	1	電單車
10	出貨	2582	1	發貨
11	合約	2491	1	合同
12	婚禮	2491	2	結婚儀式,結婚典禮
13	這次	2491	1	今次
14	國企	2391	1	國營企業
15	月台	2313	1	站台
16	分數	2224	1	分
17	回合	2224	1	合
18	村裏	2220	1	體內
19	殺毒軟件	2220	1	防毒軟件
20	佛山	2219	123	上海,亳,仰光,倫敦,典雅
21	小夥子	2218	8	初生之犢,子弟,年輕人,年青人,弟子
22	海軍	2217	19	保安隊,偵察兵,別動隊,工程兵,憲兵
23	不已	2216	27	不了,不休,不住,不停,不息
24	啓示	2214	7	啓發,啓迪,誘,誘導,誘發
25	輪胎	2213	4	皮帶,胎,車胎,輪帶
26	拷貝	2210	1	正片
27	選購	2210	23	市,打,採購,採辦,置
28	專區	2209	13	區,市,市轄區,旗,特區
29	聽取	2206	2	收聽,聽
30	債券	2205	1	公債券
31	導出	2204	1	導入
32	租賃	2201	12	僦,出租,包,承租,招租
33	女主角	2199	1	女主人公
34	配方	2197	5	方,方劑,藥方,處方,配藥
35	鑑於	2196	3	出於,由,由於
36	舉措	2192	7	一舉一動,此舉,舉動,舉止,行動
37	自動化	2190	39	乳化,人性化,企業化,合法化,商業化
38	人文	2189	2	天文,水文
39	檢索	2189	19	尋,尋找,尋覓,找,找尋
40	圖表	2185	6	圖,圖形,圖樣,圖片,圖籍
41	大豆	2184	2	毛豆,黃豆
42	訂購	2178	6	定貨,定購,訂,訂座,預訂
43	對照	2177	8	對待,對比,對立統一,比,比照
44	艾滋病	2177	1	愛滋病
45	依託	2172	4	依賴,寄,寄予,寄託
46	多年來	2172	10	以來,前不久,新近,日前,最近
47	整改	2170	6	整,整治,整肅,整頓,整飭
48	車間	2170	1	小組
49	陌生人	2170	9	外人,局外人,旁觀者,生人,異己
50	洛陽	2168	116	上海,亳,仰光,佛山,倫敦
51	生產線	2162	5	工序,時序,歲序,自動線,裝配線
52	股指	2160	1	一手一足
53	石家莊	2151	116	上海,亳,仰光,佛山,倫敦
54	額度	2151	15	儲蓄額,全額,名額,員額,大額
55	總公司	2150	4	母公司,總局,總店,總行
56	源於	2149	11	來,來源,來源於,來自,出自
57	代表團	2148	16	劇組,合唱團,外交團,女團,小集團
58	週二	2148	2	星期二,禮拜二
59	釐米	2145	19	人次,元,光年,公分,公斤
60	麻將	2137	1	麻雀
61	明細	2136	21	仔細,周密,密切,心細,有心人
62	一味	2135	34	一直,不過,但,偏偏,僅
63	不單	2135	12	不但,不僅,不僅僅,不光,不只
64	不經意	2135	10	不在意,千慮一失,在所不計,大意,失慎
65	不錯	2135	81	上好,不利,不含糊,不易,不賴
66	人們	2135	2	人人,眾人
67	人流	2135	8	人叢,人工流產,人海,人潮,人群
68	人道	2135	34	交媾,仁厚,以德報怨,厚朴,厚道
69	傾向	2135	17	主旋律,來勢,來頭,動向,勢
70	入場	2135	5	入境,入夜,入室,入庫,入門
71	公里	2135	19	人次,元,光年,公分,公斤
72	兵器	2135	15	傢伙,兵,兵戎,刀兵,刀槍
73	刑事	2135	2	刑律,刑法
74	北面	2135	1	四面
75	原先	2135	13	以前,元元本本,先,先前,原
76	合力	2135	12	並肩,並肩作戰,協力,合璧,同甘苦
77	商品	2135	4	貨,貨品,貨物,貨色
78	多種	2135	10	冒尖,出頭,又,多,強
79	大隊	2135	3	兵團,支隊,軍團
80	天意	2135	13	命,命運,天命,天數,天時
81	學院	2135	1	院
82	屋主	2135	3	二房東,房東,房產主
83	常識	2135	1	一般常識
84	底線	2135	1	下線
85	店鋪	2135	20	企業,公司,合作社,商家,商店
86	影像	2135	3	像,形象,畫面
87	循環	2135	4	大循環,巡迴,輪迴,週而復始
88	情境	2135	8	地,地步,境,境地,境域
89	愛意	2135	10	含情脈脈,情,情意,情愛,情網
90	擅長	2135	8	健,善,善於,善用,嫺
91	昨晚	2135	5	前夕,前夜,尋晚,昨夜,琴晚
92	次序	2135	11	主次,先來後到,先後,序,排列次序
93	歲月	2135	18	光陰,工夫,年光,年月,年華
94	江湖	2135	25	下方,世間,人世,人間,凡
95	派對	2135	42	人大,冬運會,午餐會,博覽會,嘉年華會
96	源頭	2135	6	搖籃,源,源流,發源地,發祥地
97	犯法	2135	11	不軌,以身試法,作奸犯科,作案,冒天下之大不韙
98	男兒	2135	10	丈夫,士,壯漢,官人,漢
99	看似	2135	14	像樣,八九不離十,切近,好像,彷彿
100	睡覺	2135	10	上牀,困,安息,安歇,寐
101	示威	2135	6	批鬥,絕食,總罷工,自焚,請願
102	紳士	2135	3	士紳,縉,鄉紳
103	老友	2135	8	故交,故人,故舊,老朋友,舊
104	致命	2135	4	殊死,決死,沉重,浴血
105	蜜糖	2135	2	蜂蜜,蜜
106	行事	2135	13	一言一行,作為,做事,勞作,工作
107	裝置	2135	10	安,安裝,安設,裝,裝備
108	親王	2135	5	公爵,攝政王,王公,王爺,諸侯
109	言論	2135	4	發言,談話,論,議論
110	詞語	2135	3	用語,辭,辭藻
111	賭場	2135	2	賭窟,賭窩
112	通話	2135	1	打電話
113	進度	2135	4	快,快慢,速,速度
114	道具	2135	21	交通工具,化裝,場記,廚具,效果
115	閣下	2135	3	同志,足下,駕
116	霧氣	2135	3	氛,霧,霧靄
117	食指	2135	11	丁,二拇指,人,人丁,人口
118	驚動	2135	12	侵擾,幹擾,打擾,打攪,搗亂
119	商機	2134	4	可乘之機,天時地利,生機,良機
120	績效	2126	9	實效,工效,時效,療效,肥效
121	杯子	2125	4	杯,海,盅,盞
122	憑證	2124	11	信,信物,左證,憑,憑信
123	英寸	2123	3	碼,英尺,英里
124	經紀人	2120	10	商,商人,商户,商販,商賈
125	電子郵件	2118	1	電郵
126	價值觀	2117	5	傳統,思想意識,歷史觀,絕對觀念,觀念
127	長達	2114	9	久,修,修長,條,永
128	分局	2113	11	司,室,局,廳,科
129	獲獎	2107	2	受獎,得獎
130	協作	2106	4	合作,搭夥,搭檔,通力合作
131	服務員	2105	6	侍應生,侍者,夥計,女招待,招待員
132	複印件	2103	1	抄件
133	京城	2101	9	上京,京,京師,京都,北京
134	研究院	2101	12	上議院,下議院,下院,參議院,國務院
135	先是	2099	3	率先,第一,首先
136	甘肅	2098	29	內蒙古,台灣,吉林,四川,安徽
137	信貸	2096	24	信用,債款,價款,分期付款,匯款
138	蒸汽	2096	5	水汽,水蒸氣,水蒸汽,汽,蒸氣
139	綠化	2095	49	出版業,副業,化工,印刷業,土建
140	載體	2095	6	載人,載客,載波,載貨,載運
141	琢磨	2094	56	切磋琢磨,刻,勒,動腦筋,參酌
142	老年人	2094	14	叟,父,翁,老,老人
143	長安	2094	115	上海,亳,仰光,佛山,倫敦
144	着力	2093	35	一力,不遺餘力,中堅,中心,主導
145	論證	2091	3	實證,立據,論據
146	保姆	2084	6	女傭,女僕,媽,孃姨,老媽子
147	在外	2081	2	在內,在前
148	既是	2079	2	既,既然
149	標準化	2075	18	原則,口徑,基準,尺度,尺碼
150	顆粒	2067	3	砟,粒,豆子
151	寫真	2066	6	傳真,實像,寫實,畫像,真影
152	不在乎	2064	21	一笑置之,付之一笑,冷淡,吊兒郎當,大大咧咧
153	電影院	2063	2	影劇院,影院
154	模具	2059	1	胎具
155	主編	2057	1	主婚人
156	研討會	2056	42	人大,冬運會,午餐會,博覽會,嘉年華會
157	出具	2053	1	出示
158	南北	2050	13	中下游,中南部,兩岸,北部,大江南北
159	支行	2048	16	分,分公司,分層,分店,分支
160	單價	2047	55	代價,作價,優惠價,出價,化合價
161	不外乎	2046	18	包,包括,包羅,囊括,席捲
162	五月	2046	2	五月份,仲夏
163	停下	2046	26	下馬,休,休止,住,偃旗息鼓
164	儀器	2046	4	儀,儀表,表,計
165	儀式	2046	7	儀,典,典禮,式,慶典
166	凝望	2046	15	凝眸,凝視,只見,定睛,注目
167	出走	2046	1	離家出走
168	出身	2046	4	家世,身家,門户,門第
169	剎那間	2046	33	一下,一下子,一剎那,一念之差,一時間
170	力氣	2046	6	力,勁,勁頭,氣力,能量
171	包紮	2046	15	勒,扎,打,捆,捆綁
172	十二月	2046	1	臘月
173	各式	2046	25	公式,分子式,哥特式,噴氣式,填鴨式
174	和尚	2046	8	僧,僧侶,僧徒,沙彌,行者
175	和服	2046	9	制服,套服,套裝,官服,工作服
176	咒語	2046	2	咒,符咒
177	在下	2046	9	不才,不肖,僕,區區,小人
178	報案	2046	12	先斬後奏,告密,告發,報修,報廢
179	太子	2046	7	儲君,春宮,東宮,殿下,王儲
180	奈何	2046	2	奈,無奈何
181	娛樂	2046	15	娛,嬉,嬉戲,嬉水,戲
182	學術	2046	3	墨水,學,學問
183	安全帶	2046	22	佩,佩帶,佩戴,傳送帶,別
184	左下角	2046	6	右上方,右上角,右下方,左上方,左上角
185	心思	2046	33	來頭,勁,勁頭,動機,心境
186	戒心	2046	1	警惕性
187	打中	2046	4	中,命中,擊中,歪打正着
188	斜路	2046	12	冤枉路,出路,去路,後塵,後路
189	旁人	2046	3	人家,他人,別人
190	書院	2046	5	學塾,村塾,社學,私塾,館
191	洋娃娃	2046	22	七巧板,假面具,地黃牛,彈弓,拼圖
192	牙醫	2046	6	校醫,牙科醫生,獸醫,西醫,赤腳醫生
193	用途	2046	3	用,用場,用處
194	登出	2046	11	上,刊,刊登,刊載,報載
195	監察	2046	4	監控,監督,督,督察
196	監獄	2046	16	囚室,囚牢,囚籠,囹圄,地牢
197	空位	2046	19	井位,停車位,價位,原位,噸位
198	羽毛	2046	4	毛,羽,羽絨,翎
199	背部	2046	5	後背,背,背脊,脊,脊樑
200	草草	2046	13	丟三落四,偷工減料,含含糊糊,含糊,掉以輕心
201	萬能	2046	11	全天候,全知全能,全能,多才多藝,左右開弓
202	親愛	2046	39	不分彼此,促膝,千絲萬縷,可親,如膠似漆
203	設備	2046	5	裝備,裝具,裝置,設施,配備
204	語調	2046	8	九宮,低調,宮調,曲調,格律
205	貓頭鷹	2046	1	鴟鵂
206	蹤影	2046	1	蹤跡
207	車程	2046	1	旅程
208	車頂	2046	8	尖頂,屋頂,桅頂,洪峯,灰頂
209	轆轆	2046	2	咕隆,軋
210	轟炸	2046	2	投彈,空襲
211	週年	2046	1	本命年
212	電車	2046	53	三輪車,二手車,出租車,加長,包車
213	預計	2046	3	前瞻,展望,預測
214	魔術	2046	2	幻術,戲法
215	麻醉	2046	4	毒害,流毒,荼毒,蠱惑
216	黑洞	2046	8	橋洞,涵洞,溶洞,無底洞,窗洞
217	搶劫	2045	22	劫,劫奪,劫掠,奪,奪走
218	修訂	2043	1	審訂
219	交警	2042	14	乘警,交通警,刑警,崗警,幹警
220	導向	2042	13	側向,動向,去向,導引,橫向
221	長相	2040	23	儀容,原樣,品貌,外貌,姿容
222	以至於	2034	4	以至,截至,直到,直至
223	產能	2033	17	光能,內能,動能,化學能,原子能
224	上調	2032	5	下調,對調,微調,調職,調離
225	諸如	2031	7	例如,像,如,比如,比如説
226	致使	2029	8	以致,促成,導致,引致,招
227	許可證	2027	3	執照,照,證照
228	繳費	2026	1	交費
229	南海	2021	13	亞得裏亞海,公海,加勒比海,地中海,東海
230	區間	2013	3	距離,間距,間隔
231	查收	2012	5	回收,抄收,招收,簽收,點收
232	水利	2006	2	水利工程,河工
233	電機	2006	3	發電機,電動機,馬達
234	吉他	2005	2	六絃琴,結他
235	餘額	2005	15	儲蓄額,全額,名額,員額,大額
236	不鏽鋼	2004	4	合金鋼,碳素鋼,錳鋼,鎳鋼
237	會議室	2003	29	候機室,候診室,候車室,化妝室,化驗室
238	核對	2002	16	審,審察,審批,審查,審核
239	海口	1999	24	井口,交叉口,出入口,出口,出海口
240	油價	1994	55	代價,作價,優惠價,出價,化合價
241	天然氣	1993	15	光氣,地氣,廢氣,水煤氣,油氣
242	培訓班	1991	1	短訓班
243	郵編	1991	1	郵政編碼
244	項鍊	1991	6	鉸鏈,錶鏈,鐵鏈,項圈,頸鍊
245	初始	1988	20	上馬,下車伊始,初步,啓,始
246	原材料	1986	1	原料
247	殘疾人	1986	5	廢人,殘廢,殘缺,畸形兒,非人
248	老太太	1984	7	令堂,奶奶,姥姥,老大娘,老大媽
249	著作	1975	26	作,作品,作文,做,創作
250	蘿蔔	1972	4	白蘿蔔,菲,蔔,蘿
251	看中	1969	20	中意,合意,好聽,如意,如願以償
252	議案	1969	3	提案,方案,草案
253	寧夏	1967	29	內蒙古,台灣,吉林,四川,安徽
254	旨在	1960	5	心意,意志,意旨,旨意,法旨
255	錄製	1960	10	壓制,定做,定製,攝製,特製
256	不良	1957	27	不善,不好,不妙,不成,不行
257	中伏	1957	1	二伏
258	倒不如	1957	2	不如,與其
259	假裝	1957	9	作,作偽,佯,佯裝,偽裝
260	傳教	1957	4	佈道,傳道,説教,説法
261	傳染	1957	4	傳,招,染,污染
262	其間	1957	12	中,中間,之中,內,內部
263	到場	1957	12	出席,列席,到,到位,到會
264	前日	1957	2	前天,頭天
265	取笑	1957	11	嗤笑,嘲笑,寒傖,寒磣,恥笑
266	各個	1957	23	一一,以次,依次,列,各
267	圖形	1957	6	圖,圖樣,圖片,圖籍,圖紙
268	地頭	1957	5	地方,地面,本土,本地,當地
269	夢見	1957	8	夢,夢境,夢寐,夢幻,夢鄉
270	大不了	1957	5	不外,充其量,最多,至多,頂多
271	太陽穴	1957	3	丹田,人中,耳穴
272	對峙	1957	8	僵持,分庭抗禮,勢不兩立,對壘,對抗
273	局長	1957	19	司法部長,司長,國防部長,外交部長,外相
274	忍耐	1957	12	含垢忍辱,容忍,忍,忍受,忍氣吞聲
275	性命	1957	6	人命,命,活命,生,生命
276	意圖	1957	8	企圖,作用,來意,圖,意
277	意大利	1957	156	不丹,中非共和國,丹麥,也門,亞美尼亞
278	打拳	1957	1	練拳
279	打轉	1957	12	兜,團團轉,打圈,旋,旋轉
280	抗議	1957	2	反抗,對抗
281	拉鍊	1957	1	拉鎖
282	招手	1957	1	招
283	數據	1957	8	多寡,多少,數,數目,數碼
284	昆蟲	1957	2	蟲,蟲子
285	明信片	1957	3	平信,掛號信,航空信
286	棺材	1957	6	木,材,棺,棺木,棺槨
287	椰子	1957	1	椰
288	櫥窗	1957	8	吊窗,天窗,氣窗,玻璃窗,百葉窗
289	武力	1957	23	三軍,人馬,兵力,兵馬,大軍
290	沒法	1957	8	不得已,可望而不可及,有心無力,無可奈何,無奈
291	沒錯	1957	22	不利,不易,不錯,冇錯,天經地義
292	清明	1957	103	亮,亮光光,亮堂,亮堂堂,亮錚錚
293	火光	1957	22	冷光,北極光,反光,可見光,寒光
294	異物	1957	16	屍,屍首,屍體,死人,死屍
295	當做	1957	10	作,作為,同日而語,用作,當
296	相關	1957	10	唇齒相依,息息相關,有關,相干,系
297	眼罩	1957	4	口罩,牀罩,紗罩,蓋頭
298	笑臉	1957	5	一顰一笑,笑容,笑影,笑貌,笑顏
299	統治	1957	11	在位,執政,拿權,掌印,掌權
300	緊貼	1957	11	促,倚,偎,偎依,就
301	繼承	1957	21	傳承,前僕後繼,前赴後繼,延續,後續
302	自身	1957	10	小我,己,我,本人,本身
303	落水	1957	14	一誤再誤,不思進取,不能自拔,吃喝玩樂,墮落
304	行業	1957	4	本行,業,行,行當
305	裝飾	1957	10	裝修,裝潢,裝璜,裝裱,裝飾品
306	要害	1957	48	一言九鼎,中心,主要,事關重大,典型
307	起行	1957	8	上路,出發,動身,啓程,登程
308	迷茫	1957	29	不明,依稀,影影綽綽,微茫,恍
309	送到	1957	1	送給
310	進發	1957	8	一往直前,上,上前,前進,向前
311	過往	1957	17	一來二去,交往,來來往往,來去,來回
312	過癮	1957	16	好過,安逸,安適,寫意,恬適
313	震撼	1957	9	動,感動,打動,撥動,撼
314	體諒	1957	3	原宥,諒,諒解
315	點心	1957	5	墊補,茶食,點,點補,點飢
316	黯然	1957	25	低沉,天昏地暗,幽暗,感傷,慘淡
317	星期天	1952	8	小禮拜,星期,星期日,禮拜,禮拜天
318	傻子	1950	7	二愣子,二百五,低能兒,傻帽,傻瓜
319	敢於	1948	48	一身是膽,不避艱險,出生入死,剽悍,劈風斬浪
320	用藥	1947	2	下藥,投藥
321	大城市	1946	1	大都會
322	出資	1945	5	出錢,慷慨解囊,掏腰包,掏錢,解囊
323	國際市場	1945	1	世界市場
324	寬度	1941	10	升幅,增幅,增長率,大幅度,寬
325	男孩子	1940	1	少男
326	大頭	1939	15	元寶,光洋,冤大頭,大洋,洋
327	中小	1937	6	不大不小,中,中型,中等,半大
328	隱患	1933	1	心腹之患
329	胎兒	1931	2	胎,胚胎
330	三維	1929	1	三度空間
331	做工	1927	1	幹活兒
332	壁紙	1926	41	仿紙,元書紙,圖紙,土紙,字紙
333	來得	1925	10	亮,出示,呈示,展示,形
334	序列	1925	8	列,排,班,行,行列
335	機動車	1920	54	三輪車,二手車,出租車,加長,包車
336	侷限	1917	2	受制,囿
337	鏡像	1912	1	鏡像站點
338	期刊	1908	4	刊,刊物,報,雜誌
339	船舶	1908	8	舟,舟楫,舡,舫,船
340	書法	1907	25	作法,做法,優選法,刀法,句法
341	核算	1907	1	核計
342	製成	1907	1	釀成
343	關愛	1907	8	眷顧,關切,關心,關懷,關懷備至
344	動畫片	1906	3	動畫,卡通,卡通片
345	首批	1901	22	伯,元,冠,初,初次
346	電氣	1899	15	光氣,地氣,天然氣,廢氣,水煤氣
347	傳感器	1897	82	充電器,冷卻器,分配器,加速器,助聽器
348	混凝土	1895	1	砼
349	看重	1892	27	仰觀,倚重,偏重,側重,刮目相待
350	製造商	1890	16	供應商,出口商,出版商,外商,官商
351	託管	1889	5	共管,套管,接管,監管,經管
352	服務業	1884	49	出版業,副業,化工,印刷業,土建
353	掛牌	1882	1	上市
354	來源於	1881	11	來,來源,來自,出自,導源
355	原油	1879	1	石油
356	派出	1879	13	使,叫,差,差使,差遣
357	開闢	1870	4	打開,開拓,開發,闢
358	並非	1868	11	不用,不要,休想,別,毫不
359	互動	1868	8	並行,互,互相,交互,彼此
360	人選	1868	5	人,人士,人氏,人物,士
361	佔據	1868	18	佔,佔有,佔用,壟斷,專
362	保齡球	1868	17	冰球,壘球,手球,排球,曲棍球
363	修補	1868	20	修,修修補補,修復,修整,修理
364	公元	1868	1	紀元
365	再三	1868	32	一再,三番五次,亟,再,勤
366	分成	1868	1	分為
367	到頭來	1868	15	到底,卒,好不容易,好容易,歸根到底
368	劇本	1868	3	本子,腳本,院本
369	力度	1868	41	亮度,傾斜度,光照度,剛度,加速度
370	動物園	1868	6	伊甸園,桑園,植物園,田莊,科學園
371	同黨	1868	2	一丘之貉,狐群狗黨
372	周身	1868	5	一身,全身,渾身,滿身,通身
373	商隊	1868	22	交響樂隊,儀仗隊,啦啦隊,國家隊,宣傳隊
374	城堡	1868	3	城建,堡,塢
375	場地	1868	23	僻地,兩地,半殖民地,原產地,場合
376	塞車	1868	16	人山人海,人滿為患,前呼後擁,摩肩接踵,擁擠
377	外界	1868	9	之外,以外,外,外側,外圍
378	多年	1868	11	常年累月,年久月深,年深月久,從小到大,成年累月
379	天花	1868	8	天花板,尾花,提花,紅花,落花
380	姐妹	1868	1	姊妹
381	尋求	1868	3	營,謀,謀求
382	巡邏	1868	7	哨,巡,巡查,巡行,巡視
383	帳篷	1868	6	帳幕,帷幄,帷幕,幕,篷
384	弱智	1868	11	一無所長,低能,凡庸,尸位素餐,差勁
385	心想	1868	27	動腦筋,合計,尋味,尋思,心諗
386	思念	1868	18	叨唸,思,思慕,思量,惦念
387	感冒	1868	5	傷風,傷風感冒,受寒,受涼,着涼
388	憔悴	1868	2	枯槁,面黃肌瘦
389	手工	1868	1	細工
390	手頭	1868	5	光景,境況,境遇,手下,手邊
391	打斜	1868	6	側,傾,傾斜,斜,歪
392	打發	1868	18	使,叫,差,差使,差遣
393	投放	1868	5	下,投,排放,施放,置之腦後
394	抽水	1868	4	濃縮,縮水,縮短,縮編
395	招數	1868	12	一手,伎倆,心數,心眼,手段
396	挑釁	1868	1	尋釁
397	救護車	1868	53	三輪車,二手車,出租車,加長,包車
398	教練	1868	4	教官,教頭,訓,訓練
399	施展	1868	3	施,玩,耍
400	明日	1868	11	他日,來日,前,將來,明
401	星期二	1868	2	禮拜二,週二
402	未曾	1868	17	一無,不曾,並未,尚未,從不
403	未能	1868	6	不能,不許,使不得,力所不及,無從
404	某些	1868	7	一些,一點,好幾,小半,少數
405	極點	1868	11	尖峯,巔峯,極,極端,極限
406	流程	1868	1	流水線
407	流逝	1868	4	光陰荏苒,無以為繼,荏苒,蹉跎
408	滲入	1868	18	乘虛而入,入,入院,切入,投入
409	演員	1868	6	伶,優,優伶,戲子,藝人
410	煙花	1868	2	焰火,煙火
411	熊熊	1868	38	兇,兇猛,凌厲,利害,劇
412	現今	1868	16	今,今天,今日,今昔,今朝
413	環視	1868	4	圍觀,掃描,掃視,環顧
414	發狂	1868	10	狂,痴,瘋,瘋狂,瘋癲
415	皇后	1868	2	娘娘,王后
416	真身	1868	16	人身,人體,肉身,肉體,肌體
417	神通	1868	1	三頭六臂
418	程序	1868	9	主次,先來後到,先後,序,次
419	空中	1868	5	上空,半空,半空中,空間,長空
420	符咒	1868	2	咒,咒語
421	結構	1868	3	佈局,構造,組織
422	緊接	1868	21	交接,對接,屬,接,接合
423	聲浪	1868	11	動靜,濤,籟,聲,聲音
424	職位	1868	5	位置,哨位,崗位,職,職務
425	腰部	1868	4	腰,腰桿子,腰眼,腰肢
426	袋鼠	1868	3	倉鼠,野鼠,鼯鼠
427	補救	1868	3	亡羊補牢,彌補,挽救
428	裝作	1868	9	作,作偽,佯,佯裝,假裝
429	規定	1868	2	確定,規程
430	解剖	1868	13	催眠,剖腹,化療,截肢,手術
431	診所	1868	5	病院,診療所,醫務室,醫務所,醫院
432	證實	1868	13	作證,印證,徵,應驗,求證
433	車廂	1868	1	艙室
434	逃生	1868	1	逃命
435	通心粉	1868	10	冷麪,壽麪,拌麪,擔擔麪,方便麪
436	鑽石	1868	3	金剛石,金剛鑽,鑽
437	開玩笑	1868	24	不值一提,不屑一顧,不足掛齒,不足道,不過如此
438	開眼	1868	3	張目,睜,睜眼
439	閘口	1868	19	井口,交叉口,出入口,出口,出海口
440	關頭	1868	9	之際,契機,節骨眼,轉折點,轉捩點
441	陷阱	1868	6	圈套,牢籠,鈎,阱,陷坑
442	雪花	1868	6	冰雪,白雪,雪,雪片,飛雪
443	青山	1868	2	翠微,蒼山
444	非禮	1868	6	不周,失禮,怠,怠慢,簡慢
445	飲水	1868	33	井水,暢飲,枯水,死水,污水
446	飲食	1868	8	伙食,口腹,夥,膳,膳食
447	騎兵	1868	19	保安隊,偵察兵,別動隊,工程兵,憲兵
448	鬆綁	1868	15	勒,包紮,扎,打,捆
449	地質	1867	1	地理
450	號召	1867	6	召,召喚,呼喚,喚起,感召
451	轉賬	1867	10	中轉,倒車,轉化,轉向,轉折
452	首屆	1867	22	伯,元,冠,初,初次
453	財政部	1863	14	內政部,公安部,分部,國防部,外交部
454	新區	1860	7	佔領區,墾區,教區,敵區,漁區
455	直銷	1860	20	代銷,供銷,促銷,傳銷,傾銷
456	座談會	1859	42	人大,冬運會,午餐會,博覽會,嘉年華會
457	絕跡	1856	5	告罄,滅絕,絕滅,罄盡,銷燬
458	大全	1855	10	全,全稱,兼備,完備,實足
459	錘子	1855	5	椎,榔,榔頭,槌,錘
460	邊界	1853	20	分界,國境,國門,地界,垠
461	牡丹	1852	3	國色天香,國花,牡丹花
462	還款	1852	4	償付,償還,還債,還貸
463	發佈會	1851	42	人大,冬運會,午餐會,博覽會,嘉年華會
464	看病	1850	13	就診,就醫,治,治病,治療
465	白雲	1848	2	浮雲,烏雲
466	動感	1847	18	來勁,充沛,奮發,帶勁,抖擻
467	進貨	1842	23	市,打,採購,採辦,置
468	團長	1841	10	副官,參謀長,司令員,師長,指導員
469	大都	1840	6	基本上,多,大半,大多,大抵
470	業務員	1840	16	保管員,協理員,售票員,審查員,審計員
471	現貨	1840	9	上等貨,俏貨,大路貨,存貨,搶手貨
472	做生意	1831	2	經商,賈
473	早飯	1829	1	早餐
474	繁體	1828	17	冗贅,冗雜,千絲萬縷,撲朔迷離,煩冗
475	基金會	1827	22	三合會,互助會,公會,協會,同學會
476	大酒店	1827	5	酒吧,酒家,酒店,酒樓,酒館
477	湊合	1827	36	七拼八湊,削足適履,勉勉強強,勉強,勉為其難
478	交付	1822	9	交,交由,交給,付,付出
479	代謝	1820	1	新陳代謝
480	表述	1812	6	抒,抒發,發揮,發表,表達
481	院士	1812	3	博士,博士後,大專
482	交互	1810	8	並行,互,互動,互相,彼此
483	買進	1810	23	市,打,採購,採辦,置
484	喝茶	1806	1	飲茶
485	原版	1805	8	修訂本,修訂版,出版物,初版,正版
486	日內	1805	3	不日,即日,在即
487	品位	1804	4	檔次,水平,水準,程度
488	青海	1803	29	內蒙古,台灣,吉林,四川,安徽
489	嫂子	1799	4	兄嫂,大嫂,嫂,嫂嫂
490	生產力	1799	2	戰鬥力,購買力
491	貴陽	1799	116	上海,亳,仰光,佛山,倫敦
492	蟲子	1795	2	昆蟲,蟲
493	人性化	1794	39	乳化,企業化,合法化,商業化,四化
494	劇組	1793	16	代表團,合唱團,外交團,女團,小集團
495	廠房	1791	8	公房,工房,氈房,民房,洋房
496	複印	1789	15	付印,刊印,套印,套色,影印
497	攝像機	1786	1	攝影機
498	侵害	1781	29	侵犯,侵蝕,侵越,傷,傷害
499	承包	1780	7	兜,兜攬,包,包攬,大包大攬
500	火車票	1780	4	支票,期票,港股,空頭支票
501	不免	1779	5	免不了,免不得,在所難免,未免,難免
502	不大	1779	18	小,小小,幽微,微,微乎其微
503	中等	1779	11	不大不小,中,中型,中小,中游
504	五顏六色	1779	17	五彩繽紛,五色繽紛,印花,多姿,多姿多彩
505	人才	1779	22	一表人材,丰姿,人材,佳人,冶容
506	以至	1779	4	以至於,截至,直到,直至
507	伴娘	1779	1	喜娘
508	作家	1779	4	大手筆,文學家,文宗,文豪
509	來源	1779	13	來,來源於,來自,出自,導源
510	修長	1779	11	久,修,大個,條,永
511	倒轉	1779	5	倒,反,反倒,反而,相反
512	做到	1779	24	一氣呵成,不負眾望,作出,到位,功德圓滿
513	傳真	1779	3	傳真電報,寫真,畫像
514	傷勢	1779	7	水勢,火勢,病勢,銷勢,雨勢
515	出演	1779	7	上,上台,上場,出台,出場
516	前夕	1779	3	前夜,昨夜,昨晚
517	助理	1779	12	下手,僚佐,副,副手,助手
518	半點	1779	29	一二,一星半點,一絲,一點兒,些微
519	口吻	1779	11	口器,口氣,口腕,口風,吻
520	口音	1779	5	土音,方音,話音,語音,鄉音
521	合唱	1779	7	清唱,獨唱,聯唱,視唱,説唱
522	吸吮	1779	10	吮,吮吸,吸,吸入,吸食
523	咕嚕	1779	10	呼嚕,咕唧,咕嘟,咕噥,唧噥
524	四月	1779	1	四月份
525	基本法	1779	20	保險法,公檢法,兵役法,刑事訴訟法,勞動法
526	報應	1779	3	因果,因果報應,報
527	契約	1779	9	券,單,單子,單據,字
528	好友	1779	13	執友,契友,好朋友,密友,忘年交
529	學歷	1779	3	同等學歷,履歷,簡歷
530	客場	1779	34	主場,停機坪,停車場,射擊場,廣場
531	實習	1779	1	見習
532	寶石	1779	8	明珠,珠翠,瑪瑙,瑰,紅寶石
533	小路	1779	4	便道,小徑,羊腸小道,蹊徑
534	工會	1779	22	三合會,互助會,公會,協會,同學會
535	廚師	1779	7	主廚,名廚,大師傅,庖,廚子
536	彌補	1779	4	亡羊補牢,彌縫,挽救,補救
537	心血	1779	10	心力,心機,枯腸,腦,腦力
538	情形	1779	16	事態,動靜,圖景,場面,情
539	戒備	1779	17	以防萬一,備,嚴防,戒,提防
540	打掃	1779	3	掃,掃除,除雪
541	打消	1779	42	免,免去,免掉,免除,剪除
542	拍片	1779	1	快照
543	捕捉	1779	1	捕殺
544	推倒	1779	4	打倒,打翻,推翻,擊倒
545	推動	1779	11	促進,力促,助長,後浪推前浪,推
546	新郎	1779	1	新人
547	普選	1779	9	初選,大選,改選,民選,直選
548	書房	1779	2	書屋,書齋
549	有病	1779	17	久病,卧病,受病,害,害病
550	木屋	1779	7	公屋,土屋,埃居,套房,新居
551	末日	1779	19	季,底,後期,晚,晚期
552	氣體	1779	5	半流體,固體,氣,流體,液體
553	水中	1779	1	眼中
554	波浪	1779	4	波,浪,浪花,浪頭
555	洗頭	1779	2	刷牙,洗腸
556	消散	1779	38	一去不復返,一去不返,付之一炬,付之東流,付諸東流
557	無從	1779	26	一籌莫展,不能,不許,使不得,力不勝任
558	煙海	1779	13	亞得裏亞海,公海,加勒比海,南海,地中海
559	營養	1779	6	滋補品,滋養,營養素,補品,補藥
560	版本	1779	3	本,本子,版
561	瓜子	1779	1	白瓜子
562	生性	1779	5	個性,天性,本性,秉性,賦性
563	疲倦	1779	25	乏,乏力,倦,勞乏,勞累
564	目送	1779	15	凝望,凝眸,凝視,只見,定睛
565	眼眶	1779	3	眶,眼圈,眼窩
566	禮拜日	1779	8	小禮拜,星期,星期天,星期日,禮拜
567	絕不	1779	11	不用,不要,並非,休想,別
568	良心	1779	36	中心,人心,內心,六腑,寸心
569	茶几	1779	9	三屜桌,供桌,公案,圍桌,炕幾
570	茶樓	1779	4	茶坊,茶室,茶社,茶館
571	董事	1779	1	股東
572	裝束	1779	3	妝飾,打扮,扮相
573	要不是	1779	1	若非
574	跌倒	1779	4	摔倒,栽,栽倒,絆倒
575	車禍	1779	4	人禍,慘禍,殺身之禍,空難
576	轟隆	1779	7	咕隆,嗡嗡,虺虺,轟,轟轟
577	還好	1779	1	仲好
578	鐵路	1779	2	公路,高速公路
579	關節	1779	18	典型,刀口,問題,樞機,樞紐
580	陳述	1779	5	臚陳,述,陳,陳言,陳説
581	雨水	1779	55	井水,冬至,夏至,大寒,大暑
582	電視劇	1779	32	傳奇,古裝戲,吉劇,啞劇,喜劇
583	青衣	1779	7	丫頭,丫鬟,使女,侍女,妮子
584	鮮奶	1779	6	煉乳,牛乳,牛奶,豆奶,酸奶
585	工作量	1778	42	價值量,儲藏量,儲量,儲電量,分子量
586	數額	1778	8	多寡,多少,數,數據,數目
587	航天	1778	20	人工智能,代數,化工,地理,工藝美術
588	加之	1776	13	予,予以,付與,寓於,授予
589	共計	1775	16	一共,一總,一起,共,共總
590	命題	1775	4	專題,話題,課題,議題
591	園林	1775	5	公園,園,花園,苑,莊園
592	承辦	1775	2	經手,過手
593	王朝	1774	4	代,時,朝,朝代
594	蒙古	1774	29	內蒙古,台灣,吉林,四川,安徽
595	駕駛員	1773	3	司機,車手,駕駛者
596	發言人	1771	2	代言人,喉舌
597	農藥	1770	17	中成藥,仙丹,感冒藥,成藥,新藥
598	淨值	1763	16	交換價值,使用價值,保值,均值,增加值
599	收益率	1762	35	佔有率,入學率,利率,勞動生產率,匯率
600	稿子	1758	18	成文,打算,文章,方略,猷
601	紹興	1756	115	上海,亳,仰光,佛山,倫敦
602	省委	1754	1	市委
603	穩步	1752	32	一仍舊貫,一動不動,一如既往,一成不變,不二價
604	幸虧	1750	10	多虧,好在,幸,幸喜,幸好
605	款項	1749	5	帳,款,錢,項,頭寸
606	主人公	1748	11	主,主人,主人家,主人翁,主子
607	建材	1747	17	填料,工料,敷料,核燃料,油料
608	鬍子	1746	17	匪,匪徒,匪盜,土匪,寇
609	看上	1745	11	一往情深,一見傾心,一見鍾情,傾心,動情
610	元件	1743	2	構件,部件
611	看望	1743	12	探,探問,探望,探視,探訪
612	交易日	1742	7	公休日,勞動日,地球日,工作日,植樹日
613	因子	1742	1	因數
614	泉州	1742	12	佛羅裏達州,俄克拉何馬州,北卡羅來納州,印第安納州,弗吉尼亞州
615	火炬	1742	2	火把,炬
616	週報	1739	1	週刊
617	銀行卡	1735	7	信用卡,生日卡,磁卡,聖誕卡,賀卡
618	日元	1733	34	人民幣,便士,先令,刀幣,加元
619	計量	1733	18	乘除,划算,匡,匡算,合算
620	高爾夫	1733	17	保齡球,冰球,壘球,手球,排球
621	春秋	1732	21	夏,寒暑,年,年事,年份
622	源代碼	1730	5	代碼,底碼,編碼,補碼,譯碼
623	保證金	1729	1	保險金
624	調解	1729	11	勸和,和稀泥,圓場,息事寧人,打圓場
625	好意思	1727	5	恬不知恥,死乞白賴,死皮賴臉,涎皮賴臉,臉皮厚
626	祝願	1727	3	祝,祝福,祝頌
627	榮獲	1726	1	榮膺
628	工業化	1725	39	乳化,人性化,企業化,合法化,商業化
629	氾濫	1725	8	浩,湧,溢,溢出,滔
630	本期	1724	2	上期,下期
631	大面積	1722	13	周邊,大,大規模,寬廣,寬泛
632	病例	1722	6	實例,戰例,案例,特例,範例
633	軍訓	1716	5	冬訓,整訓,軍事訓練,輪訓,集訓
634	實習生	1715	10	中學生,初中生,大學生,大專生,小學生
635	抵押	1715	3	抵,押,質
636	教育局	1714	12	外匯局,專利局,市政局,情報局,檢疫局
637	海域	1712	11	區域,大洋,大海,水域,汪洋大海
638	珠寶	1710	3	珊瑚,貓眼,軟玉
639	美工	1709	10	丹青,圖,圖案,圖畫,圖騰
640	辦學	1709	1	辦報
641	遏制	1708	10	制止,壓,壓制,平抑,扼殺
642	常年	1706	7	一年到頭,平年,成年,終年,終歲
643	省份	1705	1	省
644	紅樓夢	1702	11	二十五史,二十四史,五經,六書,史記
645	轄區	1702	1	管區
646	責任感	1701	34	使命感,信任感,優越感,危機感,參與感
647	交易所	1698	4	招待所,收容所,觀察所,診療所
648	東海	1694	13	亞得裏亞海,公海,加勒比海,南海,地中海
649	相聲	1694	2	單口相聲,對口相聲
650	選秀	1693	1	選秀節目
651	加油站	1691	1	驛
652	不耐煩	1690	10	心浮氣躁,急性,急躁,性急,操之過急
653	中國人	1690	3	唐人,炎黃子孫,華人
654	代號	1690	8	呼號,商標,國號,字號,年號
655	住所	1690	7	公館,家,寓,寓所,居
656	作文	1690	25	作,做,創作,寫,寫作
657	依照	1690	21	仍,以,以資,依,如約
658	倒影	1690	1	半影
659	值錢	1690	6	昂貴,米珠薪桂,貴,質次價高,騰貴
660	催淚彈	1690	18	中子彈,信號彈,原子彈,定時炸彈,宣傳彈
661	傳人	1690	9	來人,後世,後人,後代,後者
662	傻事	1690	1	蠢事
663	其次	1690	16	下,二,亞,仲,伯仲
664	出版	1690	1	問世
665	包袱	1690	5	包,包裹,卷,擔子,負擔
666	協會	1690	22	三合會,互助會,公會,同學會,同業公會
667	各人	1690	1	每人
668	咯咯	1690	1	咕咕
669	啦啦隊	1690	22	交響樂隊,儀仗隊,商隊,國家隊,宣傳隊
670	因而	1690	13	之所以,因故,因此,就此,從而
671	報名	1690	2	提請,申請
672	增長	1690	13	加上,加強,助長,增強,增進
673	外牆	1690	2	牆根,隔牆
674	夜場	1690	2	夜市,曉市
675	女校	1690	3	五小,村校,私立學校
676	奶粉	1690	5	乳製品,乾酪,代乳粉,奶皮,奶酪
677	對準	1690	5	對,指向,本着,照章,針對
678	工業	1690	49	出版業,副業,化工,印刷業,土建
679	差距	1690	10	出入,別,區別,千差萬別,反差
680	引來	1690	1	引入
681	強勁	1690	23	一往無前,人多勢眾,兵不血刃,兵強馬壯,勁
682	心臟病	1690	118	乙腦,乳腺炎,低燒,佝僂病,傳染病
683	忐忑	1690	34	七上八下,不安,亂,仄,六神無主
684	思維	1690	27	動腦筋,合計,尋味,尋思,心想
685	意會	1690	9	心照不宣,心領,心領神會,悟,會心
686	手提電話	1690	1	手機
687	把手	1690	5	把,提手,提樑,襻,靠手
688	拇指	1690	6	大拇指,大指,巨擘,手指公,拇
689	指數	1690	51	一次函數,不定根,乘數,互質數,倒數
690	挽回	1690	2	力挽狂瀾,扭轉
691	掃視	1690	4	圍觀,掃描,環視,環顧
692	推理	1690	21	審度,度,忖度,想,想來
693	措施	1690	18	不二法門,主意,方,方式,方法
694	換言之	1690	4	不用説,也就是説,卻説,這樣一來
695	撒嬌	1690	1	扭捏
696	攝影師	1690	2	攝影,錄音
697	收養	1690	4	容留,收容,收留,認領
698	整整	1690	46	一,一五一十,一切,一體,上上下下
699	星座	1690	3	宿,座,星宿
700	映照	1690	11	射,投,投射,映射,炫耀
701	昨日	1690	2	昨,昨天
702	會場	1690	34	主場,停機坪,停車場,客場,射擊場
703	有幸	1690	10	三生有幸,僥倖,大吉,好運,幸運
704	架構	1690	3	搭,架,架設
705	楚楚	1690	12	儼然,利落,劃一,嚴整,整
706	機器	1690	3	機,機具,機械
707	殘留	1690	8	剩,殘存,殘餘,留,留置
708	水池	1690	4	泳池,養魚池,魚池,鹽池
709	汗水	1690	4	汗,汗珠,汗珠子,津
710	照射	1690	11	射,投,投射,映射,映照
711	牙籤	1690	17	九鼎,分子篩,卮,坩堝,埽
712	獎品	1690	1	獎
713	環顧	1690	4	圍觀,掃描,掃視,環視
714	男士	1690	10	丈夫,士,壯漢,官人,漢
715	界線	1690	18	分界,分野,地界,垠,境界
716	當地	1690	5	地方,地面,地頭,本土,本地
717	白虎	1690	1	美洲虎
718	監管	1690	5	共管,套管,接管,經管,託管
719	着數	1690	3	招,招數,路數
720	穿梭	1690	27	不了,不休,不住,不停,不已
721	簽名	1690	7	具名,簽字,簽約,簽署,籤
722	膠水	1690	7	印油,回形針,大頭針,橡皮,油墨
723	舌尖	1690	1	刀尖
724	蜘蛛	1690	2	蛛,蛛蛛
725	血水	1690	3	血,血流,血液
726	血統	1690	2	血緣,血脈
727	裂開	1690	17	分裂,坼,披,皴,皸裂
728	親吻	1690	4	吻,接吻,親,親嘴
729	觀念	1690	5	傳統,價值觀,思想意識,歷史觀,絕對觀念
730	豬朋狗友	1690	1	狐朋狗友
731	貫穿	1690	5	縱貫,貫,貫串,貫通,連貫
732	質量	1690	6	品質,成色,色,質,質地
733	走火	1690	4	失慎,失火,發火,起火
734	軍校	1690	2	軍事學校,軍官學校
735	轉動	1690	12	兜,團團轉,打轉,擰轉,旋
736	轉化	1690	10	中轉,倒車,轉向,轉折,轉接
737	近況	1690	5	市況,戰況,現況,盛況,路況
738	逗留	1690	14	停,停留,勾留,待,悶
739	過問	1690	2	干涉,幹預
740	道謝	1690	10	感,感恩戴德,感謝,璧謝,申謝
741	道路	1690	12	徑,程,衢,路,路徑
742	遠遠	1690	21	不遠千里,十萬八千里,千山萬水,千里迢迢,天各一方
743	金黃	1690	1	金色
744	隨後	1690	30	下,之後,事後,今後,以後
745	雙臂	1690	10	上肢,前肢,手臂,肱,胳膊
746	靈機	1690	10	心力,心機,心血,枯腸,腦
747	韓國	1690	156	不丹,中非共和國,丹麥,也門,亞美尼亞
748	音響	1690	11	動靜,濤,籟,聲,聲浪
749	骨折	1690	4	擦傷,輕傷,骨痹,鼻青臉腫
750	高低	1690	18	上下,優劣,分寸,大大小小,大小
751	工作者	1687	2	勞力,勞動力
752	蒐集	1687	13	募,募集,徵集,採,採擷
753	輪迴	1685	4	大循環,巡迴,循環,週而復始
754	科室	1683	40	候機室,候診室,候車室,分局,化妝室
755	總計	1683	16	一共,一總,一起,共,共總
756	公車	1682	13	名車,夜車,守車,專車,快車
757	致富	1682	14	創匯,夠本,扭虧為盈,掙,掙錢
758	看樣子	1681	28	察看,張,探望,收看,望
759	入庫	1680	5	入場,入境,入夜,入室,入門
760	射門	1680	2	盤球,遠射
761	葡萄酒	1680	32	一品紅,二鍋頭,五糧液,伏特加,啤酒
762	看成	1679	10	作,作為,同日而語,用作,當
763	不可避免	1678	2	在所難免,無可避免
764	摺疊	1678	4	佴,折,沁,疊
765	涵蓋	1678	21	包含,包孕,包藴,含,含有
766	直觀	1678	1	宏觀
767	改制	1677	29	切換,反手,喬裝打扮,換人,換句話説
768	本着	1676	11	對,對準,指向,挨,沿
769	玩兒	1674	16	作弄,嘲弄,惡作劇,愚,愚弄
770	發售	1673	11	出售,出賣,售,售賣,沽
771	長假	1672	16	事假,例假,公休,公假,喪假
772	多方	1669	6	多方面,多邊,多頭,大端,大舉
773	便捷	1668	43	便,便利,便當,全速,兩便
774	搞到	1668	1	整到
775	配送	1667	2	配有,配給
776	再不	1665	7	不再,不然,以便,否則,而是
777	商用	1657	28	並用,代用,備用,公用,古為今用
778	貨款	1657	23	信用,信貸,債款,價款,分期付款
779	選取	1657	21	卜,取捨,抉擇,披沙揀金,挑
780	開辦	1657	9	立,興辦,舉辦,設,設立
781	遺址	1656	3	原址,新址,舊址
782	市中心	1654	5	中環,南區,市郊,近郊,遠郊
783	國債	1651	4	三角債,內債,公債,外債
784	專業化	1651	67	一致性,乳化,二重性,人性化,企業化
785	儘早	1650	16	不久,儘先,儘快,及早,從速
786	洽談	1650	47	人大,冬運會,午餐會,博覽會,商洽
787	聆聽	1650	5	傾聽,洗耳恭聽,聆,聆取,諦聽
788	路段	1650	3	河段,沿途,波段
789	替補	1647	4	候補,增刪,挖補,遞補
790	充電器	1645	82	傳感器,冷卻器,分配器,加速器,助聽器
791	負載	1642	3	荷重,負荷,載重
792	汕頭	1639	115	上海,亳,仰光,佛山,倫敦
793	上個月	1638	2	上次,上週
794	完蛋	1638	55	一命嗚呼,上西天,下世,亡,亡故
795	寄託	1638	8	付託,依託,信託,委託,寄
796	頒佈	1637	12	公佈,宣佈,宣告,披露,揭曉
797	隨筆	1635	1	漫筆
798	博覽會	1634	42	人大,冬運會,午餐會,嘉年華會,堂會
799	中小學	1633	17	人大,保育院,分校,劍橋,夜校
800	方便麪	1630	10	冷麪,壽麪,拌麪,擔擔麪,涼皮
801	商貿	1629	6	商,商業,小本經營,生意,經貿
802	杜絕	1627	13	一掃而光,一掃而空,剪草除根,堵塞,斬草除根
803	機體	1627	1	有機體
804	華盛頓	1626	127	上海,亳,仰光,伊斯坦布爾,佛山
805	彩電	1622	7	冰櫃,微波爐,抽油煙機,有線電視,洗衣機
806	航線	1622	3	航程,航路,航道
807	合金	1617	7	有色金屬,稀有金屬,貴金屬,輕金屬,重金屬
808	貪官	1617	3	貪官污吏,贓官,饕餮之徒
809	開採	1614	4	採,採掘,採礦,開礦
810	博弈	1613	5	下棋,對局,對弈,弈,着棋
811	繪製	1611	3	作圖,打樣,繪圖
812	回升	1610	17	借屍還魂,光復,和好如初,回覆,平復
813	器件	1609	3	機件,組件,零件
814	常務	1609	17	乘務,僑務,內務,公務,劇務
815	無不	1609	5	一律,一概,個個,概,概莫能外
816	光學	1608	82	三角學,人類學,代數學,佛學,修辭學
817	差價	1608	55	代價,作價,優惠價,出價,化合價
818	幹掉	1608	7	剌,弒,殛,殺,殺死
819	蒼蠅	1608	1	蠅
820	噪聲	1605	1	噪音
821	水稻	1604	6	稻,稻子,稻穀,穀子,穀類
822	年年	1602	2	歷年,每年
823	一連串	1601	33	一系列,不一而足,不勝枚舉,不可勝數,不計其數
824	下顎	1601	2	下巴,下頜
825	不成	1601	27	不善,不好,不妙,不良,不行
826	事到如今	1601	1	事已至此
827	信仰	1601	11	信,信奉,信教,奉,宗教
828	側身	1601	5	存身,廁足,廁身,投身,置身
829	偷走	1601	13	偷,偷盜,偷竊,小偷小摸,扒竊
830	傷風	1601	4	受寒,受涼,感冒,着涼
831	兩者	1601	10	兩,兩岸,兩手,兩邊,兩面
832	冰山	1601	5	乾冰,冰排,冰晶,堅冰,積冰
833	勇者	1601	5	大丈夫,猛士,硬漢,硬骨頭,鐵漢
834	卡通	1601	4	動畫,動畫片,卡通片,漫畫
835	器材	1601	6	傢什,器,器具,器械,器物
836	回程	1601	2	歸程,規程
837	大路	1601	7	坦途,大道,康莊大道,通路,通途
838	完人	1601	17	先知,先知先覺,哲,哲人,堯舜
839	定義	1601	2	概念,界説
840	就讀	1601	1	師從
841	局面	1601	20	事態,事機,勢派,圈,局勢
842	手巾	1601	6	冪,巾,帕,手帕,手絹
843	扮演	1601	9	串,串演,去,扮,扮作
844	擂台	1601	17	主席台,前台,塔台,展台,工作台
845	擔任	1601	10	任,做,充,充任,充當
846	教徒	1601	2	信徒,善男信女
847	斧頭	1601	2	斧,斧子
848	日期	1601	1	日子
849	樹幹	1601	3	幹,株,樹身
850	樹枝	1601	5	果枝,桂枝,橄欖枝,花枝,葉枝
851	歌曲	1601	2	曲,歌
852	水泡	1601	1	漚
853	沉船	1601	4	出軌,失事,脱軌,觸礁
854	法文	1601	7	德文,拉丁文,日文,漢文,石鼓文
855	渴求	1601	4	務求,求,要求,講求
856	激光	1601	22	冷光,北極光,反光,可見光,寒光
857	激情	1601	1	豪情
858	熱辣辣	1601	19	暑,暑熱,汗如雨下,汗流浹背,火熱
859	燒賣	1601	10	三明治,春捲,椰蓉,粑粑,羊羹
860	玩笑	1601	3	噱頭,戲言,笑話
861	環節	1601	1	環
862	畫家	1601	1	畫師
863	疑似	1601	1	似是而非
864	疼痛	1601	6	作痛,火辣辣,疼,痛,觸痛
865	發問	1601	11	叩,叩問,問,問訊,問話
866	白費	1601	1	枉費
867	盔甲	1601	7	戎裝,披掛,甲冑,裝甲,軍服
868	相片	1601	5	像,影,照,照片,肖像
869	符號	1601	6	標記,標誌,符,號,記
870	等候	1601	11	伺機,佇候,俟,候,守候
871	糾纏	1601	15	嬲,死氣白賴,死皮賴臉,泡蘑菇,磨
872	純情	1601	11	動人,可人,可喜,可愛,喜人
873	翻轉	1601	12	反過來,回,扭,扭動,扭曲
874	自稱	1601	2	自命,自封
875	色情	1601	13	情竇初開,春心,春情,春意,桃色
876	茶花	1601	1	山茶
877	落下	1601	7	墜落,墮,掉,掉落,落
878	融入	1601	2	交融,相容
879	蠟筆	1601	22	亳,光筆,兔毫,兼毫,冗筆
880	行禮	1601	4	敬禮,施禮,有禮,致敬
881	衝力	1601	6	動力,威力,潛力,潛能,耐力
882	記載	1601	2	記事,記敍
883	調頭	1601	2	格調,調子
884	變臉	1601	3	一反常態,翻臉,變色
885	跨過	1601	5	橫亙,橫跨,跨,跨步,邁
886	躲避	1601	16	畏避,規避,躲閃,躲開,迴避
887	軸承	1601	5	滾動軸承,滾柱軸承,滾珠軸承,球軸承,空氣軸承
888	送禮	1601	1	送人情
889	逐一	1601	18	一一,以次,依次,各個,挨個
890	過火	1601	6	忒,矯枉過正,過分,過度,過於
891	釣魚	1601	2	垂釣,釣
892	銀色	1601	1	銀灰
893	難題	1601	9	偏題,困難,艱,苦事,難
894	面臨	1601	24	丁,中,備受,受,受到
895	頭盔	1601	7	冕,冠,冠冕,帽,帽子
896	高舉	1601	3	揚,揭,飛騰
897	鯊魚	1601	2	鮫,鯊
898	鯨魚	1601	1	鯨
899	鼻血	1601	1	尿血
900	炎症	1600	2	炎,炎性反應
901	電容	1600	1	庫容
902	莫斯科	1596	127	上海,亳,仰光,伊斯坦布爾,佛山
903	電廠	1596	18	修配廠,兵工廠,加工廠,化工廠,印刷廠
904	下崗	1595	5	失業,待業,無業,砸飯碗,賦閒
905	南非	1595	13	中亞,中南,中巴,中歐,中非
906	來信	1594	7	上書,來函,來鴻,修函,寫信
907	反過來	1594	13	回,扭,扭動,扭曲,扭轉
908	發揚	1594	5	伸張,弘揚,恢弘,揚,發揚光大
909	大臣	1593	7	大員,當道,達官,達官貴人,重臣
910	貨運	1592	16	倒運,偷運,客運,搶運,春運
911	土耳其	1591	156	不丹,中非共和國,丹麥,也門,亞美尼亞
912	本子	1591	13	冊,冊子,劇本,小冊子,本
913	滯後	1591	10	倒退,向下,後退,掉隊,江河日下
914	唐山	1590	115	上海,亳,仰光,佛山,倫敦
915	視圖	1590	19	交通圖,分佈圖,剖視圖,剖面圖,天氣圖
916	退款	1588	1	退税
917	客車	1587	9	公交車,公共汽車,大客車,山地車,巴士
918	華南	1587	9	內蒙古自治區,大西北,晉察冀,江北,江南
919	在校	1585	2	在家,在教
920	創始人	1582	6	不祧之祖,元老,奠基者,祖師,開山
921	鬼子	1582	2	洋鬼子,老外
922	浪潮	1578	3	大潮,潮,風潮
923	武警	1577	2	武裝警察,武警戰士
924	主題曲	1576	15	主題歌,九九歌,凱歌,國歌,國際歌
925	職稱	1575	6	簡稱,統稱,職銜,通稱,銜
926	被告人	1575	2	被上訴人,被告
927	不見得	1574	4	不一定,不至於,不致於,未必
928	聯網	1573	21	交接,對接,屬,接,接合
929	增長率	1572	45	佔有率,入學率,利率,勞動生產率,匯率
930	板子	1572	5	夾棍,板,械,老虎凳,鎖
931	神經病	1572	3	狂人,瘋子,精神病
932	中學生	1571	10	初中生,大學生,大專生,實習生,小學生
933	非得	1571	12	不能不,務,務必,務須,得
934	師範	1565	3	師範大學,師範學校,為人師表
935	巨星	1563	12	先達,名人,名士,名家,名宿
936	前沿	1562	5	前敵,前方,前線,戰線,火線
937	亮度	1561	41	傾斜度,光照度,剛度,力度,加速度
938	延期	1561	11	展緩,延,延緩,延遲,推
939	耕地	1561	14	佃,土地,地,大田,田
940	建國	1560	2	立國,開國
941	封殺	1556	12	仇殺,姦殺,慘殺,槍殺,濫殺
942	鴿子	1556	1	鴿
943	信託	1553	6	付託,委託,寄,寄託,託
944	矩陣	1552	4	八卦陣,敵陣,方陣,點陣
945	置業	1552	4	建功立業,成家立業,立户,立業
946	趨於	1552	2	趨,趨向
947	難點	1552	6	困難,艱,難,難處,難關
948	出遊	1551	13	周遊,巡禮,巡遊,旅遊,暢遊
949	酸奶	1551	6	煉乳,牛乳,牛奶,豆奶,酸牛奶
950	信訪	1549	8	互訪,來訪,出訪,家訪,專訪
951	多方面	1549	6	多方,多邊,多頭,大端,大舉
952	多重	1549	33	一系列,一連串,不一而足,不勝枚舉,不可勝數
953	皇冠	1549	1	王冠
954	僅供參考	1547	1	僅作參考
955	歸屬	1547	9	名下,屬,歸,歸入,百川歸海
956	麪條	1547	1	面
957	停機	1546	17	停刊,停學,停工,停手,停水
958	審理	1545	3	判案,審判,斷案
959	英鎊	1544	34	人民幣,便士,先令,刀幣,加元
960	交納	1540	8	上繳,交,呈交,完,納
961	經貿	1540	10	內貿,商,商業,商貿,外貿
962	姥姥	1539	13	助產士,外婆,外祖母,奶奶,家母
963	克隆	1538	2	仿製,仿造
964	票據	1538	9	券,單,單子,單據,契約
965	駕照	1538	1	駕駛執照
966	米飯	1537	3	白玉,白飯,飯
967	天河	1535	4	星河,河漢,銀河,銀漢
968	盤子	1534	4	物價指數,盤,行市,行情
969	特大	1533	18	偌大,大,大幅度,宏,宏大
970	通訊員	1532	2	交通,交通員
971	治癒	1530	10	大好,好,康復,愈,病癒
972	有的是	1529	32	不少,博,叢,多,多多
973	綜述	1529	9	彙總,概括,歸納,歸結,綜
974	前列	1528	4	上家,前排,前段,前站
975	表決	1528	13	仲裁,公決,定奪,定規,核定
976	口岸	1527	5	海口,海港,港,港口,港灣
977	辦案	1527	21	圍捕,批捕,抓,拘,拘傳
978	概述	1526	5	口述,簡述,自述,複述,轉述
979	第十	1526	4	第七,第九,第五,第六
980	退回	1525	18	倒退,卻步,吐出,後退,打退堂鼓
981	成年人	1523	7	丁,中年人,人,佬,壯丁
982	油田	1523	3	氣田,油氣田,煤田
983	勞務	1520	7	勞,勞動,會務,服務,校務
984	攝像	1520	10	拍,拍攝,拍照,攝,攝影
985	銜接	1520	21	交接,對接,屬,接,接合
986	農機	1519	1	農械
987	養生	1519	10	保健,保養,將息,將養,攝生
988	稀飯	1518	3	米湯,粥,糜
989	花卉	1517	5	唐花,山水畫,春宮,花木,花草
990	總局	1515	4	母公司,總公司,總店,總行
991	體育館	1515	5	圖書館,天文館,展覽館,文學館,美術館
992	實況	1513	7	事實,實,實情,實際,真情
993	一帶	1512	11	內外,前後,就地,就近,左右
994	一月	1512	4	元月,新月,正月,歲首
995	交錯	1512	3	犬牙交錯,縱橫,闌幹
996	人事	1512	17	人情,儀,性慾,情,情慾
997	份量	1512	7	份額,分量,毛重,淨重,輕重
998	伸懶腰	1512	1	伸腰
999	作嘔	1512	17	倒胃口,厭,厭惡,厭煩,嫌
1000	全都	1512	16	一總,俱,備,僉,全
1001	前者	1512	1	前端
1002	勾引	1512	10	利誘,吊胃口,啖,引蛇出洞,引誘
1003	十月	1512	3	小春,小陽春,陽春
1004	協議	1512	20	共謀,協商,合計,商,商兑
1005	受驚	1512	6	吃驚,嚇親,大吃一驚,震,震驚
1006	吞噬	1512	8	侵佔,侵吞,兼併,吞併,吞滅
1007	告白	1512	3	啓事,字帖,揭帖
1008	場景	1512	14	世面,光景,場面,容,形貌
1009	壽命	1512	3	人壽,壽,壽數
1010	大街	1512	4	街,街道,逵,馬路
1011	奉獻	1512	5	呈獻,奉,孝敬,獻,貢獻
1012	威嚴	1512	30	人高馬大,儼,儼然,八面威風,叱吒風雲
1013	完事	1512	23	一氣呵成,不負眾望,做到,到位,功德圓滿
1014	家用	1512	2	日用,生活費
1015	對得住	1512	8	不愧,問心無愧,對得起,心安理得,無愧
1016	居住	1512	9	位居,住,卜居,存身,安身
1017	差點	1512	4	差啲,險,險乎,險些
1018	年頭	1512	5	年初,新年,新春,歲首,開春
1019	引擎	1512	1	動力機
1020	形勢	1512	19	事態,事機,勢,勢派,地勢
1021	後母	1512	4	後媽,後孃,晚娘,繼母
1022	志願	1512	6	兩相情願,志,樂得,自覺,自覺自願
1023	快餐	1512	5	大餐,套餐,正餐,美餐,自助餐
1024	怨氣	1512	5	嫌怨,怨,怨尤,怨恨,怨艾
1025	情書	1512	6	介紹信,便函,公開信,死信,祝賀信
1026	惺忪	1512	29	不明,依稀,影影綽綽,微茫,恍
1027	意粉	1512	1	意大利粉
1028	慰藉	1512	7	勸慰,安慰,安撫,慰,撫
1029	應酬	1512	8	交道,交際,周旋,張羅,打交道
1030	成份	1512	2	分,成分
1031	手感	1512	34	使命感,信任感,優越感,危機感,參與感
1032	手持	1512	16	仗,執,手,拿,拿出
1033	打理	1512	2	司儀,禮賓司
1034	拋開	1512	22	丟,丟掉,丟棄,委,屏棄
1035	指出	1512	5	指明,透出,道出,道破,點明
1036	指尖	1512	5	手指,手指尾,手指頭,指,指頭
1037	搜尋	1512	19	尋,尋找,尋覓,找,找尋
1038	散步	1512	8	撒,播,播撒,散,溜達
1039	數目	1512	9	多寡,多少,數,數字,數據
1040	方位	1512	4	向,方,方向,方面
1041	時分	1512	13	上,下,天時,天道,早晚
1042	暗自	1512	29	一聲不響,不動聲色,不可告人,不聲不響,不露聲色
1043	曲線	1512	42	丙種射線,中心線,中線,乙種射線,伽馬射線
1044	有着	1512	23	不無,享,享有,保有,備
1045	民族	1512	3	中華民族,族,部族
1046	水上	1512	6	台上,地上,樓上,海上,網上
1047	清洗	1512	13	保潔,洗,洗滌,洗濯,浣
1048	火星	1512	21	主星,五星,亢,冥王星,土星
1049	熱身	1512	1	熱身運動
1050	特首	1512	6	主腦,元首,法老,領袖,首腦
1051	班機	1512	4	客機,專機,座機,戰機
1052	理應	1512	11	合宜,應,應有,應當,應該
1053	疤痕	1512	2	傷疤,傷痕
1054	痛心	1512	20	不堪回首,人琴俱亡,叫苦連天,哀痛,悲切
1055	百合	1512	1	百合花
1056	皇家	1512	8	國,宗室,王室,皇,皇室
1057	程式	1512	25	公式,分子式,各式,哥特式,噴氣式
1058	種類	1512	17	列,品目,品種,品類,型
1059	級數	1512	51	一次函數,不定根,乘數,互質數,倒數
1060	終極	1512	21	尖峯,尾聲,巔峯,最後,最終
1061	網站	1512	4	太空站,收費站,檢疫站,防疫站
1062	縱然	1512	16	不怕,便,儘管,即,即使
1063	翻去	1512	1	翻到
1064	耳筒	1512	1	耳機
1065	胡亂	1512	7	亂,亂七八糟,妄,混,濫
1066	脂肪	1512	6	油,脂,脂膏,膏,膏腴
1067	草原	1512	3	科爾沁,草地,草野
1068	螞蟻	1512	2	蚍蜉,蟻
1069	血肉	1512	10	厚誼,手足之情,深情,深情厚意,直系
1070	衣衫	1512	12	服,服裝,服飾,行裝,行頭
1071	要緊	1512	51	一言九鼎,不得了,主要,事關重大,人命關天
1072	見狀	1512	28	察看,張,探望,收看,望
1073	車輛	1512	4	車,車子,軫,輿
1074	辣椒	1512	4	柿子椒,燈籠椒,甜椒,青椒
1075	連同	1512	5	偕同,及其,夥同,會同,隨同
1076	連帶	1512	10	唇齒相依,息息相關,有關,相干,相關
1077	過山車	1512	1	雲霄飛車
1078	酒杯	1512	6	樽,白,觚,觥,觴
1079	金幣	1512	34	人民幣,便士,先令,刀幣,加元
1080	金魚	1512	2	熱帶魚,觀賞魚
1081	鍾情	1512	11	一往情深,一見傾心,一見鍾情,傾心,動情
1082	零食	1512	12	冷食,小食,流質,流食,白食
1083	電器	1512	1	電料
1084	電波	1512	2	無線電波,電磁波
1085	青色	1512	2	蒼,青
1086	面部	1512	7	臉,臉面,面,面孔,面龐
1087	類型	1512	17	列,品目,品種,品類,型
1088	風度	1512	18	丰采,儀態,勢派,威儀,容止
1089	風氣	1512	4	新風,習尚,風,風尚
1090	飯堂	1512	3	食堂,飯廳,餐廳
1091	餘地	1512	4	後手,後路,退路,逃路
1092	鸚鵡	1512	1	鸚哥
1093	點火	1512	39	作亂,作怪,作惡,作祟,唯恐天下不亂
1094	話筒	1509	2	傳聲器,微音器
1095	參見	1508	17	參拜,參照,參看,參考,參謁
1096	復出	1508	3	再現,復發,重現
1097	一陣子	1507	14	一刻,一時半刻,一會兒,不一會,俄頃
1098	有效期	1507	17	假期,刑期,同期,學期,更年期
1099	東盟	1507	4	北約,工農聯盟,歐洲共同體,歐盟
1100	對接	1506	21	交接,屬,接,接合,接通
1101	變壓器	1506	82	傳感器,充電器,冷卻器,分配器,加速器
1102	介質	1505	6	原生質,有機質,溶質,腐殖質,電介質
1103	奧斯卡	1504	3	加里波第,巴甫洛夫,諾貝爾
1104	點球	1504	1	頭球
1105	搭檔	1502	10	一行,一起,協作,合作,同路人
1106	期末	1502	19	季,底,後期,晚,晚期
1107	燃氣	1502	15	光氣,地氣,天然氣,廢氣,水煤氣
1108	吐血	1500	1	嘔血
1109	會所	1498	1	會館
1110	油耗	1498	8	煤耗,物耗,耗時,耗材,耗用
1111	洛杉磯	1498	29	卡拉奇,吉隆坡,喀土穆,喀布爾,喬治敦
1112	趣味	1498	12	天趣,志趣,情趣,意味,意思
1113	櫥櫃	1496	5	檔,櫃,櫃子,櫃櫥,櫥
1114	生活費	1496	2	家用,日用
1115	返還	1494	1	返程
1116	模擬器	1492	82	傳感器,充電器,冷卻器,分配器,加速器
1117	縣長	1492	6	保長,家長,州長,市長,村長
1118	據此	1490	13	之所以,因故,因此,因而,就此
1119	桃子	1490	1	桃
1120	航母	1490	7	巡洋艦,旗艦,炮艦,航空母艦,運輸艦
1121	顯示屏	1490	6	天幕,字幕,屏幕,熒幕,觸摸屏
1122	年報	1489	15	大字報,學報,小報,快報,戰報
1123	老孃	1489	8	助產士,外婆,外祖母,姥姥,家母
1124	支隊	1488	3	兵團,大隊,軍團
1125	運動會	1488	42	人大,冬運會,午餐會,博覽會,嘉年華會
1126	主帥	1487	12	主將,元帥,元戎,司令,司令員
1127	公證	1487	8	人證,佐證,偽證,反證,旁證
1128	大軍	1487	18	三軍,人馬,兵馬,師,戎
1129	拓寬	1485	23	加大,坦蕩,寬,寬大,寬廣
1130	美學	1485	82	三角學,人類學,代數學,佛學,修辭學
1131	陸軍	1485	17	保安隊,偵察兵,別動隊,工程兵,憲兵
1132	學子	1483	25	儒,儒生,先生,入室弟子,受業
1133	起草	1483	7	擬,擬稿,擬議,草,草擬
1134	俄國	1482	156	不丹,中非共和國,丹麥,也門,亞美尼亞
1135	溜達	1482	4	散步,轉悠,逛,遛
1136	越發	1482	14	尤其,尤為,愈,愈來愈,愈加
1137	柴油	1481	3	合成石油,汽油,輕油
1138	電動車	1480	53	三輪車,二手車,出租車,加長,包車
1139	打的	1479	7	乘坐,乘機,乘船,乘車,坐船
1140	從沒	1478	17	一無,不曾,並未,尚未,從不
1141	轉會	1478	10	中轉,倒車,轉化,轉向,轉折
1142	作物	1476	1	農作物
1143	西紅柿	1476	1	番茄
1144	轉速	1476	10	中轉,倒車,轉化,轉向,轉折
1145	租用	1475	35	並用,代用,備用,僦,公用
1146	梳理	1474	4	攏,梳,梳頭,櫛
1147	阿富汗	1474	156	不丹,中非共和國,丹麥,也門,亞美尼亞
1148	仲裁	1473	13	公決,定奪,定規,核定,決定
1149	公安部	1473	21	內政部,公安局,分部,國防部,外交部
1150	國情	1473	26	伏旱,傷情,商情,墒情,姦情
1151	基站	1473	2	分區,分站
1152	智能手機	1473	1	智能電話
1153	規範化	1473	17	人格化,僵化,優化,公式化,具體化
1154	鍋爐	1473	15	化鐵爐,地爐,太陽爐,暖爐,洪爐
1155	鑑別	1472	10	分辨,判別,甄,甄別,識別
1156	女足	1471	15	仰卧起坐,俯卧撐,抓舉,拔河,拳擊
1157	所有權	1471	39	人權,佃權,佔有權,債權,優先權
1158	接軌	1471	15	前僕後繼,前赴後繼,延續,後續,承
1159	峯會	1470	42	人大,冬運會,午餐會,博覽會,嘉年華會
1160	方程	1468	33	三角函數,二次方程,二進位,二項式,代數式
1161	秋風	1466	3	坑蒙拐騙,打秋風,抽風
1162	光電	1465	11	交流電,天電,市電,核電,水電
1163	奶牛	1464	1	乳牛
1164	移交	1464	5	交代,交割,交卸,交接,交班
1165	乒乓球	1462	1	枱球
1166	稍稍	1462	22	不怎麼,些微,些許,多多少少,多少
1167	工作日	1461	7	交易日,公休日,勞動日,地球日,植樹日
1168	責令	1460	1	責成
1169	小米	1459	5	包米,炒米,粳米,黃米,黏米
1170	憑着	1458	4	取給,吃,自恃,藉
1171	赫赫	1458	25	丕,了不起,偉,偉人,偉大
1172	妊娠	1456	5	孕,懷孕,懷胎,有喜,身懷六甲
1173	驅動程序	1455	1	驅動程式
1174	旅遊業	1454	49	出版業,副業,化工,印刷業,土建
1175	抓獲	1453	6	一網打盡,拿獲,捕獲,擒獲,破獲
1176	毫米	1453	11	光年,公分,公里,公釐,千米
1177	珠江	1453	3	長江,雅魯藏布江,鴨綠江
1178	立項	1453	1	立足
1179	離子	1453	5	中子,介子,光電子,重離子,陰離子
1180	弘揚	1452	5	伸張,恢弘,揚,發揚,發揚光大
1181	漢奸	1451	10	嘍羅,奴才,幫兇,打手,洋奴
1182	着眼	1450	11	察,察看,察言觀色,審察,洞察
1183	牽頭	1449	12	主持,主管,主辦,司,帶頭
1184	自治	1449	5	人治,收治,文治,根治,法治
1185	着實	1448	16	委,委實,實在,審,洵
1186	科普	1447	14	周邊,大,大規模,大面積,寬廣
1187	坦言	1446	1	交底
1188	嫦娥	1446	41	仙人,仙女,佳人,佳麗,傾國傾城
1189	位居	1445	18	位於,住,卜居,在,坐落
1190	大洋	1445	23	元寶,光洋,大海,大頭,汪洋大海
1191	來訪	1444	8	互訪,信訪,出訪,家訪,專訪
1192	集裝箱	1444	19	工具箱,彈藥箱,意見箱,投票箱,捐款箱
1193	工作組	1443	6	互助組,對照組,工作小組,機組,滑輪組
1194	產值	1443	16	交換價值,使用價值,保值,均值,增加值
1195	規避	1443	9	躲避,躲開,迴避,逃,逃脱
1196	路子	1443	10	不二法門,路,路徑,路數,路線
1197	泄漏	1442	7	外泄,泄露,漏風,走漏,走漏風聲
1198	開銷	1442	16	付出,出,支,支付,支出
1199	婚後	1441	3	婚前,產前,產後
1200	乘車	1439	7	乘坐,乘機,乘船,坐船,打的
1201	判處	1439	5	判刑,判罪,坐,定罪,論罪
1202	原子	1438	1	亞原子
1203	治病	1438	11	治,治療,療,看,看病
1204	唐朝	1437	33	三國,五代,元朝,先秦,兩漢
1205	麪粉	1436	2	白麪,面
1206	戰績	1435	4	戰功,武功,汗馬功勞,軍功
1207	雪山	1435	8	佛山,名山,死火山,活火山,火山
1208	扶貧	1434	11	仗義疏財,助人為樂,慷慨解囊,扶貧濟困,接濟
1209	浸泡	1434	4	泡,浸,浸入,浸漬
1210	費勁	1434	35	作難,來之不易,傷腦筋,吃力,困難
1211	索賠	1432	1	理賠
1212	跟上	1432	2	跟不上,跟進
1213	年會	1430	11	例會,全會,國會,圓桌會議,大會
1214	沒事兒	1430	4	不要緊,沒什麼,沒關係,舉重若輕
1215	考古	1430	20	人工智能,代數,化工,地理,工藝美術
1216	抗生素	1428	11	四環素,土黴素,抗毒素,新黴素,生長素
1217	紅塵	1428	14	下方,世間,人世,人間,凡
1218	股本	1427	12	基金,工本,成本,本,本金
1219	中醫藥	1426	3	中國醫藥,中藥,國藥
1220	藝術品	1426	29	備品,備用品,免税品,化學品,印刷品
1221	代理人	1425	4	代表,代辦,委託人,買辦
1222	樹脂	1425	1	環氧樹脂
1223	過生日	1424	2	做壽,做生日
1224	一線	1423	9	分寸,微小,微薄,細小,細微
1225	上流	1423	22	上,上乘,上品,上游,上等
1226	不覺	1423	6	後繼乏人,無可厚非,無家可歸,無精打採,無罪
1227	主教	1423	5	修士,修女,大主教,教主,教皇
1228	事務	1423	10	事,事宜,事情,事體,作業
1229	五行	1423	3	七十二行,三教九流,各行各業
1230	人影	1423	2	身形,身影
1231	以致	1423	8	促成,導致,引致,招,招致
1232	但願	1423	30	仰望,企,企望,企盼,冀
1233	住宅	1423	7	住房,宅,宅子,宅院,居室
1234	侍者	1423	8	侍從,侍應生,夥計,女招待,扈從
1235	保住	1423	1	保本
1236	保佑	1423	4	佑,呵護,庇佑,蔭庇
1237	傳媒	1423	3	傳播媒介,傳播媒體,媒體
1238	儀態	1423	23	丰采,人品,儀,儀容,儀表
1239	兩旁	1423	14	一旁,外緣,幹,旁,旁邊
1240	公民	1423	20	人民,全員,全民,國民,平民
1241	冰凍	1423	7	冷凍,冷凝,凍,凍結,凝凍
1242	出任	1423	10	任,做,充,充任,充當
1243	前所未有	1423	11	亙古未有,前所未見,前無古人,劃時代,史無前例
1244	勝負	1423	4	勝敗,成敗,輸贏,高下
1245	南瓜	1423	2	倭瓜,番瓜
1246	占卜	1423	3	佔,卜,筮
1247	原子筆	1423	1	圓珠筆
1248	原理	1423	6	公例,公理,公設,常理,法則
1249	受害人	1423	3	事主,受害者,被害人
1250	受過	1423	2	受罰,抵罪
1251	叮囑	1423	6	交代,叮,叮嚀,囑,囑咐
1252	可笑	1423	5	噴飯,好笑,捧腹,笑掉大牙,貽笑大方
1253	吊帶	1423	1	吊襪帶
1254	同等	1423	25	一,一如既往,一律,一模一樣,一樣
1255	名詞	1423	9	介詞,代詞,副詞,助詞,動詞
1256	吶喊	1423	15	叫喊,叫喚,叫嚷,叫號,呼
1257	商店	1423	21	企業,公司,合作社,商家,商廈
1258	嘉賓	1423	2	雀,麻雀
1259	因果	1423	3	因果報應,報,報應
1260	地勤	1423	5	內勤,外勤,後勤,戰勤,空勤
1261	場合	1423	4	場地,場所,場院,處所
1262	填補	1423	17	上,互補,加,填空,增補
1263	大自然	1423	10	六合,天地,天體,宇,宇宙
1264	天文台	1423	1	氣象台
1265	如同	1423	13	似,似乎,像,好似,如
1266	孤兒	1423	2	孤,遺孤
1267	學位	1423	4	學銜,官銜,軍銜,軍階
1268	家底	1423	9	傢俬,家事,家業,家產,家當
1269	寶玉	1423	1	琳
1270	專家	1423	7	土專家,大家,大方,學家,學者
1271	山坡	1423	1	阪
1272	帶路	1423	11	先導,前導,嚮導,導,帶
1273	年少	1423	11	少壯,年紀輕輕,年輕,年輕氣盛,年青
1274	幽靈	1423	6	亡靈,亡魂,在天之靈,幽魂,陰魂
1275	強逼	1423	14	催逼,勒,勒逼,強使,強求
1276	律師	1423	3	辯士,辯護人,辯護士
1277	心地	1423	42	中心,內心,六腑,器量,寸心
1278	性情	1423	11	人性,心性,性,性格,性氣
1279	恐嚇	1423	7	唬,嚇,嚇唬,威嚇,恫嚇
1280	悄悄	1423	39	一聲不響,不動聲色,不可告人,不絕如縷,不聲不響
1281	想見	1423	18	審度,度,忖度,想,想來
1282	意大利粉	1423	1	意粉
1283	懷孕	1423	5	妊娠,孕,懷胎,有喜,身懷六甲
1284	打圓場	1423	11	勸和,和稀泥,圓場,息事寧人,排解
1285	把持	1423	12	佔,佔據,壟斷,專,把
1286	接吻	1423	4	吻,親,親吻,親嘴
1287	搖搖	1423	12	偏移,搖,搖動,搖撼,搖頭
1288	擅自	1423	15	不管三七二十一,人身自由,任性,任意,即興
1289	操行	1423	9	品德,品性,品格,品行,德
1290	收服	1423	6	伏,折服,服,降,馴
1291	效應	1423	18	作用,力量,功力,功效,功用
1292	教室	1423	2	課室,講堂
1293	日報	1423	15	大字報,學報,小報,年報,快報
1294	晚裝	1423	10	中山裝,古裝,奇裝異服,女裝,學生裝
1295	會計	1423	5	先生,出納,出納員,成本會計,會計師
1296	槍聲	1423	10	忙音,怨聲,掌聲,林濤,歌聲
1297	標誌	1423	9	標明,標示,標記,符,符號
1298	標題	1423	3	題,題名,題目
1299	此處	1423	4	此,此地,這裏,這邊
1300	歲數	1423	11	年,年事,年歲,年紀,年華
1301	比利時	1423	156	不丹,中非共和國,丹麥,也門,亞美尼亞
1302	氣喘	1423	3	哮喘,喘,喘氣
1303	沉思	1423	26	動腦筋,合計,尋味,尋思,心想
1304	法例	1423	7	刑名,律,法,法律,法網
1305	涉及	1423	12	事關,幹,提到,旁及,波及
1306	港股	1423	4	支票,期票,火車票,空頭支票
1307	湧出	1423	8	冒出,出現,應運而生,油然而生,起
1308	滑落	1423	8	剝落,墮入,散落,欹,脱落
1309	漩渦	1423	2	渦,渦流
1310	潛入	1423	20	乘虛而入,入,入院,切入,扎
1311	火柴	1423	2	洋火,自來火
1312	烏雲	1423	10	天昏地暗,浮雲,白雲,陰,陰天
1313	無意中	1423	1	唔覺意
1314	煙霧	1423	2	煙,雲煙
1315	熱血	1423	24	丹心,公心,實心實意,心腹,忠心
1316	燒烤	1423	17	宣腿,海蜒,涮羊肉,火腿,烤鴨
1317	牆角	1423	1	死角
1318	牙齒	1423	2	牙,齒
1319	產地	1423	19	僻地,兩地,半殖民地,原產地,場地
1320	留底	1423	3	留一手,留後手,留餘地
1321	病情	1423	1	病況
1322	盾牌	1423	4	幹,櫓,盾,藤牌
1323	研發	1423	1	研製
1324	科目	1423	4	學科,教程,課,課程
1325	突擊	1423	4	加班,欲擒故縱,閃擊,開快車
1326	箭步	1423	3	健步,台步,舞步
1327	綁匪	1423	5	偷獵者,叛匪,悍匪,慣匪,股匪
1328	罪孽	1423	12	作孽,冤孽,孽,彌天大罪,滔天大罪
1329	義氣	1423	40	傾心,實心,實心實意,懇切,懇摯
1330	耀眼	1423	9	刺眼,奪目,明晃晃,炫目,燦爛
1331	聯想	1423	6	感想,暗想,暢想,構想,轉念
1332	舉例	1423	4	比喻,比方,譬,譬喻
1333	舞台	1423	1	戲台
1334	葬禮	1423	7	公祭,剪綵,喪禮,祭禮,閉幕式
1335	血色	1423	2	天色,膚色
1336	褲子	1423	3	下身,小衣,褲
1337	設施	1423	5	裝備,裝具,裝置,設備,配備
1338	該死	1423	13	可恨,可惡,可鄙,惱人,死仔
1339	課本	1423	5	教本,教材,教科書,講義,讀本
1340	警署	1423	7	公安局,公安部,巡捕房,派出所,警察局
1341	費用	1423	10	支出,用,用費,用項,花消
1342	越過	1423	5	穿,穿越,穿過,通過,過
1343	身分	1423	10	位,位置,品質,地位,成色
1344	車上	1423	1	車頭
1345	軍人	1423	4	兵,兵家,武人,武夫
1346	辭典	1423	5	事典,字典,百科全書,藥典,詞典
1347	農場	1423	34	主場,停機坪,停車場,客場,射擊場
1348	逝去	1423	2	歸去,駛去
1349	過關	1423	7	及格,合格,夠格,沾邊,通關
1350	適中	1423	43	不大不小,不為已甚,中,中型,中小
1351	鄰居	1423	8	左鄰右舍,比鄰,街坊,鄉鄰,鄰人
1352	鍵盤	1423	6	撥號盤,油盤,涼碟,茶盤,託盤
1353	鐘樓	1423	2	塔樓,鼓樓
1354	長度	1423	3	尺寸,長,長短
1355	門牙	1423	2	大牙,門齒
1356	閃光燈	1423	41	信號燈,冰燈,吊燈,壁燈,太陽燈
1357	開花	1423	8	怒放,放,盛開,綻,綻放
1358	開關	1423	3	電鈕,電鍵,電門
1359	關懷	1423	8	眷顧,關切,關心,關愛,關懷備至
1360	防備	1423	15	以防萬一,備,嚴防,戒,戒備
1361	防火牆	1423	2	擋風牆,風火牆
1362	院長	1423	14	列車長,司務長,庭長,廠長,所長
1363	電池	1423	2	乾電池,電池組
1364	風雷	1423	3	悶雷,春雷,沉雷
1365	餘下	1423	6	下剩,剩下,剩餘,多餘,盈餘
1366	傳染病	1421	118	乙腦,乳腺炎,低燒,佝僂病,內斜視
1367	提速	1420	3	來潮,漲價,漲潮
1368	典範	1418	14	則,師,指南,旗幟,楷
1369	手寫	1418	1	手記
1370	貨源	1418	20	傳染源,光源,兵源,客源,水源
1371	國際貿易	1417	3	世界貿易,國外貿易,外貿
1372	收視率	1417	35	佔有率,入學率,利率,勞動生產率,匯率
1373	飛行員	1417	1	試飛員
1374	微生物	1416	2	動物,植物
1375	親友	1416	2	親朋,親朋好友
1376	事蹟	1415	3	史事,紀事,遺事
1377	婷婷	1413	30	一表人才,傾國傾城,傾城傾國,冰肌玉骨,冶容
1378	亞太	1411	14	中東,北歐,北非,南亞,南歐
1379	圖文	1411	2	專文,文案
1380	電子版	1411	8	修訂本,修訂版,出版物,初版,原版
1381	總線	1407	22	主幹線,主線,交通線,傳輸線,內線
1382	工業區	1406	46	住宅區,佔領區,分佈區,區內,國統區
1383	總價	1406	55	代價,作價,優惠價,出價,化合價
1384	自來水	1406	28	井水,枯水,死水,污水,活水
1385	二手車	1405	53	三輪車,出租車,加長,包車,區間車
1386	恨不得	1405	17	企足而待,夢寐以求,巴不得,恨鐵不成鋼,望子成龍
1387	緬甸	1405	156	不丹,中非共和國,丹麥,也門,亞美尼亞
1388	過日子	1405	9	吃飯,安家立業,度日,生活,衣食住行
1389	遙控器	1405	82	傳感器,充電器,冷卻器,分配器,加速器
1390	塗抹	1404	11	上,刷,塗,塗鴉,外敷
1391	底盤	1404	9	寶座,底座,座,座子,插座
1392	流淌	1404	5	橫流,注,流,流動,淌
1393	供需	1401	1	供求
1394	午後	1401	3	下午,下半天,下半晌
1395	劑量	1400	42	價值量,儲藏量,儲量,儲電量,分子量
1396	化肥	1400	1	化學肥料
1397	元寶	1399	14	光洋,大洋,大頭,洋,洋錢
1398	大選	1398	9	初選,改選,普選,民選,直選
1399	參與者	1397	1	參賽者
1400	漂流	1397	23	亂離,四海為家,懸浮,氽,泛
1401	用量	1394	1	使用數量
1402	用人	1393	1	用工
1403	教主	1392	5	主教,修士,修女,大主教,教皇
1404	普查	1392	2	破案,追查
1405	頭銜	1392	3	職稱,職銜,銜
1406	外商	1391	16	供應商,出口商,出版商,官商,廠商
1407	奧林匹克	1390	2	奧運,奧運會
1408	方向盤	1390	1	舵輪
1409	葡萄牙	1390	156	不丹,中非共和國,丹麥,也門,亞美尼亞
1410	金子	1390	2	金,黃金
1411	下月	1388	3	下一步,下半年,下週
1412	豆瓣	1388	4	菽,豆,豆子,豆類
1413	學生會	1386	22	三合會,互助會,公會,協會,同學會
1414	影迷	1386	9	戲迷,書迷,棋迷,樂迷,歌迷
1415	展覽會	1384	42	人大,冬運會,午餐會,博覽會,嘉年華會
1416	血清	1384	8	淋巴球,白血球,紅細胞,紅血球,血小板
1417	強有力	1383	23	一往無前,人多勢眾,兵不血刃,兵強馬壯,勁
1418	廳長	1382	19	司法部長,司長,國防部長,外交部長,外相
1419	本部	1381	8	基地,大本營,寨,營,營地
1420	高新技術	1381	1	高科技
1421	規章	1380	6	例,典章,條例,條條,章
1422	戰鬥機	1379	2	殲擊機,驅逐機
1423	世錦賽	1378	3	世界盃,亞運會,亞錦賽
1424	原著	1378	4	專著,論著,譯著,閒文
1425	測算	1377	34	乘除,划算,匡,匡算,合算
1426	當即	1377	25	即,即刻,即時,及時,就
1427	華語	1377	4	中文,國文,國語,漢語
1428	烏克蘭	1376	156	不丹,中非共和國,丹麥,也門,亞美尼亞
1429	華僑	1376	4	外僑,歸僑,海外僑胞,難僑
1430	冰淇淋	1375	1	冰激凌
1431	書畫	1375	4	冊頁,墨寶,字畫,翰墨
1432	前不久	1374	10	以來,多年來,新近,日前,最近
1433	單片機	1374	1	終端機
1434	曲目	1374	2	戲目,戲碼
1435	烹飪	1374	2	烹,烹調
1436	全天	1373	1	半日
1437	奶媽	1373	2	乳母,奶孃
1438	成功率	1373	35	佔有率,入學率,利率,勞動生產率,匯率
1439	海拔	1372	1	高程
1440	定金	1371	9	助學金,救濟金,滯納金,獎學金,聘金
1441	磁帶	1371	10	光盤,光碟,唱片,唱盤,影碟
1442	抽空	1370	3	偷空,偷閒,忙裏偷閒
1443	押金	1369	6	代金,定錢,獎金,紅包,貼水
1444	體育場	1368	2	操場,運動場
1445	戰機	1367	4	客機,專機,座機,班機
1446	嚮導	1366	11	先導,前導,導,帶,帶路
1447	民航	1364	6	歸航,直航,續航,護航,返航
1448	用工	1364	1	用人
1449	盜竊	1363	13	偷,偷盜,偷竊,偷走,小偷小摸
1450	紡織品	1363	10	副產品,工業品,拳頭產品,林產品,民品
1451	下山	1362	2	下地,下鄉
1452	外交部	1362	14	內政部,公安部,分部,國防部,工業部
1453	年限	1362	6	定期,時限,期,期限,為期
1454	戰鬥力	1362	2	生產力,購買力
1455	文集	1362	10	全集,專集,小冊子,影集,文選
1456	標明	1362	6	標,標出,標號,標誌,號
1457	連續劇	1362	32	傳奇,古裝戲,吉劇,啞劇,喜劇
1458	吹牛	1361	7	口出狂言,吹,吹牛皮,大言不慚,詡
1459	礦業	1361	49	出版業,副業,化工,印刷業,土建
1460	音樂會	1361	1	演唱會
1461	邊框	1360	1	框
1462	代言人	1359	2	喉舌,發言人
1463	向着	1358	5	偏向,偏袒,偏護,左右袒,左袒
1464	儒家	1357	2	佛家,墨家
1465	評判	1356	9	判,考評,裁判,評,評定
1466	上月	1355	1	半月
1467	違章	1355	1	犯規
1468	門窗	1355	1	窗門
1469	五金	1354	3	大五金,小五金,金屬
1470	綠地	1354	3	綠茵,草地,草坪
1471	乃是	1353	8	便是,即,實屬,就是,就是説
1472	名家	1353	12	先達,名人,名士,名宿,名流
1473	時而	1353	33	一下,一下子,一剎那,一念之差,一時間
1474	礦山	1352	8	佛山,名山,死火山,活火山,火山
1475	機理	1351	7	哲理,學理,樂理,生理,病理
1476	減免	1351	1	減輕
1477	作案	1350	11	不軌,以身試法,作奸犯科,冒天下之大不韙,圖謀不軌
1478	國度	1350	5	國,國家,江山,社稷,邦
1479	裝配	1350	1	配
1480	擴容	1349	2	擴建,擴編
1481	海內外	1349	19	世,世上,世界,中外,五洲
1482	老闆娘	1348	4	小業主,業主,老闆,財東
1483	衚衕	1348	3	巷,弄堂,里弄
1484	警示	1348	4	以儆效尤,告誡,警告,警戒
1485	製藥	1347	3	製毒,製片,製衣
1486	責任心	1347	6	事業心,同情心,愛國心,歡心,自尊心
1487	預示	1347	4	主,兆,預兆,預告
1488	演練	1345	5	彩排,排,排戲,排演,排練
1489	剖析	1344	8	分析,剖,剖解,析,條分縷析
1490	執業	1343	3	受業,投師,拜師
1491	抽查	1343	7	備查,巡查,待查,查哨,清查
1492	晚報	1343	15	大字報,學報,小報,年報,快報
1493	清代	1343	33	三國,五代,元朝,先秦,兩漢
1494	高額	1343	15	儲蓄額,全額,名額,員額,大額
1495	院子	1341	3	天井,庭,庭院
1496	問世	1340	1	出版
1497	櫃子	1340	5	檔,櫃,櫃櫥,櫥,櫥櫃
1498	消費品	1340	3	必需品,日用品,用品
1499	使館	1339	2	分館,大使館
1500	通訊錄	1339	3	同學錄,名錄,啓示錄
1501	好奇心	1338	1	平常心
1502	定量	1338	42	價值量,儲藏量,儲量,儲電量,分子量
1503	專業知識	1338	1	專門知識
1504	醬油	1336	7	番茄醬,花生醬,蝦醬,豆醬,辣椒醬
1505	風景區	1336	46	住宅區,佔領區,分佈區,區內,國統區
1506	收看	1335	28	察看,張,探望,望,目
1507	當着	1335	13	光天化日,公之於世,公然,公諸於世,公開
1508	軍方	1335	10	中,勞方,女方,官方,對方
1509	丈夫	1334	16	人夫,先生,士,壯漢,夫
1510	上當	1334	4	上鈎,冤,受騙,矇在鼓裏
1511	下一步	1334	3	下半年,下月,下週
1512	下載	1334	1	鍵入
1513	不至於	1334	4	不一定,不致於,不見得,未必
1514	人身	1334	16	人體,真身,肉身,肉體,肌體
1515	企業	1334	20	公司,合作社,商家,商店,商廈
1516	保釋	1334	12	假釋,出獄,放,放出,放走
1517	偷窺	1334	10	偷看,偷眼,探頭探腦,窺,窺伺
1518	傷者	1334	4	傷員,傷殘人員,傷病員,傷號
1519	入會	1334	3	入世,入藥,入黨
1520	冤枉	1334	20	冤,冤屈,含冤,坑,坑害
1521	分辨	1334	13	分辯,判別,甄,甄別,識別
1522	北海道	1334	115	上海,亳,仰光,佛山,倫敦
1523	卡片	1334	1	卡
1524	原意	1334	2	本心,本意
1525	句號	1334	14	冒號,分號,問號,圈,專名號
1526	可悲	1334	21	傷心,傷悲,傷感,哀,哀傷
1527	右下方	1334	6	右上方,右上角,左上方,左上角,左下方
1528	呼喚	1334	12	傳喚,叫,召,召喚,呼
1529	哽咽	1334	12	吞聲,哭泣,啜泣,嗚咽,幽咽
1530	嘆息	1334	7	唉聲嘆氣,嗟嘆,嘆,嘆氣,噓
1531	回望	1334	3	反觀,反顧,回顧
1532	地毯	1334	4	壁毯,掛毯,毛毯,線毯
1533	堅挺	1334	13	壁立,屹,屹立,峙,挺立
1534	增收	1334	3	增添,增訂,增設
1535	大好	1334	62	上好,不含糊,不錯,了不起,交口稱譽
1536	套衫	1334	9	文化衫,棉毛衫,棉襖,海魂衫,滑雪衫
1537	套裝	1334	9	制服,和服,套服,官服,工作服
1538	好手	1334	29	一把手,上手,健將,內行,名手
1539	妖氣	1334	2	帥氣,流裏流氣
1540	學費	1334	29	保管費,保護費,保費,加班費,勞務費
1541	小動作	1334	2	動作,手腳
1542	小鳥	1334	7	禽,雀仔,雛鳥,飛禽,鳥
1543	工程	1334	2	工,工事
1544	差別	1334	10	出入,別,區別,千差萬別,反差
1545	平平	1334	9	不怎麼樣,不過如此,凡,尋常,平凡
1546	年級	1334	3	小班,班級,班組
1547	弟子	1334	15	入室弟子,初生之犢,受業,子弟,學子
1548	彎腰	1334	2	哈腰,折腰
1549	思索	1334	26	動腦筋,合計,尋味,尋思,心想
1550	怪人	1334	2	怪物,怪胎
1551	懂事	1334	2	通竅,開竅
1552	手緊	1334	15	一毛不拔,吝嗇,嗇,小兒科,小手小腳
1553	打劫	1334	22	劫,劫奪,劫掠,奪,奪走
1554	招惹	1334	14	勾,喚起,引,引起,引逗
1555	指引	1334	13	先導,前導,嚮導,因勢利導,導
1556	掉轉	1334	12	反過來,回,扭,扭動,扭曲
1557	接手	1334	5	接,接任,接替,接班,繼任
1558	推論	1334	18	審度,度,忖度,想,想來
1559	放膽	1334	1	放血
1560	散落	1334	20	分散,分流,剝落,墮入,天女散花
1561	斷氣	1334	47	一命嗚呼,上西天,下世,亡,亡故
1562	旋風	1334	1	羊角
1563	木板	1334	10	三合板,刨花板,擾流板,石板,硬紙板
1564	木馬	1334	30	七巧板,假面具,吊環,單槓,地黃牛
1565	松鼠	1334	1	灰鼠
1566	構思	1334	28	動腦筋,合計,尋味,尋思,心想
1567	款式	1334	7	式,式樣,形式,樣式,樣款
1568	殺傷力	1334	22	免疫力,判斷力,創造力,學力,影響力
1569	比如	1334	28	仍,以,以資,例如,依
1570	永別	1334	47	一命嗚呼,上西天,下世,亡,亡故
1571	求情	1334	6	緩頰,美言,討情,説情,説項
1572	消除	1334	42	免,免去,免掉,免除,剪除
1573	火花	1334	7	火柱,火焰,火舌,火苗,火頭
1574	照應	1334	16	前呼後應,呼應,對應,對號入座,招呼
1575	牽涉	1334	12	帶累,愛屋及烏,拉,拉扯,拖累
1576	王者	1334	27	上,主公,九五之尊,五帝,可汗
1577	瑞士	1334	156	不丹,中非共和國,丹麥,也門,亞美尼亞
1578	登場	1334	11	上,上台,上場,出台,出場
1579	發抖	1334	14	哆嗦,寒噤,寒戰,寒顫,戰慄
1580	白衣	1334	27	單衣,囚衣,壽衣,夾襖,婚紗
1581	直角	1334	17	交角,仰角,俯角,內角,同位角
1582	知己	1334	40	不分彼此,促膝,千絲萬縷,可親,如膠似漆
1583	短訊	1334	1	簡訊
1584	破綻	1334	17	千瘡百孔,尾巴,敗,敝,漏洞
1585	碰到	1334	13	撞,撞見,相見,相逢,相遇
1586	社長	1334	14	列車長,司務長,庭長,廠長,所長
1587	等同	1334	25	一,一如既往,一律,一模一樣,一樣
1588	累積	1334	8	攢,積,積攢,積澱,積累
1589	終審	1334	10	一審,二審,公審,原判,原審
1590	終究	1334	20	到底,到頭來,卒,好不容易,好容易
1591	絕技	1334	12	一技之長,兩下子,奇絕,專長,拿手好戲
1592	絕育	1334	1	晚育
1593	線條	1334	2	線,線段
1594	缺口	1334	2	裂口,豁口
1595	美人魚	1334	25	元魚,土鯪魚,帶魚,文昌魚,梭魚
1596	美食	1334	3	佳餚,珍饈,美味
1597	翌日	1334	7	明,明天,明日,明朝,次日
1598	聊天	1334	21	侃,侃侃,傾計,扯,拉
1599	聖誕樹	1334	26	七葉樹,冬青,月桂樹,木菠蘿,杉樹
1600	肉眼	1334	7	目,眸子,眼,眼眸,眼睛
