literal	pos	family	voice	note	verdict_note
澤	n				
第二次	n,r				
義	n				
食得	v				
鬍	n				
最好的	a				
還不	u				副+否截斷
以外	x				
你當	u				人稱+動截斷
偏	a,r				
做緊	v				
全班	n				
兩人	n,x				
厲害	a				
只得	r,v				
星球	n				
當堂	r				
看着	v				
腳腳	n				
說服	v				
車頭	n				
道門	n				
鐵閘	n				
靈兒	n				
喫了	v				
全市	n				
什麼樣	a,x				
一滴	n,x				
不時	r				
五個	x				
依句	u				罕／截斷不明
個名	n				
到會	v				
前後	n,r				
半空	n				
呢邊	x				
器	n				
嚇親	v				
在場	a,v				
小說	n				
思語	n				
性奴	n				
挑	v				
搵錢	v				
有陣	r				
條褲	n				
異	a				
第二朝	n,r				
英國	n				
訓醒	v				
雪條	n				
我都	u				人稱+副截斷
要麼	x				
和你	u				介+人稱截斷
你也	u				人稱+副截斷
寫的	u				動+的截斷
咱	x				
下集	n				
后	n,x				
吳	n				
地標	n				
失落	a,v				
好易	a				
好比	r,v				
我企	u				人稱+動截斷
會點	u				能願+疑問截斷
淨	a,r				
清晰	a				
湧	v				
獸	n				
當你	u				動+人稱截斷
白眼	n,v				
突	a,v				
罵	v				
良	a				
行入	v				
詳細	a				
誠	a,n				
豬豬	n				
貞	a,n				
遠處	n				
高人	n				
高大	a				
黑衣人	n				
沒關係	a,x				
本站	n				
卻是	r,x				
但我	u				連+人稱截斷
傳黎	v				
其餘	x				
叔	n				
品	n,v				
大件事	n				
好悶	a				
就當	v				
山窿	n				
收拾	v				
晏	a				
濫	a				
緊緊	a,r				
船船	n				
虛線	n				
賭	v				
鑊	n				
頓時	r				
食到	v				
首歌	n,x				
黐線	a,v				
點講	v,x				
早就	r				
兩個人	n				
似的	x				
三日	n,x				
個鐘	n				
出自	v				
嗰日	n,x				
小巴	n				
急急腳	r				
我邊	u				人稱+疑問截斷
無幾耐	r				
真㗎	a,x				
眼角	n				
穎	n				
義工	n				
茹	n				
訓覺	v				
說罷	v				
預	v				
淘寶	n,v				
利於	v,x				
日誌	n				
人爲	a,n				
世伯	n				
人話	n				
伊曼	n				
侯	n				
倆	x				
冷笑	n,v				
半個	x				
同小貞	u				介+專名截斷
多事	a,v				
女友	n				
她們	x				
希仔	n				
我身	u				人稱+名截斷
揪	v				
收皮	v				
曾	n,r				
有條	u				存現+量截斷
校園	n				
煮飯	v				
玩家	n				
神仙	n				
翹	v				
脾	n				
迷	a,n,v				
避	v				
重覆	v				
阿金	n				
頹	a				
他是	u				人稱+係截斷
了嗎	x				
也能	u				副+能願截斷
這款	x				
西安	n				
不及	r,v				
主	n,v				
事後	n,r				
人知	u				名+動截斷
即將	r				
合格	a,v				
嗰邊	x				
塊面	n				
大半	n,r				
娟	n				
往往	r				
成間	x				
晨哥	n				
杏堂	n				
條仔	n				
硬係	r				
裏邊	n,x				
願	n,v				
類	n				
食煙	v				
說的	u				動+的截斷
一架	x				
人同	u				名+介／連截斷
再用	r,v				
半個鐘	n				
右行	n,v				
咗一聲	u				完成+動量截斷
咗線	u				完成+名截斷／不明
嘉穎	n				
尚健	n				
悠悠	a,r				
情景	n				
我食	u				人稱+動截斷
搖頭	v				
有排	r				
每一次	r,x				
法律	n				
浪漫	a				
狀	n				
群	n,x				
膠袋	n				
街市	n				
講呀	v,x				
豪	a,n				
身高	n				
閒	a				
陽具	n				
頂唔順	v				
主板	n				
多少錢	n,x				
看你	u				動+人稱截斷
又有	u				副+動截斷
纔會	r,v				
顯卡	n				
片子	n				
更爲	r				
一舊	x				
側邊	n,x				
六點	n,x				
別人	n,x				
咸	a				
妥	a				
小木魚	n				
嶺	n				
幾大	a,r				
攤	n,v				
正想	v				
甜蜜	a				
糖糖	n				
貪	v				
這些	x				
溫	a,n,v				
簡歷	n				
本網	n				
這麼多	a,r,x				
爲人	n,v				
比我	u				介+人稱截斷
審核	n,v				
一粒	x				
一腳	n,x				
也在	u				副+介截斷
別	a,r,v,x				
士多啤梨	n				
好熱	a				
守衛	n,v				
完飯	v				
市	n				
幾句	n,x				
心底	n				
感應	n,v				
慘叫	n,v				
我想問	u				主謂短語截斷
手手	n				
捧	v				
播	v				
敏	a,n				
日常	a,n				
條路線	n				
紅綠燈	n				
網	n,v				
蕩	v				
詠	n,v				
資訊	n				
跳樓	v				
辣	a				
阿志	n				
黑妹	n				
歲的	u				歲+的碎片
在此	r,x				
沒有什麼	x				
青島	n				
廈門	n				
說是	u				動+係截斷
或是	x				
模板	n				
和我	u				介+人稱截斷
一對	n,x				
一於	r				
乜事	n,x				
人心	n				
以及	x				
保安	n,v				
唔只	r				
唯獨	r				
堅定	a,v				
好煩	a				
實際上	r				
廿	x				
思講	u				動+動截斷／不明
我並	u				人稱+副截斷
打交	v				
求救	v				
狠	a				
玩緊	v				
痾	v				
白雪	n				
瞪	v				
講句	v				
足以	r,v				
錯愕	a				
雙方	n				
江蘇	n				
是指	v				
那就是	x				
首頁	n				
把我	u				介+人稱截斷
還得	r,v				
很高	a				
將在	u				副+介截斷
九點	n,x				
全程	n,r				
咗件	u				完成+量截斷
嘢講	u				名+動截斷
噠	x				
夫人	n				
常	a,r				
張彥	n				
成條	x				
捲	v				
殘	a				
每一	x				
禁	n,v				
突如	u				突如其來截斷
緩緩	r				
羨慕	v				
般	x				
黑人	n				
出臺	n,v				
分爲	v				
大連	n				
職工	n				
每個人	n,x				
全省	n				
賬戶	n				
較爲	r				
請您	v				
一會	n,r				
一絲	n,x				
人講	u				名+動截斷
他在	u				人稱+介截斷
停手	v				
全場	n				
八點	n,x				
前方	n				
包包	n				
士	n				
巴黎	n				
彷彿	r,v				
愛我	u				動+人稱截斷
抑或	x				
搖搖頭	v				
旗袍	n				
晴晴	n				
欣	a,n				
漫	a,v				
留言	n,v				
眉	n				
睇醫生	v				
纏	v				
訓教	v				
話晒	v				
講個	u				動+量截斷
踢波	v				
阿公	n				
我看	u				人稱+動截斷
也很	u				副連用截斷
等着	v				
是從	u				係+介截斷
黨的	u				名+的截斷
是不	u				係+否截斷
是誰	x				
說說	v				
上了	v				
一段時間	n				
一大堆	n,x				
何	x				
在乎	v				
大鑊	n				
好慘	a				
實力	n				
提碑	u				罕／不明
播放	n,v				
星月	n				
猜	v				
知講	u				動+動截斷
總是	r				
美麗	a				
聽朝	n,r				
英	a,n				
豪仔	n				
開聲	v				
電筒	n				
老百姓	n				
要有	u				能願+動截斷
下了	v				
改爲	v				
一吓	r,x				
人群	n				
哩樣	x				
嗰間	x				
回事	n				
墊	n,v				
大班	n				
我過	u				人稱+動截斷
朵	x				
沈	n,v				
沙灘	n				
磨擦	n,v				
籃	n				
茶點	n				
要講	v				
車轆	n				
轉眼	r,v				
返入	v				
達	n,v				
高級	a				
版主	n				
開發商	n				
沒錢	a,v				
你有	u				人稱+動截斷
手裏	n				
溼潤	a				
較高	a				
做什麼	v,x				
一臺	x				
一同	r				
三點	n,x				
上行	n,v				
中指	n				
依件	x				
入邊	n,x				
冇計	a,v				
北山	n				
嘔心	a				
嘥	v				
嘴巴	n				
大笨象	n				
安	a,n,v				
小心翼翼	a,r				
己	x				
打波	v				
機機	n				
波鞋	n				
理所當然	a,r				
穩	a				
行返	v				
衝入	v				
親眼	r				
運營	n,v				
重心	n				
阿信	n				
隨手	r				
難受	a				
雪白	a				
靈力	n				
食食	v				
鳳凰	n				
瀏覽器	n				
我市	n				
還行	a				
好不好	a,x				
那時候	n,r				
湖南	n				
後臺	n				
的新	u				的+形截斷
很好的	a				
讓她	u				使役+人稱截斷
倒數	n,v				
先有	u				副+動截斷
再加	v				
刷牙	v				
前行	v				
單嘢	n				
好多嘢	n				
孫仔	n				
就夠	a,r				
展文	n				
心怡	a,n				
棉花	n				
棟	n,x				
特殊	a				
畢	n,v				
睇法	n				
窒	v				
胸前	n				
著著	a,r				
親手	r				
貧	a				
起個	u				動+量截斷
醜怪	a				
鍚	n				
阿傑	n				
雙腿	n				
離遠	a,v				
年的	u				名+的截斷
