rank	head	essay_frequency	direct_syn_tails
501	不懷好意	740	0
502	優先發展	740	0
503	東南西北	740	1
504	標點符號	740	1
505	節約能源	740	0
506	移動設備	738	0
507	精神面貌	738	0
508	男女平等	737	0
509	光合作用	736	1
510	勞動模範	735	1
511	換位思考	735	0
512	筋疲力盡	735	0
513	退伍軍人	735	0
514	馬列主義	735	1
515	喜新厭舊	734	1
516	天下無敵	734	0
517	閃閃發光	734	0
518	互相幫助	733	0
519	出版日期	733	0
520	審美疲勞	733	0
521	教育制度	733	0
522	不可抗力	732	0
523	不得其解	732	0
524	來電顯示	732	0
525	行雲流水	732	1
526	輕鬆愉快	732	0
527	重出江湖	731	0
528	黑客帝國	731	0
529	喃喃自語	730	0
530	有感而發	730	0
531	用武之地	730	1
532	優勝劣汰	729	0
533	功能模塊	729	0
534	泣不成聲	729	0
535	一脈相承	728	1
536	初來乍到	728	0
537	嶄露頭角	728	0
538	副總經理	727	0
539	慈善機構	725	0
540	自我介紹	725	0
541	上皮細胞	724	0
542	利益衝突	724	0
543	國際新聞	724	0
544	心理因素	724	0
545	昏昏沉沉	724	0
546	電視頻道	724	0
547	個人主義	723	1
548	初戀情人	722	0
549	環保意識	722	0
550	走馬觀花	722	0
551	出門在外	721	0
552	手提電腦	721	0
553	隱私政策	721	0
554	先決條件	720	1
555	民主監督	720	0
556	機動車輛	719	0
557	生不如死	719	0
558	辦事機構	719	0
559	退休年齡	719	0
560	公職人員	718	0
561	國家權力	718	0
562	專科學校	718	1
563	恐怖組織	718	0
564	樂在其中	718	0
565	若即若離	718	1
566	食慾不振	717	0
567	侃侃而談	716	0
568	周而復始	716	0
569	生生不息	716	1
570	用心良苦	716	0
571	儲蓄存款	715	0
572	從頭開始	715	0
573	木馬病毒	715	0
574	私有財產	715	0
575	種族歧視	715	1
576	糾纏不清	714	0
577	頭等大事	714	0
578	品學兼優	711	0
579	四方八面	711	0
580	地心吸力	711	0
581	如此一來	711	0
582	家庭主婦	711	0
583	聽唔入耳	711	0
584	閃閃縮縮	711	0
585	水土不服	710	0
586	憂患意識	709	0
587	業務水平	709	0
588	性情中人	708	0
589	經濟作物	708	1
590	超級女生	708	0
591	內心深處	707	0
592	逢年過節	707	1
593	色即是空	705	0
594	不失時機	704	0
595	公共事務	704	0
596	軍事訓練	704	0
597	一聲不吭	703	0
598	發明創造	703	0
599	八國聯軍	701	0
600	定期存款	701	0
601	當家作主	701	1
602	憤憤不平	700	0
603	衣食無憂	700	0
604	新生事物	699	0
605	晃晃悠悠	697	0
606	遮遮掩掩	697	0
607	帶薪休假	696	0
608	不得好死	695	0
609	不用客氣	695	0
610	國計民生	695	1
611	手足口病	695	0
612	日常用品	695	0
613	消費習慣	695	0
614	特異功能	695	0
615	科學精神	695	0
616	信用等級	693	0
617	科特迪瓦	692	0
618	自生自滅	692	0
619	遍地開花	692	0
620	總體目標	691	0
621	另當別論	690	0
622	崇洋媚外	690	0
623	貪污受賄	690	0
624	打情罵俏	689	0
625	仁者見仁	687	0
626	忍辱負重	687	0
627	成人教育	685	0
628	一言難盡	684	1
629	圖形界面	683	0
630	電氣工程	683	0
631	人文社科	681	0
632	以身相許	681	0
633	國營企業	679	0
634	毛絨玩具	679	0
635	環氧樹脂	679	1
636	電子工程	678	0
637	接觸不良	677	0
638	文具用品	677	0
639	勞逸結合	675	0
640	烏蘭察布	672	0
641	先進水平	670	0
642	暗箱操作	670	0
643	比較分析	669	0
644	再生能源	667	0
645	新聞週刊	667	0
646	國內生產	666	0
647	百獸之王	665	0
648	自我評價	665	0
649	面對現實	665	0
650	中國醫藥	664	0
651	誤人子弟	664	1
652	週邊設備	664	0
653	玻璃纖維	663	0
654	禽獸不如	663	0
655	精神分裂	663	0
656	與生俱來	663	0
657	腰椎間盤	662	0
658	現代文學	655	0
659	信號處理	654	0
660	家用電腦	654	0
661	軟件技術	654	0
662	突然之間	652	0
663	世界文化	651	0
664	漸行漸遠	649	0
665	第一夫人	648	0
666	同等學力	647	0
667	模擬考試	647	0
668	使用手冊	646	0
669	四門轎車	646	0
670	心肌梗死	646	0
671	牛郎織女	646	0
672	電子工業	646	0
673	全文檢索	644	0
674	失物招領	644	0
675	房屋中介	644	0
676	上綱上線	643	0
677	抑制作用	643	0
678	特約記者	643	0
679	有機玻璃	642	1
680	權利聲明	642	0
681	不可收拾	641	0
682	民主生活	641	0
683	生日蛋糕	641	0
684	流動資產	640	0
685	視頻點播	640	0
686	健健康康	639	0
687	會議展覽	639	0
688	家庭教師	638	0
689	俠盜飛車	637	0
690	辦公地址	637	0
691	馬可波羅	637	0
692	生涯規劃	636	0
693	世界貿易	635	0
694	參考書目	635	0
695	教學大綱	635	0
696	毫無保留	635	0
697	通訊設備	634	0
698	開學典禮	634	0
699	參考價值	632	0
700	柳暗花明	632	1
701	臨牀經驗	632	0
702	自我安慰	631	0
703	銅仁地區	631	0
704	生生世世	630	0
705	耳鼻喉科	630	0
706	同聲傳譯	628	0
707	優惠價格	627	0
708	兩敗俱傷	627	0
709	公共事業	627	0
710	學位證書	627	0
711	離子交換	627	0
712	二十一條	626	0
713	火山爆發	626	0
714	網頁地址	626	0
715	通信網絡	626	0
716	春意盎然	625	0
717	設計規範	625	0
718	國家公園	624	0
719	新鮮空氣	624	0
720	知心朋友	624	0
721	紡織工業	623	0
722	一夜之間	622	0
723	一年一度	622	1
724	一手一腳	622	0
725	一閃而過	622	0
726	三番四次	622	0
727	冶金工業	622	0
728	口口聲聲	622	0
729	古靈精怪	622	0
730	大大話話	622	0
731	山雨欲來	622	0
732	從長計議	622	0
733	支吾以對	622	0
734	無聲無息	622	0
735	真真正正	622	0
736	私家偵探	622	0
737	見死不救	622	0
738	陸陸續續	622	0
739	順其自然	622	0
740	中規中矩	621	0
741	人身保險	621	0
742	手拉葫蘆	621	0
743	歷史沿革	621	0
744	高山流水	621	0
745	一房一廳	620	0
746	兒童教育	620	0
747	深刻印象	620	0
748	電視直播	620	0
749	養生之道	620	0
750	一分一秒	619	0
751	吸取教訓	619	0
752	物超所值	619	0
753	細胞因子	619	0
754	另行通知	618	0
755	渾身上下	618	0
756	生活空間	618	0
757	長大成人	618	0
758	靈魂深處	618	0
759	不惜一切	617	0
760	副董事長	617	0
761	春秋戰國	617	0
762	滾子軸承	617	0
763	生活設施	617	0
764	耳鼻咽喉	617	0
765	遠程監控	617	0
766	中秋佳節	616	0
767	基因工程	616	0
768	生活污水	616	0
769	冥冥之中	615	0
770	天線寶寶	615	0
771	疑難雜症	615	0
772	一時之間	614	0
773	五四運動	614	1
774	勞動能力	614	0
775	學習計劃	614	0
776	山盟海誓	614	0
777	文字處理	614	0
778	流光溢彩	614	0
779	珍珠奶茶	614	0
780	生殖器官	614	0
781	絕緣材料	614	0
782	水力發電	613	1
783	簡要介紹	613	0
784	面面相覷	613	0
785	古墓麗影	612	0
786	有氧運動	612	0
787	若有若無	612	0
788	量身定製	612	0
789	雲淡風輕	612	0
790	顧問公司	612	0
791	全身上下	611	0
792	地球科學	611	0
793	專家評論	611	0
794	故意殺人	611	0
795	故障排除	611	0
796	百家爭鳴	611	1
797	評審委員	611	0
798	龍門石窟	611	0
799	中心地帶	610	0
800	兵臨城下	610	0
801	千萬富翁	610	0
802	專欄作家	610	0
803	年紀輕輕	610	0
804	微觀經濟	610	0
805	心地善良	610	0
806	快樂幸福	610	0
807	海納百川	610	0
808	百貨商場	610	0
809	童言無忌	610	0
810	細細品味	610	0
811	觸手可及	610	0
812	驀然回首	610	0
813	天然橡膠	609	0
814	蝴蝶效應	609	0
815	一念之間	608	0
816	同母異父	608	0
817	後知後覺	608	0
818	德克薩斯	608	0
819	忽然之間	608	0
820	數據通信	608	0
821	樂於助人	608	0
822	熱帶植物	608	0
823	隻言片語	608	1
824	高脂血症	608	0
825	齊天大聖	608	0
826	一千零一	607	0
827	從頭到腳	607	0
828	瑞士軍刀	607	0
829	經濟週期	607	0
830	縱橫天下	607	0
831	貿易組織	607	0
832	商業計劃	606	0
833	單身貴族	606	0
834	尋尋覓覓	606	0
835	讓人羨慕	606	0
836	通信地址	606	0
837	電源開關	606	0
838	飛蛾撲火	606	0
839	全副武裝	605	0
840	兩岸三地	605	0
841	勞動保護	605	0
842	失而復得	605	1
843	放射治療	605	0
844	結締組織	605	0
845	鳥語花香	605	0
846	外科醫生	604	0
847	恐怖電影	604	0
848	旋轉木馬	604	0
849	未完待續	604	0
850	業餘愛好	604	0
851	沙灘排球	604	0
852	菲尼克斯	604	0
853	開花結果	604	0
854	一臂之力	603	0
855	壓縮空氣	603	0
856	永無止境	603	0
857	精密儀器	603	0
858	醉酒駕車	603	0
859	電解電容	603	0
860	不知疲倦	602	0
861	人機界面	602	0
862	傷心欲絕	602	0
863	吵吵鬧鬧	602	0
864	專家系統	602	0
865	怦然心動	602	0
866	提拉米蘇	602	0
867	曲終人散	602	0
868	極限運動	602	0
869	第一人稱	602	0
870	血栓形成	602	0
871	遊戲設備	602	0
872	乾淨利落	601	0
873	交相輝映	601	1
874	南沙羣島	601	0
875	君臨天下	601	0
876	報刊雜誌	601	0
877	專題報告	601	0
878	工業學校	601	0
879	帶狀皰疹	601	0
880	惺惺相惜	601	0
881	植物保護	601	0
882	立於不敗	601	0
883	自由職業	601	0
884	開天闢地	601	1
885	不受歡迎	600	0
886	健康檢查	600	0
887	萬家燈火	600	1
888	藍顏知己	600	0
889	選秀節目	600	0
890	電化教育	600	1
891	一片漆黑	599	0
892	不見不散	599	0
893	先後順序	599	0
894	全身而退	599	0
895	從現在起	599	0
896	東方文化	599	0
897	空氣動力	599	0
898	音樂之聲	599	0
899	三言兩語	598	0
900	健身運動	598	0
901	傳統教育	598	0
902	將計就計	598	0
903	燈火通明	598	0
904	生物降解	598	0
905	精神財富	598	0
906	行政拘留	598	0
907	逃避現實	598	0
908	內幕交易	597	0
909	夕陽西下	597	1
910	外部鏈接	597	0
911	援助之手	597	0
912	時光倒流	597	0
913	機緣巧合	597	0
914	滿心歡喜	597	0
915	職業素質	597	0
916	鋼鐵工業	597	0
917	何時何地	596	0
918	國立大學	596	0
919	帽子戲法	596	0
920	心如止水	596	0
921	更勝一籌	596	0
922	波西米亞	596	0
923	跨海大橋	596	0
924	下班時間	595	0
925	世界地圖	595	0
926	中秋月餅	595	0
927	五大連池	595	0
928	大放異彩	595	0
929	從無到有	595	0
930	朝九晚五	595	0
931	猝不及防	595	1
932	琴棋書畫	595	1
933	生意興隆	595	0
934	自由市場	595	0
935	花草樹木	595	0
936	人生在世	594	0
937	全校師生	594	0
938	四大名著	594	0
939	崗位培訓	594	0
940	意亂情迷	594	0
941	拔地而起	594	0
942	課外活動	594	0
943	質量檢查	594	0
944	電子電路	594	0
945	鬼使神差	594	0
946	黯然失色	594	0
947	七情六慾	593	0
948	五官端正	593	0
949	半信半疑	593	1
950	基因突變	593	0
951	川流不息	593	0
952	巨噬細胞	593	0
953	打打鬧鬧	593	0
954	打起精神	593	0
955	未解之謎	593	0
956	武裝分子	593	0
957	熱氣騰騰	593	0
958	瑟瑟發抖	593	0
959	血肉模糊	593	0
960	返璞歸真	593	0
961	電子器件	593	1
962	人流手術	592	0
963	人間仙境	592	0
964	化學分析	592	0
965	家庭作業	592	1
966	搶險救災	592	0
967	生物質能	592	0
968	聊齋志異	592	0
969	親密關係	592	0
970	通信服務	592	0
971	醫學檢驗	592	0
972	一飲而盡	591	0
973	信用評級	591	0
974	參考消息	591	0
975	呼嘯而過	591	0
976	國民收入	591	0
977	強身健體	591	0
978	技術知識	591	0
979	旅遊集散	591	0
980	海水浴場	591	0
981	生存之道	591	0
982	真命天子	591	0
983	網絡協議	591	0
984	致癌物質	591	0
985	議事規則	591	0
986	鮮明對比	591	0
987	一個勁兒	590	0
988	儲蓄銀行	590	0
989	因材施教	590	0
990	大喝一聲	590	0
991	尋人啓事	590	0
992	弱肉強食	590	1
993	打高爾夫	590	0
994	推卸責任	590	0
995	揚長而去	590	0
996	放聲大哭	590	0
997	百科詞典	590	0
998	直系親屬	590	0
999	視覺藝術	590	0
1000	音頻文件	590	0
