rank	head	essay_frequency	batch_index	direct_syn_tails
1	係	8784348	1	0
2	佢	6038655	1	0
3	嘅	4333042	1	0
4	噉	2225119	1	0
5	咁	2225030	1	0
6	啲	2103563	1	0
7	咗	1995799	1	0
8	咩	1816402	1	0
9	冇	1759806	1	0
10	睇	1429397	1	0
11	喺	1372535	1	0
12	嘢	1332312	1	0
13	喇	1298497	1	0
14	嚟	1275895	1	0
15	嗰	1232825	1	0
16	喎	1169555	1	0
17	哋	1064106	1	0
18	隻	843685	1	0
19	唔係	820726	1	0
20	畀	820637	1	0
21	真係	791094	1	0
22	咪	789225	1	0
23	囉	769114	1	0
24	唔好	617747	1	0
25	但係	577436	1	0
26	點解	486580	1	0
27	邊個	454723	1	0
28	嘩	395636	1	0
29	而家	374902	1	0
30	即係	368673	1	0
31	屋企	342332	1	0
32	鍾意	337260	1	0
33	嘛	322132	1	1
34	唔到	313412	1	0
35	跟住	302466	1	0
36	瞓	284313	1	0
37	邊度	282355	1	0
38	亦	281643	1	1
39	係咪	250409	1	0
40	呵呵	250099	1	0
41	同埋	244091	1	0
42	入面	226738	1	0
43	沖	218996	1	0
44	女仔	216416	1	0
45	媽咪	204670	1	0
46	屌	200576	1	0
47	噹	194792	1	0
48	靚	181533	1	0
49	撚	179308	1	0
50	駛	161422	1	1
51	兩個	158930	1	0
52	家姐	154570	1	0
53	點樣	150654	1	0
54	仲有	143269	1	0
55	頭先	138018	1	0
56	少少	137929	1	0
57	啱	134904	1	0
58	落去	132679	1	0
59	依家	129120	1	0
60	做咩	120666	1	0
61	公仔	118619	1	0
62	啤啤	116127	1	0
63	出嚟	114615	1	0
64	男仔	110788	1	0
65	啫	110432	1	0
66	唔該	110343	1	0
67	吖	104826	1	0
68	今次	99843	1	0
69	五	99665	1	1
70	一次	95572	1	0
71	唔同	95127	1	0
72	身邊	94148	1	1
73	點知	92279	1	0
74	諗住	91211	1	0
75	老豆	87741	1	0
76	依個	84359	1	0
77	戴	84270	1	1
78	返去	81601	1	0
79	搣	81156	1	0
80	叻	80889	1	0
81	我見	80444	1	0
82	入去	75549	1	0
83	妳	74927	1	0
84	貓	74749	1	0
85	楂	74660	1	0
86	誒	72791	1	0
87	仲要	72613	1	0
88	污糟	72435	1	0
89	唔通	68341	1	0
90	望住	66473	1	0
91	幾時	65761	1	1
92	唔記得	64426	1	0
93	淨係	63892	1	0
94	細佬	62824	1	0
95	細妹	61845	1	0
96	梗係	61489	1	0
97	唔使	61045	1	0
98	噉樣	60600	1	0
99	好彩	60511	1	0
100	聽日	60244	1	0
101	錫	60155	1	1
102	啱啱	59710	1	0
103	啪	57574	1	0
104	師姐	56684	1	0
105	六	56595	1	1
106	女朋友	56328	1	1
107	一日	54549	1	0
108	成個	52413	1	0
109	細路	51879	1	0
110	幾個	51256	1	0
111	攰	51256	1	0
112	波波	50989	1	0
113	好食	50633	1	0
114	唔見	49476	1	0
115	喪屍	49031	1	0
116	食飯	48586	1	0
117	嗚	48497	1	1
118	鳩	48497	1	0
119	餵	48141	1	0
120	喵	48052	1	0
121	過嚟	47963	1	0
122	等等	46718	1	1
123	電視	45828	1	1
124	抌	44493	1	0
125	點算	43959	1	0
126	出聲	43514	1	0
127	轉身	43247	1	0
128	是不是	42945	1	1
129	喱	42713	1	0
130	定係	42535	1	0
131	冇乜	42357	1	0
132	嘅嘢	42179	1	0
133	大聲	42090	1	1
134	火車	42001	1	1
135	所謂	41823	1	0
136	諗起	41645	1	0
137	蚊	41378	1	1
138	睇住	41111	1	0
139	放學	40845	1	1
140	雪糕	40489	1	1
141	掛住	40311	1	0
142	唔好意思	39866	1	0
143	曳	39243	1	0
144	大佬	38976	1	0
145	揸	38442	1	0
146	嚮	37997	1	0
147	人生	37463	1	0
148	八	37463	1	1
149	先至	37374	1	0
150	姨姨	37196	1	0
151	英文	37018	1	0
152	轆	36662	1	0
153	鐘	36395	1	0
154	冇事	36217	1	0
155	得閒	35950	1	0
156	大學	35861	1	0
157	闆	35861	1	0
158	黑色	35861	1	0
159	仆街	35772	1	0
160	點會	35594	1	0
161	個位	35149	1	0
162	旅行	34882	1	1
163	返學	34437	1	0
164	心諗	34170	1	0
165	琴	34082	1	0
166	那裏	34029	1	1
167	哩個	33904	1	0
168	返嚟	33815	1	0
169	髮	33103	1	0
170	人類	33014	1	1
171	嘈	32836	1	0
172	早餐	32658	1	1
173	嗰個	32569	1	0
174	肚餓	32569	1	0
175	冇錯	32480	1	0
176	膊頭	32213	1	0
177	講嘢	31946	1	0
178	眼鏡	31857	1	1
179	好睇	31412	1	0
180	環境	30700	1	1
181	身上	30611	1	1
182	靚仔	30433	1	0
183	令到	30166	1	0
184	襪	30077	1	1
185	一係	29632	1	0
186	上堂	29365	1	0
187	麵	28831	1	0
188	放低	28742	1	0
189	唔緊要	28386	1	0
190	幾好	28386	1	0
191	一段	28119	1	0
192	噼	28119	1	0
193	無啦啦	27852	1	0
194	睇嚟	27852	1	0
195	鎖匙	27052	1	0
196	出街	26963	1	0
197	底褲	26785	1	0
198	碗	26785	1	0
199	試過	26785	1	0
200	依度	26696	1	0
201	無人	26696	2	0
202	只不過	26607	2	1
203	耳仔	26162	2	0
204	條女	25984	2	0
205	拍拖	25717	2	0
206	點鐘	25539	2	1
207	屋企人	25450	2	0
208	核突	25361	2	0
209	一步	25272	2	0
210	對面	25183	2	1
211	紮	25094	2	0
212	尿	25005	2	1
213	凳	24827	2	1
214	下次	24738	2	0
215	呢種	24471	2	0
216	琴晚	24471	2	0
217	錶	24026	2	0
218	坐低	23937	2	0
219	講真	23670	2	0
220	細細聲	23581	2	0
221	一片	23492	2	0
222	腦海	23403	2	1
223	機場	23225	2	1
224	玻璃	23047	2	1
225	有事	22958	2	0
226	琴日	22958	2	0
227	指住	22869	2	0
228	細個	22780	2	0
229	乜嘢	22691	2	0
230	社會	22691	2	0
231	天晴	22602	2	0
232	熊仔	22602	2	0
233	視線	22602	2	0
234	陣間	22602	2	0
235	對話	22424	2	1
236	有人	22335	2	0
237	幾日	22157	2	0
238	麵包	22157	2	0
239	再講	21979	2	0
240	畫面	21712	2	1
241	梳化	21534	2	0
242	你好	21493	2	0
243	答案	21267	2	1
244	第二個	21089	2	0
245	伸出	21000	2	0
246	有沒有	20959	2	0
247	上嚟	20733	2	0
248	點都	20733	2	0
249	一眼	20467	2	0
250	嚟講	20467	2	0
251	師兄	20467	2	0
252	讚	20289	2	0
253	傾計	20111	2	0
254	屬於	20022	2	1
255	地圖	19933	2	1
256	特登	19933	2	0
257	裡面	19844	2	0
258	課室	19844	2	0
259	點呀	19755	2	0
260	碟	19666	2	1
261	講緊	19221	2	0
262	紙巾	19043	2	0
263	落嚟	19043	2	0
264	他們	18954	2	1
265	唔多	18954	2	0
266	唔錯	18954	2	0
267	馬騮	18954	2	0
268	留低	18865	2	0
269	再見	18776	2	1
270	嗰陣	18687	2	0
271	裏便	18598	2	0
272	畀人	18509	2	0
273	大嗌	18420	2	0
274	總係	18420	2	0
275	鬆	18420	2	0
276	博客	18096	2	0
277	見過	18064	2	0
278	仲未	17975	2	0
279	姊妹	17975	2	1
280	阿叔	17975	2	0
281	打電話	17886	2	1
282	搞掂	17886	2	0
283	人哋	17797	2	0
284	社工	17708	2	0
285	盡量	17530	2	0
286	裡	17530	2	0
287	視頻	17528	2	0
288	枕頭	17441	2	1
289	冇問題	17352	2	0
290	咖啡	17174	2	1
291	嗰時	17174	2	0
292	目的	17085	2	1
293	影相	16996	2	0
294	第一次	16941	2	0
295	自信	16551	2	1
296	細聲	16462	2	0
297	等陣	16373	2	0
298	失望	16284	2	1
299	舖	16195	2	0
300	桶	15839	2	0
301	蝦	15750	2	1
302	行埋	15750	2	0
303	埋嚟	15661	2	0
304	生果	15661	2	0
305	音樂	15661	2	1
306	幾耐	15483	2	0
307	聽過	15394	2	0
308	只會	15305	2	0
309	衰人	15216	2	0
310	提子	15127	2	0
311	傻仔	15038	2	0
312	唔舒服	15038	2	0
313	好靚	15038	2	0
314	條友	15038	2	0
315	入到	14949	2	0
316	消防員	14949	2	0
317	銀包	14949	2	0
318	科技	14860	2	1
319	嗄	14771	2	0
320	港人	14771	2	0
321	牙膏	14771	2	0
322	兜過	14593	2	0
323	狗仔	14593	2	0
324	帖子	14576	2	0
325	邊有	14504	2	0
326	香蕉	14504	2	0
327	橙汁	14415	2	0
328	碌	14415	2	0
329	印象	14326	2	1
330	講笑	14326	2	0
331	拖鞋	14237	2	0
332	班主任	14237	2	0
333	將我	14148	2	0
334	打機	14148	2	0
335	天使	13970	2	0
336	就快	13970	2	0
337	石頭	13970	2	1
338	第二日	13970	2	0
339	多嘢	13881	2	0
340	擰轉	13881	2	0
341	將會	13703	2	0
342	氹	13703	2	0
343	醉	13615	2	1
344	雀仔	13615	2	0
345	夠膽	13526	2	0
346	請問	13437	2	1
347	講下	13437	2	0
348	後便	13348	2	0
349	正正	13348	2	0
350	兔仔	13259	2	0
351	會話	13259	2	1
352	匙羹	13170	2	0
353	嚟㗎	13170	2	0
354	朝早	13170	2	0
355	食嘢	13170	2	0
356	上網	13081	2	0
357	啵	13081	2	0
358	狼	13081	2	0
359	拳頭	12992	2	1
360	曱	12992	2	0
361	甴	12992	2	0
362	諗法	12992	2	0
363	雞蛋	12992	2	0
364	每日	12814	2	0
365	大把	12725	2	0
366	大脾	12725	2	0
367	差啲	12725	2	0
368	求其	12725	2	0
369	直頭	12725	2	0
370	睇落	12725	2	0
371	域名	12679	2	1
372	車站	12636	2	1
373	呻吟	12547	2	1
374	一場	12458	2	0
375	吔	12458	2	0
376	收埋	12458	2	0
377	故仔	12458	2	0
378	迷宮	12458	2	1
379	嚟到	12369	2	0
380	幾咁	12369	2	0
381	鏈接	12344	2	0
382	盆	12280	2	0
383	相機	12280	2	0
384	結界	12191	2	0
385	頁面	12145	2	0
386	嘅話	12102	2	0
387	得多	12102	2	0
388	咭	12013	2	0
389	甲蟲	12013	2	0
390	上便	11924	2	0
391	回復	11924	2	0
392	不嬲	11835	2	0
393	笑笑口	11835	2	0
394	好味	11746	2	0
395	百	11746	2	1
396	算了	11725	2	0
397	多個	11657	2	0
398	孖	11657	2	0
399	表白	11657	2	1
400	點啊	11657	2	0
401	下個	11568	3	0
402	呯	11479	3	0
403	唔怪得	11479	3	0
404	明知	11479	3	1
405	粗口	11479	3	0
406	估到	11390	3	0
407	仲好	11301	3	0
408	唔知幾	11301	3	0
409	做嘢	11212	3	0
410	幾次	11212	3	0
411	一嘢	11123	3	0
412	公主	11123	3	0
413	數據庫	11114	3	0
414	好朋友	11034	3	0
415	摺	11034	3	0
416	看更	11034	3	0
417	落車	11034	3	0
418	乳頭	10945	3	1
419	依種	10945	3	0
420	冇得	10945	3	0
421	節目	10945	3	1
422	細路仔	10945	3	0
423	西瓜	10945	3	0
424	冇用	10856	3	0
425	表哥	10856	3	0
426	你估	10767	3	0
427	在線	10760	3	0
428	曳曳	10678	3	0
429	水喉	10678	3	0
430	無謂	10678	3	0
431	舐	10678	3	1
432	開學	10678	3	1
433	係噉	10589	3	0
434	啤	10589	3	0
435	夠鐘	10589	3	0
436	天台	10589	3	0
437	橙色	10589	3	1
438	別的	10542	3	0
439	老細	10500	3	0
440	面紅	10500	3	0
441	魚排	10500	3	0
442	黐	10500	3	0
443	電視機	10411	3	1
444	冇嘢	10322	3	0
445	阻住	10233	3	0
446	隨住	10233	3	0
447	一堆	10144	3	0
448	入嚟	10144	3	0
449	還有	10144	3	0
450	嘢食	10055	3	0
451	這裡	10055	3	0
452	即可	9999	3	0
453	嘅樣	9966	3	0
454	好返	9966	3	0
455	焗	9966	3	0
456	鬚	9966	3	0
457	八婆	9877	3	0
458	第日	9877	3	0
459	返轉頭	9877	3	0
460	厠	9788	3	0
461	吹水	9788	3	0
462	怕醜	9788	3	0
463	換衫	9788	3	0
464	搓	9788	3	1
465	洗頭水	9788	3	0
466	蕹	9788	3	0
467	點做	9788	3	0
468	用於	9732	3	1
469	咁上下	9699	3	0
470	大部份	9699	3	0
471	心裡	9699	3	0
472	我識	9610	3	0
473	聖誕老人	9610	3	0
474	遲啲	9610	3	0
475	小弟	9432	3	1
476	肥仔	9432	3	0
477	筆記本	9370	3	1
478	就嚟	9343	3	0
479	嘟	9254	3	1
480	左上	9254	3	0
481	扁	9254	3	1
482	羹	9254	3	0
483	背影	9254	3	0
484	好嘢	9165	3	0
485	幾點	9165	3	0
486	發夢	9165	3	0
487	電芯	9165	3	0
488	不知	9076	3	0
489	呢排	9076	3	0
490	咔	9076	3	0
491	嗰種	9076	3	0
492	搞笑	9076	3	0
493	証	9076	3	0
494	唔切	8987	3	0
495	擰頭	8987	3	0
496	晞	8987	3	0
497	最大	8987	3	0
498	一排	8898	3	0
499	仔女	8898	3	0
500	傻妹	8898	3	0
501	唔捨得	8898	3	0
502	成身	8898	3	0
503	按摩	8898	3	1
504	捽	8898	3	0
505	朝頭早	8898	3	0
506	老嘢	8898	3	0
507	蝴蝶	8898	3	1
508	衰仔	8898	3	0
509	一套	8809	3	0
510	吋	8809	3	0
511	校車	8809	3	0
512	風車	8809	3	1
513	冇所謂	8720	3	0
514	大隻	8720	3	0
515	並無	8631	3	0
516	千祈	8631	3	0
517	尋晚	8631	3	0
518	直情	8631	3	0
519	衣櫃	8631	3	1
520	不在	8569	3	0
521	交流	8542	3	0
522	太過	8542	3	0
523	紫色	8542	3	1
524	總有	8542	3	0
525	偈	8453	3	0
526	慾	8453	3	0
527	是但	8453	3	0
528	確定	8453	3	1
529	間房	8453	3	0
530	忘了	8373	3	0
531	之餘	8364	3	0
532	沿住	8364	3	0
533	箭	8364	3	1
534	頁	8364	3	0
535	文檔	8277	3	0
536	好少	8275	3	0
537	寵物	8275	3	0
538	戇	8275	3	0
539	摷	8275	3	0
540	以嚟	8186	3	0
541	停低	8186	3	0
542	叫醒	8186	3	0
543	噏	8186	3	0
544	師奶	8186	3	0
545	體力	8186	3	1
546	就好	8162	3	0
547	嘴角	8097	3	1
548	後尾	8097	3	0
549	曚	8097	3	0
550	眼中	8097	3	1
551	行山	8097	3	0
552	接住	8008	3	0
553	柯南	8008	3	0
554	合照	7919	3	0
555	舔	7919	3	1
556	貓仔	7919	3	0
557	你們	7830	3	0
558	太大	7830	3	0
559	得過	7830	3	0
560	打橫	7830	3	0
561	玩完	7830	3	0
562	長大	7830	3	1
563	阿伯	7830	3	0
564	做愛	7741	3	0
565	忍者	7741	3	0
566	放假	7741	3	0
567	數字	7741	3	1
568	植入	7741	3	0
569	狐狸	7741	3	1
570	盡快	7741	3	0
571	糖水	7741	3	0
572	角色	7741	3	0
573	越嚟越	7741	3	0
574	什麼時候	7699	3	0
575	墳場	7563	3	0
576	廣告	7563	3	1
577	間中	7563	3	0
578	陰道	7563	3	1
579	電梯	7563	3	1
580	瀑布	7474	3	1
581	行街	7474	3	0
582	講起	7474	3	0
583	鴨仔	7474	3	0
584	個月	7408	3	0
585	麪	7387	3	0
586	事發	7385	3	1
587	唸	7385	3	0
588	大小姐	7385	3	0
589	礦場	7385	3	0
590	空姐	7385	3	1
591	第時	7385	3	0
592	時尚	7376	3	1
593	轉載	7376	3	1
594	心痛	7296	3	1
595	旺角	7296	3	0
596	晏晝	7296	3	0
597	本能	7296	3	0
598	淫賤	7296	3	0
599	講乜	7296	3	0
600	雞仔	7296	3	0
601	一口	7207	4	0
602	中出	7207	4	0
603	殺氣	7207	4	1
604	毫子	7207	4	0
605	汽水	7207	4	0
606	能量	7207	4	1
607	噶	7132	4	0
608	下下	7118	4	0
609	中年	7118	4	1
610	細細個	7118	4	0
611	語言	7118	4	1
612	鍊	7118	4	0
613	侏	7029	4	0
614	尿片	7029	4	0
615	行行	7029	4	0
616	記起	7029	4	0
617	利是	6940	4	0
618	平安夜	6940	4	0
619	胸圍	6940	4	0
620	金毛	6940	4	0
621	鈕	6940	4	0
622	電單車	6940	4	0
623	先得	6851	4	0
624	契媽	6851	4	0
625	廣東話	6851	4	0
626	李	6851	4	0
627	貼紙	6851	4	0
628	重有	6851	4	0
629	鼻哥	6851	4	0
630	怎麼辦	6839	4	1
631	快遞	6768	4	1
632	一次過	6763	4	0
633	乜鬼	6763	4	0
634	仲話	6763	4	0
635	打嚟	6763	4	0
636	搞錯	6763	4	0
637	教畜	6763	4	0
638	有份	6763	4	0
639	餸	6763	4	0
640	半身	6674	4	0
641	死仔	6674	4	0
642	銅	6674	4	1
643	餅乾	6674	4	0
644	成世	6585	4	0
645	第二次	6585	4	0
646	食得	6585	4	0
647	鬍	6585	4	0
648	當堂	6496	4	0
649	鐵閘	6496	4	0
650	工作人員	6440	4	0
651	空調	6435	4	0
652	呢邊	6407	4	0
653	嚇親	6407	4	0
654	性奴	6407	4	0
655	想問	6407	4	0
656	第二朝	6407	4	0
657	看起來	6351	4	1
658	下集	6318	4	0
659	地標	6318	4	1
660	失落	6318	4	0
661	好易	6318	4	0
662	尋日	6318	4	0
663	卻是	6256	4	0
664	大件事	6229	4	0
665	如是	6229	4	0
666	山窿	6229	4	0
667	黐線	6229	4	0
668	點講	6229	4	0
669	個鐘	6140	4	0
670	嗰日	6140	4	0
671	外套	6140	4	1
672	小巴	6140	4	0
673	急急腳	6140	4	0
674	眼角	6140	4	1
675	淘寶	6135	4	0
676	授權	6052	4	0
677	世伯	6051	4	0
678	人話	6051	4	0
679	侯	6051	4	1
680	女友	6051	4	1
681	她們	6051	4	1
682	收皮	6051	4	0
683	玩家	6051	4	0
684	脾	6051	4	1
685	重覆	6051	4	0
686	函數	5992	4	1
687	成員	5962	4	1
688	眼色	5962	4	1
689	硬係	5962	4	0
690	電子	5962	4	1
691	食煙	5962	4	0
692	發票	5937	4	0
693	挺好	5911	4	0
694	一來	5873	4	0
695	不敢	5873	4	0
696	危機	5873	4	1
697	拜託	5873	4	1
698	有排	5873	4	0
699	老土	5873	4	0
700	膠袋	5873	4	0
701	蕃	5873	4	0
702	身高	5873	4	0
703	陽具	5873	4	0
704	頂唔順	5873	4	0
705	主板	5861	4	0
706	多少錢	5852	4	0
707	顯卡	5819	4	0
708	側邊	5784	4	0
709	六點	5784	4	0
710	升降機	5784	4	1
711	子彈	5784	4	1
712	幾大	5784	4	0
713	這些	5784	4	1
714	一句話	5761	4	0
715	敏	5695	4	0
716	神經	5695	4	0
717	茄	5695	4	0
718	褲袋	5695	4	0
719	一於	5606	4	0
720	乜事	5606	4	0
721	唔只	5606	4	0
722	廿	5606	4	1
723	打交	5606	4	0
724	挑戰	5606	4	1
725	缸	5606	4	0
726	芝士	5606	4	0
727	記者	5606	4	0
728	錯愕	5606	4	0
729	首頁	5556	4	0
730	九點	5517	4	0
731	噠	5517	4	0
732	回家	5517	4	1
733	想要	5517	4	0
734	成晚	5517	4	0
735	捲	5517	4	0
736	骨頭	5517	4	1
737	職工	5483	4	1
738	一會	5428	4	0
739	全場	5428	4	0
740	八點	5428	4	0
741	太好	5428	4	0
742	正話	5428	4	0
743	留言	5428	4	0
744	睇醫生	5428	4	0
745	踢波	5428	4	0
746	阿公	5428	4	0
747	大鑊	5339	4	0
748	天花板	5339	4	1
749	廢事	5339	4	0
750	日記	5339	4	0
751	聽朝	5339	4	0
752	開聲	5339	4	0
753	朵	5250	4	1
754	無辜	5250	4	0
755	識得	5250	4	0
756	車轆	5250	4	0
757	版主	5219	4	0
758	手裏	5185	4	0
759	鼠標	5168	4	0
760	三點	5161	4	0
761	中指	5161	4	0
762	入邊	5161	4	0
763	冇計	5161	4	0
764	嘔心	5161	4	0
765	嘥	5161	4	0
766	外賣	5161	4	0
767	大笨象	5161	4	0
768	宿舍	5161	4	1
769	打波	5161	4	0
770	波鞋	5161	4	0
771	突破	5161	4	0
772	讀者	5161	4	1
773	返來	5161	4	0
774	運營	5161	4	1
775	面向	5161	4	1
776	上市公司	5084	4	0
777	咁鬼	5072	4	0
778	員工	5072	4	1
779	單嘢	5072	4	0
780	孫仔	5072	4	0
781	睇法	5072	4	0
782	窒	5072	4	0
783	行開	5072	4	0
784	親手	5072	4	1
785	醜怪	5072	4	0
786	鍚	5072	4	0
787	鏈	5072	4	1
788	離遠	5072	4	0
789	七點	4983	4	0
790	五點	4983	4	0
791	多位	4983	4	0
792	夜貓	4983	4	0
793	幾步	4983	4	0
794	溝女	4983	4	0
795	物體	4983	4	1
796	出便	4894	4	0
797	劇情	4894	4	0
798	四點	4894	4	0
799	地板	4894	4	1
800	室內	4894	4	0
801	差佬	4894	5	0
802	巴膠	4894	5	0
803	情人節	4894	5	0
804	晚晚	4894	5	0
805	櫃桶	4894	5	0
806	每晚	4894	5	1
807	深處	4894	5	1
808	理智	4894	5	0
809	秩序	4894	5	0
810	臭狐	4894	5	0
811	講聲	4894	5	0
812	起嚟	4894	5	0
813	適應	4894	5	1
814	重啓	4843	5	0
815	不出	4805	5	0
816	分分鐘	4805	5	0
817	初初	4805	5	0
818	加埋	4805	5	0
819	啡	4805	5	0
820	射出	4805	5	0
821	得滯	4805	5	0
822	手套	4805	5	0
823	手指尾	4805	5	0
824	摑	4805	5	0
825	收線	4805	5	0
826	柒頭	4805	5	0
827	睇見	4805	5	0
828	落堂	4805	5	0
829	跑車	4805	5	1
830	迴	4805	5	0
831	一天	4716	5	0
832	右上	4716	5	0
833	嗰晚	4716	5	0
834	放榜	4716	5	0
835	樣衰	4716	5	0
836	沿途	4716	5	1
837	細粒	4716	5	0
838	膠布	4716	5	1
839	車仔	4716	5	0
840	偷食	4627	5	0
841	兩點	4627	5	1
842	嬴	4627	5	0
843	專登	4627	5	0
844	恤衫	4627	5	0
845	樣貌	4627	5	0
846	直行	4627	5	0
847	螢幕	4627	5	0
848	貨倉	4627	5	0
849	郵局	4627	5	1
850	雞雞	4627	5	0
851	接下來	4623	5	1
852	另一	4551	5	0
853	今時今日	4538	5	0
854	包住	4538	5	0
855	吸塵機	4538	5	0
856	捨	4538	5	0
857	擺明	4538	5	0
858	筷子	4538	5	1
859	絲襪	4538	5	0
860	聲線	4538	5	0
861	舖頭	4538	5	0
862	那些	4538	5	1
863	點呢	4538	5	0
864	一般人	4449	5	0
865	叫停	4449	5	0
866	巴士站	4449	5	0
867	得人驚	4449	5	0
868	打人	4449	5	0
869	攬實	4449	5	0
870	有嘢	4449	5	0
871	死者	4449	5	1
872	牛油	4449	5	0
873	神父	4449	5	1
874	聽晚	4449	5	0
875	蕉	4449	5	1
876	話唔定	4449	5	0
877	身旁	4449	5	1
878	隨心	4449	5	0
879	低聲	4360	5	0
880	多得	4360	5	0
881	夾住	4360	5	0
882	好多人	4360	5	0
883	新抱	4360	5	0
884	早知	4360	5	0
885	權利	4360	5	1
886	眼甘甘	4360	5	0
887	質素	4360	5	0
888	關我事	4360	5	0
889	發貨	4346	5	0
890	構建	4342	5	0
891	欄目	4292	5	0
892	一如	4271	5	0
893	下低	4271	5	0
894	不再	4271	5	1
895	佈	4271	5	0
896	八卦	4271	5	0
897	八爪魚	4271	5	0
898	制度	4271	5	1
899	前便	4271	5	0
900	十二點	4271	5	0
901	可能性	4271	5	1
902	喥	4271	5	0
903	嗰次	4271	5	0
904	好多時	4271	5	0
905	收銀	4271	5	0
906	每人	4271	5	1
907	睡衣	4271	5	1
908	花灑	4271	5	0
909	話事	4271	5	0
910	陪住	4271	5	0
911	靚靚	4271	5	0
912	車型	4212	5	0
913	世紀	4182	5	1
914	凳仔	4182	5	0
915	嘈交	4182	5	0
916	因住	4182	5	0
917	埋位	4182	5	0
918	大隻佬	4182	5	0
919	揹	4182	5	0
920	收聲	4182	5	0
921	昇	4182	5	0
922	有講有笑	4182	5	0
923	琳	4182	5	1
924	紅蘿蔔	4182	5	1
925	老味	4182	5	0
926	肥妹	4182	5	0
927	起勢	4182	5	0
928	醜樣	4182	5	0
929	門鐘	4182	5	0
930	鬆一口氣	4182	5	0
931	長得	4107	5	0
932	兩下	4093	5	0
933	冷衫	4093	5	0
934	匿埋	4093	5	0
935	好耐	4093	5	0
936	廁紙	4093	5	0
937	得切	4093	5	0
938	手錶	4093	5	1
939	捉實	4093	5	0
940	枕	4093	5	1
941	男神	4093	5	0
942	直程	4093	5	0
943	直落	4093	5	0
944	相識	4093	5	0
945	耳機	4093	5	1
946	虧佬	4093	5	0
947	近排	4093	5	0
948	除衫	4093	5	0
949	麻甩佬	4093	5	0
950	點睇	4093	5	0
951	補丁	4087	5	0
952	三文治	4004	5	0
953	下便	4004	5	0
954	不知幾	4004	5	0
955	唔多唔少	4004	5	0
956	執起	4004	5	0
957	對門	4004	5	1
958	怪獸	4004	5	0
959	打圈	4004	5	0
960	殺人	4004	5	0
961	毛蟲	4004	5	1
962	無端端	4004	5	0
963	生仔	4004	5	0
964	草叢	4004	5	1
965	落街	4004	5	0
966	蛋蛋	4004	5	0
967	負面	4004	5	1
968	過份	4004	5	0
969	酒精	4004	5	1
970	阿麗	4004	5	0
971	審計	3975	5	1
972	話費	3975	5	1
973	稍等	3971	5	0
974	文件夾	3934	5	0
975	下一個	3915	5	0
976	九龍	3915	5	0
977	人嚟	3915	5	0
978	共鳴	3915	5	1
979	剩返	3915	5	0
980	各種	3915	5	0
981	咕	3915	5	0
982	回歸	3915	5	0
983	小矮人	3915	5	0
984	扐	3915	5	0
985	打畀	3915	5	0
986	搖搖板	3915	5	0
987	未夠	3915	5	0
988	沙沙	3915	5	1
989	眼定定	3915	5	0
990	立法	3915	5	1
991	總部	3915	5	1
992	閉上	3915	5	0
993	傻佬	3826	5	0
994	冇幾耐	3826	5	0
995	口交	3826	5	0
996	叮叮	3826	5	0
997	呷醋	3826	5	0
998	啤住	3826	5	0
999	壓住	3826	5	0
1000	望下	3826	5	0
1001	死心	3826	6	0
1002	流眼淚	3826	6	0
1003	用嚟	3826	6	0
1004	發洩	3826	6	0
1005	貴族	3826	6	0
1006	邊位	3826	6	0
1007	金色	3826	6	1
1008	阿仔	3826	6	0
1009	鬧交	3826	6	0
1010	看上去	3775	6	1
1011	存檔	3754	6	1
1012	庫存	3747	6	1
1013	兔子	3741	6	1
1014	單手	3737	6	0
1015	嗌交	3737	6	0
1016	四肢	3737	6	1
1017	壺	3737	6	1
1018	大大力	3737	6	0
1019	好眼	3737	6	0
1020	客服	3737	6	0
1021	小息	3737	6	0
1022	小隊	3737	6	0
1023	沙律	3737	6	0
1024	瘀	3737	6	0
1025	紋身	3737	6	0
1026	紫	3737	6	1
1027	肉酸	3737	6	0
1028	轉校	3737	6	0
1029	離家出走	3737	6	0
1030	眼裏	3722	6	1
1031	單元	3652	6	0
1032	兩粒	3648	6	0
1033	八月	3648	6	1
1034	反轉	3648	6	1
1035	坐監	3648	6	0
1036	姣	3648	6	0
1037	宗教	3648	6	1
1038	慳	3648	6	0
1039	我架	3648	6	0
1040	整到	3648	6	0
1041	正所謂	3648	6	0
1042	牠	3648	6	0
1043	睇穿	3648	6	0
1044	緣份	3648	6	0
1045	試問	3648	6	1
1046	開會	3648	6	0
1047	頸鍊	3648	6	0
1048	魚蛋	3648	6	0
1049	是以	3609	6	0
1050	國內外	3601	6	0
1051	考研	3565	6	1
1052	一腳踢	3559	6	0
1053	九月	3559	6	0
1054	傻豬	3559	6	0
1055	冇心	3559	6	0
1056	勢力	3559	6	1
1057	士多	3559	6	0
1058	好勁	3559	6	0
1059	娘親	3559	6	0
1060	市民	3559	6	1
1061	探員	3559	6	0
1062	步行	3559	6	1
1063	眼白白	3559	6	0
1064	等如	3559	6	0
1065	背住	3559	6	0
1066	荃灣	3559	6	0
1067	蔔	3559	6	0
1068	製	3559	6	0
1069	貢	3559	6	1
1070	輔導	3559	6	0
1071	追上	3559	6	0
1072	雞翼	3559	6	0
1073	測量	3552	6	1
1074	斑竹	3550	6	1
1075	得很	3529	6	0
1076	一本	3470	6	0
1077	乸	3470	6	0
1078	冷汗	3470	6	0
1079	合埋	3470	6	0
1080	咁滯	3470	6	0
1081	好地地	3470	6	0
1082	孭	3470	6	0
1083	小食	3470	6	0
1084	愈嚟愈	3470	6	0
1085	日出	3470	6	0
1086	日落	3470	6	0
1087	澈	3470	6	0
1088	甜筒	3470	6	0
1089	結他	3470	6	0
1090	翻到	3470	6	0
1091	識講	3470	6	0
1092	豬扒	3470	6	0
1093	跪低	3470	6	0
1094	銀仔	3470	6	0
1095	陰毛	3470	6	0
1096	高中	3470	6	0
1097	共有	3454	6	0
1098	輸入法	3442	6	0
1099	七七八八	3381	6	0
1100	人仔	3381	6	0
1101	初頭	3381	6	0
1102	勤力	3381	6	0
1103	十點	3381	6	0
1104	呱	3381	6	0
1105	咖	3381	6	0
1106	喃喃	3381	6	1
1107	嗰度	3381	6	0
1108	奸笑	3381	6	1
1109	急不及待	3381	6	0
1110	手指公	3381	6	0
1111	撻	3381	6	0
1112	極之	3381	6	0
1113	泳	3381	6	0
1114	狗公	3381	6	0
1115	瞇	3381	6	0
1116	花名	3381	6	0
1117	落力	3381	6	0
1118	薯仔	3381	6	0
1119	螯	3381	6	0
1120	變做	3381	6	0
1121	邊間	3381	6	0
1122	開燈	3381	6	0
1123	風水	3381	6	0
1124	髮型	3381	6	0
1125	炒作	3377	6	0
1126	最愛	3363	6	0
1127	研究所	3347	6	0
1128	做得	3343	6	0
1129	其他人	3336	6	0
1130	主頁	3296	6	1
1131	設計師	3295	6	0
1132	一嚟	3292	6	0
1133	侍應	3292	6	0
1134	勾起	3292	6	0
1135	反問	3292	6	1
1136	唔覺意	3292	6	0
1137	好靜	3292	6	0
1138	嫌棄	3292	6	1
1139	握手	3292	6	0
1140	晨早	3292	6	0
1141	有型	3292	6	0
1142	水族館	3292	6	0
1143	泥膠	3292	6	0
1144	生還	3292	6	0
1145	的而且確	3292	6	0
1146	聽聞	3292	6	0
1147	茶餐廳	3292	6	0
1148	薯片	3292	6	0
