rank	head	essay_frequency	direct_syn_tails
1	中小企業	3271	1
2	男人老狗	3203	0
3	唔經唔覺	3114	0
4	似曾相識	2936	0
5	異口同聲	2847	1
6	其他地方	2816	0
7	十字路口	2758	1
8	改革開放	2683	0
9	版權所有	2599	0
10	怎麼回事	2589	0
11	話口未完	2580	0
12	數碼相機	2547	0
13	法律責任	2476	0
14	一頭霧水	2313	0
15	地方政府	2305	0
16	人力資源	2287	0
17	金融機構	2245	0
18	第一時間	2226	0
19	佛羅倫斯	2224	0
20	殺毒軟件	2220	0
21	聯繫方式	2172	0
22	電子郵件	2118	0
23	全國各地	2060	0
24	生活方式	1978	0
25	血液循環	1978	0
26	充分利用	1965	0
27	無可否認	1957	0
28	國際市場	1945	0
29	生日快樂	1921	0
30	售後服務	1918	0
31	環境保護	1910	1
32	中國大陸	1886	0
33	國民經濟	1833	0
34	講開又講	1779	0
35	生態環境	1744	0
36	經濟效益	1723	1
37	一個二個	1690	0
38	九唔搭八	1690	0
39	手提電話	1690	0
40	豬朋狗友	1690	0
41	不可避免	1678	0
42	身體健康	1677	0
43	事到如今	1601	0
44	可想而知	1601	0
45	見步行步	1601	0
46	證券公司	1570	0
47	電話號碼	1562	0
48	僅供參考	1547	0
49	一篇文章	1518	0
50	個人資料	1518	0
51	建築面積	1517	0
52	中國文化	1513	0
53	睇唔過眼	1512	0
54	國內市場	1477	0
55	證券市場	1477	0
56	智能手機	1473	0
57	意識形態	1456	0
58	驅動程序	1455	0
59	不負責任	1440	0
60	全國人民	1425	0
61	不切實際	1423	1
62	意大利粉	1423	0
63	電視節目	1421	0
64	國際貿易	1417	0
65	行政管理	1392	0
66	奧林匹克	1390	1
67	專業人士	1389	0
68	高新技術	1381	0
69	國家安全	1357	0
70	長期以來	1357	0
71	金融市場	1345	0
72	專業知識	1338	0
73	忍無可忍	1334	0
74	關鍵時刻	1329	0
75	地理位置	1328	0
76	天氣預報	1322	0
77	增長速度	1312	0
78	與時俱進	1310	0
79	負面影響	1295	0
80	國家標準	1290	0
81	文化遺產	1289	0
82	唱片公司	1278	0
83	技術含量	1262	0
84	服務質量	1262	0
85	歡迎光臨	1259	0
86	山長水遠	1245	0
87	世界經濟	1243	0
88	中國社會	1243	0
89	弱勢羣體	1241	0
90	股票市場	1239	0
91	二氧化碳	1233	1
92	電子產品	1206	0
93	生活水平	1203	0
94	博士學位	1201	0
95	帝國主義	1191	1
96	有關方面	1170	0
97	背景音樂	1160	0
98	環境污染	1159	0
99	網上銀行	1158	0
100	恐怖分子	1157	0
101	一廂情願	1156	1
102	城鎮居民	1155	0
103	大型企業	1142	0
104	碩士學位	1142	0
105	工程項目	1139	0
106	國際標準	1132	0
107	野生動物	1127	0
108	遊戲規則	1126	0
109	購物中心	1121	0
110	生活習慣	1120	0
111	無處不在	1116	0
112	氣候變化	1114	0
113	自然科學	1114	0
114	聊天記錄	1108	0
115	播放列表	1104	0
116	頒獎典禮	1100	0
117	畢業論文	1095	0
118	心理準備	1094	0
119	質量管理	1090	0
120	旅遊景點	1089	0
121	綜合治理	1084	0
122	風險管理	1077	0
123	生產過程	1074	0
124	私營企業	1072	0
125	不知所謂	1067	0
126	恭喜發財	1067	0
127	求求其其	1067	0
128	源源不絕	1067	1
129	滔滔不絕	1067	1
130	信息產業	1065	0
131	社會科學	1065	1
132	源源不斷	1063	1
133	娛樂場所	1062	0
134	充分考慮	1060	0
135	文學作品	1059	0
136	流行音樂	1059	0
137	公共場所	1051	0
138	生活環境	1051	0
139	下定決心	1048	0
140	平面設計	1048	0
141	免責聲明	1046	0
142	科技成果	1042	0
143	不良反應	1040	0
144	當代中國	1040	0
145	追究責任	1034	0
146	新年快樂	1032	0
147	數據中心	1031	0
148	隨處可見	1030	0
149	高等院校	1028	0
150	參考文獻	1027	0
151	深入人心	1020	0
152	心理健康	1019	0
153	污水處理	1018	0
154	國際機場	1013	0
155	宣傳教育	1011	0
156	司法機關	1010	0
157	城市居民	1009	1
158	文化交流	1007	0
159	體育運動	1007	0
160	國家利益	1005	0
161	佔地面積	1004	0
162	最新消息	1004	0
163	隨身攜帶	1003	0
164	程序設計	1001	0
165	由此可見	999	1
166	達成協議	998	0
167	高度評價	998	0
168	人身攻擊	996	0
169	切身利益	992	0
170	親身經歷	989	0
171	中華文化	988	0
172	社會效益	984	1
173	工業設計	983	0
174	海峽兩岸	983	0
175	兩岸關係	981	0
176	二人世界	978	0
177	快手快腳	978	0
178	日光日白	978	0
179	空無一人	978	0
180	言論自由	978	0
181	產業集羣	976	0
182	投資銀行	973	0
183	科技大學	970	0
184	各不相同	968	0
185	青藏高原	968	0
186	公共交通	965	0
187	常見問題	961	0
188	健康教育	960	0
189	後顧之憂	960	0
190	法律顧問	959	0
191	中央空調	958	0
192	室內設計	957	0
193	郵政編碼	956	1
194	學士學位	954	0
195	有機結合	952	0
196	高高在上	950	0
197	心理醫生	948	0
198	一片空白	944	0
199	快捷方式	944	0
200	政府機關	944	0
201	生化危機	944	0
202	營養不良	941	0
203	三國演義	940	0
204	上班時間	940	0
205	星際爭霸	939	0
206	網絡環境	939	0
207	前列腺炎	938	0
208	政府機構	938	0
209	經濟基礎	938	0
210	各界人士	937	0
211	社會福利	936	0
212	諾貝爾獎	932	1
213	精神文明	929	1
214	信息管理	927	0
215	馬拉多納	926	0
216	域名註冊	923	0
217	民事訴訟	923	0
218	辦公設備	920	0
219	財務報表	917	0
220	大打折扣	913	0
221	消防安全	912	0
222	興致勃勃	910	1
223	善解人意	909	0
224	工程設計	909	0
225	中央銀行	908	1
226	志願服務	908	0
227	莎士比亞	906	0
228	紅顏知己	905	0
229	恐怖襲擊	904	0
230	熱線電話	904	0
231	一席之地	903	0
232	現場直播	903	0
233	核心價值	902	0
234	處理方法	902	0
235	文件格式	900	0
236	無線上網	900	0
237	貨到付款	899	0
238	經濟活動	898	0
239	難以想象	898	0
240	生活條件	897	0
241	可見一斑	896	0
242	教育改革	895	0
243	藝術學院	895	0
244	週年紀念	894	0
245	國際足聯	892	0
246	惡性循環	891	0
247	投資組合	891	0
248	電力公司	891	0
249	大吉利是	889	0
250	夾手夾腳	889	0
251	好好睇睇	889	0
252	心理作用	889	0
253	相安無事	889	1
254	日新月異	888	0
255	熱門話題	888	0
256	世界銀行	887	0
257	學術研究	887	0
258	國際經濟	885	0
259	教育學院	885	0
260	膠原蛋白	885	0
261	期末考試	884	0
262	忘記密碼	882	0
263	慈善事業	882	0
264	古典音樂	880	0
265	哈根達斯	880	0
266	耳目一新	880	0
267	消化不良	879	0
268	妥善處理	877	0
269	人均收入	874	0
270	社會事業	874	0
271	保護環境	873	0
272	團隊精神	871	0
273	環境問題	871	0
274	無怨無悔	870	1
275	財政預算	870	0
276	視頻會議	869	0
277	送貨上門	869	0
278	刑事責任	867	0
279	命中註定	867	0
280	風花雪月	867	0
281	工人階級	866	1
282	受益匪淺	863	0
283	高分辨率	860	0
284	全力支持	859	0
285	市場準入	858	0
286	關鍵問題	858	0
287	注意安全	856	0
288	國際關係	855	0
289	免疫系統	853	0
290	市場機制	853	0
291	金融中心	853	0
292	外匯市場	851	0
293	撲面而來	851	0
294	軟件企業	851	0
295	傷痕累累	850	0
296	化學成分	850	0
297	通信技術	850	0
298	錦上添花	850	1
299	網絡管理	847	0
300	生活態度	846	0
301	基本建設	845	1
302	社會秩序	845	0
303	因果關係	843	0
304	生產方式	843	0
305	字裏行間	842	0
306	長期投資	842	0
307	億萬富翁	839	0
308	組織領導	837	0
309	製作方法	837	0
310	撕心裂肺	835	0
311	體育鍛煉	835	0
312	公共安全	834	0
313	不離不棄	833	0
314	勢在必行	833	0
315	娛樂節目	833	0
316	絕對優勢	832	0
317	網絡應用	832	0
318	公共關係	830	0
319	前提條件	830	0
320	薄弱環節	830	0
321	牀上用品	829	0
322	行政區劃	829	0
323	應用技術	826	0
324	機電設備	826	0
325	自動控制	826	0
326	響應時間	826	0
327	控股公司	825	0
328	敬業精神	825	0
329	穿越時空	825	0
330	橫空出世	824	0
331	文件大小	821	0
332	疑難問題	821	0
333	歷歷在目	820	0
334	電子信箱	820	0
335	我愛我家	819	0
336	法律效力	819	0
337	公共設施	818	0
338	世界末日	817	0
339	廠家直銷	817	0
340	忍者神龜	816	0
341	畢業典禮	815	0
342	視頻聊天	815	0
343	大可不必	814	0
344	日復一日	814	0
345	無私奉獻	814	0
346	學位論文	813	0
347	對衝基金	813	0
348	古今中外	811	0
349	漫無目的	810	0
350	貨物運輸	810	0
351	刑事拘留	809	0
352	政治經濟	809	0
353	物質生活	808	0
354	執行董事	807	0
355	技術指導	806	0
356	數據挖掘	806	0
357	母乳餵養	806	0
358	信息時代	805	0
359	後期製作	805	0
360	生存空間	805	0
361	社會工作	805	0
362	軍事行動	805	0
363	開拓創新	805	0
364	居住環境	804	0
365	曇花一現	804	1
366	炙手可熱	804	0
367	轉移支付	804	0
368	公用事業	803	1
369	社區建設	803	0
370	金屬材料	803	0
371	助學貸款	802	0
372	勞斯萊斯	801	0
373	如何是好	801	0
374	高層建築	801	0
375	一家大細	800	0
376	人仔細細	800	0
377	出雙入對	800	0
378	眼仔碌碌	800	0
379	香港大學	800	0
380	獨立思考	799	0
381	連帶責任	799	0
382	功不可沒	798	0
383	國際慣例	798	0
384	流行病學	798	0
385	風情萬種	798	0
386	人格魅力	797	0
387	目標管理	797	0
388	知識經濟	796	0
389	同班同學	795	0
390	藍天白雲	794	0
391	不一會兒	793	1
392	水土流失	792	0
393	經濟特區	791	1
394	房產中介	789	0
395	聯邦政府	789	1
396	呼吸困難	788	0
397	天人合一	788	0
398	技術規範	788	0
399	社會現象	788	0
400	雞皮疙瘩	788	0
401	心力衰竭	787	0
402	五角大樓	785	0
403	安全措施	785	0
404	生物化學	785	0
405	中國文學	784	0
406	天壤之別	784	0
407	管理功能	784	0
408	臨牀試驗	784	0
409	電磁輻射	784	1
410	心有靈犀	783	0
411	空氣污染	783	0
412	主題公園	782	0
413	公立醫院	782	0
414	僅此而已	781	0
415	唯物主義	781	1
416	大專院校	781	0
417	文藝演出	781	0
418	欲罷不能	781	0
419	發生關係	781	0
420	社會活動	781	0
421	財務總監	781	0
422	刑事訴訟	779	0
423	女主人公	779	0
424	開發環境	779	0
425	信心十足	778	0
426	飛來飛去	778	0
427	悲歡離合	777	1
428	支氣管炎	777	0
429	認識自己	777	0
430	夢中情人	776	0
431	生態農業	774	0
432	農業技術	773	0
433	工作小組	772	0
434	科學管理	772	0
435	食品工業	772	0
436	導航系統	771	0
437	心理治療	771	0
438	建築公司	770	0
439	教學活動	770	0
440	證明文件	770	0
441	最低工資	769	0
442	上級領導	768	0
443	養家餬口	768	0
444	密碼保護	767	0
445	條件反射	767	0
446	等離子體	767	1
447	一氧化碳	766	0
448	熱帶雨林	766	1
449	自然規律	765	0
450	血緣關係	765	0
451	心有餘悸	764	1
452	十有八九	763	1
453	四大天王	763	0
454	心路歷程	763	0
455	花樣年華	763	0
456	軍事演習	763	0
457	預防措施	763	0
458	黑色幽默	763	0
459	自由貿易	762	0
460	十二生肖	761	1
461	可圈可點	761	0
462	傳統觀念	760	0
463	上流社會	759	0
464	睡眠不足	759	0
465	傳輸速率	758	0
466	外科手術	758	0
467	歡聲笑語	758	0
468	紅杏出牆	758	0
469	通俗易懂	758	0
470	數字信號	757	0
471	民意調查	757	0
472	勞動就業	756	0
473	財務軟件	756	0
474	三位一體	755	1
475	人文景觀	755	0
476	十面埋伏	755	0
477	地理環境	755	0
478	擦身而過	755	0
479	詩情畫意	755	1
480	走火入魔	755	0
481	公共政策	754	0
482	第一桶金	754	0
483	延年益壽	753	0
484	蓄勢待發	753	0
485	朝夕相處	752	1
486	納米技術	752	0
487	教育質量	751	0
488	梅開二度	749	0
489	物質文明	749	1
490	操作規程	748	0
491	皮下組織	747	1
492	優秀學生	746	0
493	半壁江山	746	1
494	專題研究	745	0
495	對症下藥	745	0
496	就事論事	745	0
497	文化水平	745	0
498	開發過程	745	0
499	勤工儉學	744	1
500	拒之門外	742	0
501	不懷好意	740	0
502	優先發展	740	0
503	東南西北	740	1
504	標點符號	740	1
505	節約能源	740	0
506	移動設備	738	0
507	精神面貌	738	0
508	男女平等	737	0
509	光合作用	736	1
510	勞動模範	735	1
511	換位思考	735	0
512	筋疲力盡	735	0
513	退伍軍人	735	0
514	馬列主義	735	1
515	喜新厭舊	734	1
516	天下無敵	734	0
517	閃閃發光	734	0
518	互相幫助	733	0
519	出版日期	733	0
520	審美疲勞	733	0
521	教育制度	733	0
522	不可抗力	732	0
523	不得其解	732	0
524	來電顯示	732	0
525	行雲流水	732	1
526	輕鬆愉快	732	0
527	重出江湖	731	0
528	黑客帝國	731	0
529	喃喃自語	730	0
530	有感而發	730	0
531	用武之地	730	1
532	優勝劣汰	729	0
533	功能模塊	729	0
534	泣不成聲	729	0
535	一脈相承	728	1
536	初來乍到	728	0
537	嶄露頭角	728	0
538	副總經理	727	0
539	慈善機構	725	0
540	自我介紹	725	0
541	上皮細胞	724	0
542	利益衝突	724	0
543	國際新聞	724	0
544	心理因素	724	0
545	昏昏沉沉	724	0
546	電視頻道	724	0
547	個人主義	723	1
548	初戀情人	722	0
549	環保意識	722	0
550	走馬觀花	722	0
551	出門在外	721	0
552	手提電腦	721	0
553	隱私政策	721	0
554	先決條件	720	1
555	民主監督	720	0
556	機動車輛	719	0
557	生不如死	719	0
558	辦事機構	719	0
559	退休年齡	719	0
560	公職人員	718	0
561	國家權力	718	0
562	專科學校	718	1
563	恐怖組織	718	0
564	樂在其中	718	0
565	若即若離	718	1
566	食慾不振	717	0
567	侃侃而談	716	0
568	周而復始	716	0
569	生生不息	716	1
570	用心良苦	716	0
571	儲蓄存款	715	0
572	從頭開始	715	0
573	木馬病毒	715	0
574	私有財產	715	0
575	種族歧視	715	1
576	糾纏不清	714	0
577	頭等大事	714	0
578	品學兼優	711	0
579	四方八面	711	0
580	地心吸力	711	0
581	如此一來	711	0
582	家庭主婦	711	0
583	聽唔入耳	711	0
584	閃閃縮縮	711	0
585	水土不服	710	0
586	憂患意識	709	0
587	業務水平	709	0
588	性情中人	708	0
589	經濟作物	708	1
590	超級女生	708	0
591	內心深處	707	0
592	逢年過節	707	1
593	色即是空	705	0
594	不失時機	704	0
595	公共事務	704	0
596	軍事訓練	704	0
597	一聲不吭	703	0
598	發明創造	703	0
599	八國聯軍	701	0
600	定期存款	701	0
601	當家作主	701	1
602	憤憤不平	700	0
603	衣食無憂	700	0
604	新生事物	699	0
605	晃晃悠悠	697	0
606	遮遮掩掩	697	0
607	帶薪休假	696	0
608	不得好死	695	0
609	不用客氣	695	0
610	國計民生	695	1
611	手足口病	695	0
612	日常用品	695	0
613	消費習慣	695	0
614	特異功能	695	0
615	科學精神	695	0
616	信用等級	693	0
617	科特迪瓦	692	0
618	自生自滅	692	0
619	遍地開花	692	0
620	總體目標	691	0
621	另當別論	690	0
622	崇洋媚外	690	0
623	貪污受賄	690	0
624	打情罵俏	689	0
625	仁者見仁	687	0
626	忍辱負重	687	0
627	成人教育	685	0
628	一言難盡	684	1
629	圖形界面	683	0
630	電氣工程	683	0
631	人文社科	681	0
632	以身相許	681	0
633	國營企業	679	0
634	毛絨玩具	679	0
635	環氧樹脂	679	1
636	電子工程	678	0
637	接觸不良	677	0
638	文具用品	677	0
639	勞逸結合	675	0
640	烏蘭察布	672	0
641	先進水平	670	0
642	暗箱操作	670	0
643	比較分析	669	0
644	再生能源	667	0
645	新聞週刊	667	0
646	國內生產	666	0
647	百獸之王	665	0
648	自我評價	665	0
649	面對現實	665	0
650	中國醫藥	664	0
651	誤人子弟	664	1
652	週邊設備	664	0
653	玻璃纖維	663	0
654	禽獸不如	663	0
655	精神分裂	663	0
656	與生俱來	663	0
657	腰椎間盤	662	0
658	現代文學	655	0
659	信號處理	654	0
660	家用電腦	654	0
661	軟件技術	654	0
662	突然之間	652	0
663	世界文化	651	0
664	漸行漸遠	649	0
665	第一夫人	648	0
666	同等學力	647	0
667	模擬考試	647	0
668	使用手冊	646	0
669	四門轎車	646	0
670	心肌梗死	646	0
671	牛郎織女	646	0
672	電子工業	646	0
673	全文檢索	644	0
674	失物招領	644	0
675	房屋中介	644	0
676	上綱上線	643	0
677	抑制作用	643	0
678	特約記者	643	0
679	有機玻璃	642	1
680	權利聲明	642	0
681	不可收拾	641	0
682	民主生活	641	0
683	生日蛋糕	641	0
684	流動資產	640	0
685	視頻點播	640	0
686	健健康康	639	0
687	會議展覽	639	0
688	家庭教師	638	0
689	俠盜飛車	637	0
690	辦公地址	637	0
691	馬可波羅	637	0
692	生涯規劃	636	0
693	世界貿易	635	0
694	參考書目	635	0
695	教學大綱	635	0
696	毫無保留	635	0
697	通訊設備	634	0
698	開學典禮	634	0
699	參考價值	632	0
700	柳暗花明	632	1
701	臨牀經驗	632	0
702	自我安慰	631	0
703	銅仁地區	631	0
704	生生世世	630	0
705	耳鼻喉科	630	0
706	同聲傳譯	628	0
707	優惠價格	627	0
708	兩敗俱傷	627	0
709	公共事業	627	0
710	學位證書	627	0
711	離子交換	627	0
712	二十一條	626	0
713	火山爆發	626	0
714	網頁地址	626	0
715	通信網絡	626	0
716	春意盎然	625	0
717	設計規範	625	0
718	國家公園	624	0
719	新鮮空氣	624	0
720	知心朋友	624	0
721	紡織工業	623	0
722	一夜之間	622	0
723	一年一度	622	1
724	一手一腳	622	0
725	一閃而過	622	0
726	三番四次	622	0
727	冶金工業	622	0
728	口口聲聲	622	0
729	古靈精怪	622	0
730	大大話話	622	0
731	山雨欲來	622	0
732	從長計議	622	0
733	支吾以對	622	0
734	無聲無息	622	0
735	真真正正	622	0
736	私家偵探	622	0
737	見死不救	622	0
738	陸陸續續	622	0
739	順其自然	622	0
740	中規中矩	621	0
741	人身保險	621	0
742	手拉葫蘆	621	0
743	歷史沿革	621	0
744	高山流水	621	0
745	一房一廳	620	0
746	兒童教育	620	0
747	深刻印象	620	0
748	電視直播	620	0
749	養生之道	620	0
750	一分一秒	619	0
751	吸取教訓	619	0
752	物超所值	619	0
753	細胞因子	619	0
754	另行通知	618	0
755	渾身上下	618	0
756	生活空間	618	0
757	長大成人	618	0
758	靈魂深處	618	0
759	不惜一切	617	0
760	副董事長	617	0
761	春秋戰國	617	0
762	滾子軸承	617	0
763	生活設施	617	0
764	耳鼻咽喉	617	0
765	遠程監控	617	0
766	中秋佳節	616	0
767	基因工程	616	0
768	生活污水	616	0
769	冥冥之中	615	0
770	天線寶寶	615	0
771	疑難雜症	615	0
772	一時之間	614	0
773	五四運動	614	1
774	勞動能力	614	0
775	學習計劃	614	0
776	山盟海誓	614	0
777	文字處理	614	0
778	流光溢彩	614	0
779	珍珠奶茶	614	0
780	生殖器官	614	0
781	絕緣材料	614	0
782	水力發電	613	1
783	簡要介紹	613	0
784	面面相覷	613	0
785	古墓麗影	612	0
786	有氧運動	612	0
787	若有若無	612	0
788	量身定製	612	0
789	雲淡風輕	612	0
790	顧問公司	612	0
791	全身上下	611	0
792	地球科學	611	0
793	專家評論	611	0
794	故意殺人	611	0
795	故障排除	611	0
796	百家爭鳴	611	1
797	評審委員	611	0
798	龍門石窟	611	0
799	中心地帶	610	0
800	兵臨城下	610	0
801	千萬富翁	610	0
802	專欄作家	610	0
803	年紀輕輕	610	0
804	微觀經濟	610	0
805	心地善良	610	0
806	快樂幸福	610	0
807	海納百川	610	0
808	百貨商場	610	0
809	童言無忌	610	0
810	細細品味	610	0
811	觸手可及	610	0
812	驀然回首	610	0
813	天然橡膠	609	0
814	蝴蝶效應	609	0
815	一念之間	608	0
816	同母異父	608	0
817	後知後覺	608	0
818	德克薩斯	608	0
819	忽然之間	608	0
820	數據通信	608	0
821	樂於助人	608	0
822	熱帶植物	608	0
823	隻言片語	608	1
824	高脂血症	608	0
825	齊天大聖	608	0
826	一千零一	607	0
827	從頭到腳	607	0
828	瑞士軍刀	607	0
829	經濟週期	607	0
830	縱橫天下	607	0
831	貿易組織	607	0
832	商業計劃	606	0
833	單身貴族	606	0
834	尋尋覓覓	606	0
835	讓人羨慕	606	0
836	通信地址	606	0
837	電源開關	606	0
838	飛蛾撲火	606	0
839	全副武裝	605	0
840	兩岸三地	605	0
841	勞動保護	605	0
842	失而復得	605	1
843	放射治療	605	0
844	結締組織	605	0
845	鳥語花香	605	0
846	外科醫生	604	0
847	恐怖電影	604	0
848	旋轉木馬	604	0
849	未完待續	604	0
850	業餘愛好	604	0
851	沙灘排球	604	0
852	菲尼克斯	604	0
853	開花結果	604	0
854	一臂之力	603	0
855	壓縮空氣	603	0
856	永無止境	603	0
857	精密儀器	603	0
858	醉酒駕車	603	0
859	電解電容	603	0
860	不知疲倦	602	0
861	人機界面	602	0
862	傷心欲絕	602	0
863	吵吵鬧鬧	602	0
864	專家系統	602	0
865	怦然心動	602	0
866	提拉米蘇	602	0
867	曲終人散	602	0
868	極限運動	602	0
869	第一人稱	602	0
870	血栓形成	602	0
871	遊戲設備	602	0
872	乾淨利落	601	0
873	交相輝映	601	1
874	南沙羣島	601	0
875	君臨天下	601	0
876	報刊雜誌	601	0
877	專題報告	601	0
878	工業學校	601	0
879	帶狀皰疹	601	0
880	惺惺相惜	601	0
881	植物保護	601	0
882	立於不敗	601	0
883	自由職業	601	0
884	開天闢地	601	1
885	不受歡迎	600	0
886	健康檢查	600	0
887	萬家燈火	600	1
888	藍顏知己	600	0
889	選秀節目	600	0
890	電化教育	600	1
891	一片漆黑	599	0
892	不見不散	599	0
893	先後順序	599	0
894	全身而退	599	0
895	從現在起	599	0
896	東方文化	599	0
897	空氣動力	599	0
898	音樂之聲	599	0
899	三言兩語	598	0
900	健身運動	598	0
901	傳統教育	598	0
902	將計就計	598	0
903	燈火通明	598	0
904	生物降解	598	0
905	精神財富	598	0
906	行政拘留	598	0
907	逃避現實	598	0
908	內幕交易	597	0
909	夕陽西下	597	1
910	外部鏈接	597	0
911	援助之手	597	0
912	時光倒流	597	0
913	機緣巧合	597	0
914	滿心歡喜	597	0
915	職業素質	597	0
916	鋼鐵工業	597	0
917	何時何地	596	0
918	國立大學	596	0
919	帽子戲法	596	0
920	心如止水	596	0
921	更勝一籌	596	0
922	波西米亞	596	0
923	跨海大橋	596	0
924	下班時間	595	0
925	世界地圖	595	0
926	中秋月餅	595	0
927	五大連池	595	0
928	大放異彩	595	0
929	從無到有	595	0
930	朝九晚五	595	0
931	猝不及防	595	1
932	琴棋書畫	595	1
933	生意興隆	595	0
934	自由市場	595	0
935	花草樹木	595	0
936	人生在世	594	0
937	全校師生	594	0
938	四大名著	594	0
939	崗位培訓	594	0
940	意亂情迷	594	0
941	拔地而起	594	0
942	課外活動	594	0
943	質量檢查	594	0
944	電子電路	594	0
945	鬼使神差	594	0
946	黯然失色	594	0
947	七情六慾	593	0
948	五官端正	593	0
949	半信半疑	593	1
950	基因突變	593	0
951	川流不息	593	0
952	巨噬細胞	593	0
953	打打鬧鬧	593	0
954	打起精神	593	0
955	未解之謎	593	0
956	武裝分子	593	0
957	熱氣騰騰	593	0
958	瑟瑟發抖	593	0
959	血肉模糊	593	0
960	返璞歸真	593	0
961	電子器件	593	1
962	人流手術	592	0
963	人間仙境	592	0
964	化學分析	592	0
965	家庭作業	592	1
966	搶險救災	592	0
967	生物質能	592	0
968	聊齋志異	592	0
969	親密關係	592	0
970	通信服務	592	0
971	醫學檢驗	592	0
972	一飲而盡	591	0
973	信用評級	591	0
974	參考消息	591	0
975	呼嘯而過	591	0
976	國民收入	591	0
977	強身健體	591	0
978	技術知識	591	0
979	旅遊集散	591	0
980	海水浴場	591	0
981	生存之道	591	0
982	真命天子	591	0
983	網絡協議	591	0
984	致癌物質	591	0
985	議事規則	591	0
986	鮮明對比	591	0
987	一個勁兒	590	0
988	儲蓄銀行	590	0
989	因材施教	590	0
990	大喝一聲	590	0
991	尋人啓事	590	0
992	弱肉強食	590	1
993	打高爾夫	590	0
994	推卸責任	590	0
995	揚長而去	590	0
996	放聲大哭	590	0
997	百科詞典	590	0
998	直系親屬	590	0
999	視覺藝術	590	0
1000	音頻文件	590	0
1001	預防接種	590	0
1002	體外循環	590	0
1003	學以致用	589	0
1004	學生運動	589	0
1005	水天一色	589	0
1006	玉皇大帝	589	0
1007	程序控制	589	0
1008	統一規劃	589	0
1009	親筆簽名	589	0
1010	返老還童	589	1
1011	雙管齊下	589	1
1012	分子結構	588	0
1013	千呼萬喚	588	0
1014	國外市場	588	0
1015	渾身解數	588	0
1016	男扮女裝	588	0
1017	神清氣爽	588	0
1018	組合而成	588	0
1019	自導自演	588	0
1020	親臨現場	588	0
1021	試管嬰兒	588	0
1022	運行狀況	588	0
1023	道德品質	588	0
1024	電力工業	588	0
1025	風雨欲來	588	0
1026	高清晰度	588	0
1027	一統天下	587	0
1028	亂世佳人	587	0
1029	付諸行動	587	0
1030	夜幕降臨	587	0
1031	大受歡迎	587	0
1032	小鳥依人	587	0
1033	戰國時代	587	0
1034	技術移民	587	0
1035	教育電視	587	0
1036	水利樞紐	587	1
1037	無可避免	587	0
1038	秋高氣爽	587	0
1039	簡單明瞭	587	0
1040	絮絮叨叨	587	0
1041	軍事委員	587	0
1042	呼呼大睡	586	0
1043	白衣天使	586	0
1044	眼皮底下	586	0
1045	製藥企業	586	0
1046	言行舉止	586	0
1047	詩詞歌賦	586	0
1048	領銜主演	586	0
1049	世貿中心	585	0
1050	九霄雲外	585	0
1051	五穀雜糧	585	0
1052	和平共處	585	0
1053	大失所望	585	1
1054	大家閨秀	585	0
1055	展望未來	585	0
1056	投票表決	585	0
1057	時刻準備	585	0
1058	深入探討	585	0
1059	矯形外科	585	0
1060	移情別戀	585	0
1061	節約用水	585	0
1062	冰山一角	584	0
1063	可視電話	584	0
1064	四處尋找	584	0
1065	德才兼備	584	1
1066	特派記者	584	0
1067	真心真意	584	0
1068	血吸蟲病	584	0
1069	通貨緊縮	584	0
1070	低俗之風	583	0
1071	初露鋒芒	583	0
1072	司法制度	583	0
1073	專業教育	583	0
1074	帕金森病	583	0
1075	後起之秀	583	1
1076	林芝地區	583	0
1077	無路可走	583	0
1078	獨來獨往	583	0
1079	細胞培養	583	0
1080	而立之年	583	0
1081	良苦用心	583	0
1082	趨之若鶩	583	0
1083	全體師生	582	0
1084	六道輪迴	582	0
1085	國會議員	582	0
1086	多管閒事	582	1
1087	女扮男裝	582	0
1088	富家子弟	582	0
1089	憨豆先生	582	0
1090	渾然天成	582	0
1091	示範單位	582	0
1092	第二產業	582	1
1093	維持秩序	582	0
1094	自下而上	582	0
1095	自作聰明	582	1
1096	上山下鄉	581	0
1097	不理不睬	581	0
1098	人體解剖	581	0
1099	前後左右	581	0
1100	另闢蹊徑	581	0
1101	女性主義	581	0
1102	必然結果	581	0
1103	文學評論	581	0
1104	瘋瘋癲癲	581	0
1105	百歲老人	581	0
1106	課外輔導	581	0
1107	豪言壯語	581	1
1108	遊牧民族	581	0
1109	阿特拉斯	581	0
1110	革命戰爭	581	0
1111	顧客至上	581	0
1112	饒有興趣	581	0
1113	齊聚一堂	581	0
1114	判若兩人	580	0
1115	咫尺天涯	580	0
1116	品味生活	580	0
1117	日久生情	580	0
1118	最低限度	580	0
1119	模擬信號	580	0
1120	獨當一面	580	1
1121	生態平衡	580	0
1122	真情流露	580	0
1123	苦心經營	580	0
1124	金光閃閃	580	1
1125	隨叫隨到	580	0
1126	人文科學	579	1
1127	國內貿易	579	0
1128	多種經營	579	0
1129	奇門遁甲	579	0
1130	思維敏捷	579	0
1131	成雙成對	579	0
1132	書香門第	579	0
1133	朝朝暮暮	579	1
1134	涉世未深	579	0
1135	濃墨重彩	579	0
1136	球墨鑄鐵	579	0
1137	生日派對	579	0
1138	萬有引力	579	1
1139	費盡心思	579	0
1140	逆反心理	579	0
1141	電腦病毒	579	0
1142	七十二變	578	0
1143	各取所需	578	0
1144	地方法院	578	0
1145	孿生兄弟	578	0
1146	投案自首	578	0
1147	數據接口	578	0
1148	有聲讀物	578	0
1149	歡喜冤家	578	0
1150	番茄紅素	578	0
1151	胡志明市	578	0
1152	諸子百家	578	0
1153	質量保障	578	0
1154	金戈鐵馬	578	0
1155	風流倜儻	578	0
1156	一線希望	577	0
1157	一錯再錯	577	0
1158	世態炎涼	577	0
1159	半胱氨酸	577	0
1160	國家機密	577	0
1161	新新人類	577	0
1162	無藥可救	577	0
1163	組織生活	577	1
1164	美夢成真	577	0
1165	聽不進去	577	0
1166	誤打誤撞	577	0
1167	重男輕女	577	0
1168	難以捉摸	577	0
1169	七年之癢	576	0
1170	三足鼎立	576	1
1171	世界市場	576	1
1172	切合實際	576	0
1173	四世同堂	576	0
1174	國家元首	576	0
1175	奪眶而出	576	0
1176	女權主義	576	0
1177	實至名歸	576	1
1178	救命恩人	576	0
1179	止跌回升	576	0
1180	深藏不露	576	0
1181	清澈見底	576	0
1182	渾水摸魚	576	1
1183	空空蕩蕩	576	0
1184	統一發票	576	0
1185	良性腫瘤	576	0
1186	西沙羣島	576	0
1187	請勿打擾	576	0
1188	讀寫能力	576	0
1189	阿奇黴素	576	0
1190	面色蒼白	576	0
1191	鬧中取靜	576	0
1192	一時半會	575	0
1193	一線生機	575	1
1194	再好不過	575	0
1195	合成橡膠	575	0
1196	四處張望	575	0
1197	大開殺戒	575	0
1198	打定主意	575	0
1199	打道回府	575	1
1200	書面許可	575	0
1201	月黑風高	575	0
1202	活期存款	575	0
1203	無處可逃	575	0
1204	至理名言	575	0
1205	陰魂不散	575	0
1206	三房二廳	574	0
1207	五筆字型	574	0
1208	人間天堂	574	0
1209	傳輸距離	574	0
1210	千金小姐	574	0
1211	可憐巴巴	574	1
1212	單打獨鬥	574	0
1213	塵土飛揚	574	0
1214	如意算盤	574	1
1215	宮保雞丁	574	0
1216	形同陌路	574	0
1217	愛理不理	574	0
1218	明智之舉	574	0
1219	會計科目	574	0
1220	生物燃料	574	0
1221	白頭到老	574	0
1222	芝士蛋糕	574	0
1223	難以形容	574	0
1224	電力機車	574	0
1225	電影劇本	574	0
1226	電影明星	574	0
1227	額爾古納	574	0
1228	養育之恩	574	0
1229	驚險刺激	574	0
1230	丙烯酸酯	573	0
1231	動態網頁	573	0
1232	含苞待放	573	0
1233	塔城地區	573	0
1234	多事之秋	573	0
1235	太空行走	573	0
1236	如詩如畫	573	0
1237	季風氣候	573	1
1238	手扳葫蘆	573	0
1239	氣象預報	573	0
1240	氧化作用	573	0
1241	活力四射	573	0
1242	玉樹臨風	573	0
1243	精雕細琢	573	0
1244	網絡成癮	573	0
1245	落葉歸根	573	0
1246	親子關係	573	0
1247	飲食男女	573	0
1248	不可侵犯	572	0
1249	五年計劃	572	0
1250	人工授精	572	0
1251	人生如夢	572	0
1252	你來我往	572	0
1253	價值判斷	572	0
1254	化學纖維	572	1
1255	團團圍住	572	0
1256	天賜良緣	572	0
1257	數值分析	572	0
1258	文革時期	572	0
1259	有機合成	572	0
1260	水路運輸	572	0
1261	淮海戰役	572	0
1262	知識青年	572	1
1263	積壓物資	572	0
1264	路由協議	572	0
1265	辨證論治	572	0
1266	過關斬將	572	1
1267	公共行政	571	0
1268	出生缺陷	571	0
1269	到此一遊	571	0
1270	口乾舌燥	571	0
1271	各懷鬼胎	571	0
1272	回眸一笑	571	0
1273	外交關係	571	0
1274	文房四寶	571	1
1275	枯燥無味	571	0
1276	武漢地區	571	0
1277	翁牛特旗	571	0
1278	血濃於水	571	0
1279	金童玉女	571	0
1280	陰晴不定	571	0
1281	電子文件	571	0
1282	電子警察	571	0
1283	革命委員	571	0
1284	高人一等	571	0
1285	齊頭並進	571	1
1286	不吐不快	570	0
1287	傳動裝置	570	0
1288	公共廁所	570	0
1289	刻苦學習	570	0
1290	子宮頸癌	570	0
1291	恍恍惚惚	570	0
1292	擦亮眼睛	570	0
1293	收支平衡	570	0
1294	最後通牒	570	0
1295	物質財富	570	0
1296	疑難解答	570	0
1297	皰疹病毒	570	0
1298	窮追不捨	570	0
1299	結業證書	570	0
1300	美容手術	570	0
1301	習慣用語	570	0
1302	語音識別	570	0
1303	閒言碎語	570	0
1304	久別重逢	569	1
1305	人體器官	569	0
1306	公務人員	569	0
1307	升官發財	569	0
1308	喜極而泣	569	0
1309	將信將疑	569	1
1310	投懷送抱	569	0
1311	故地重遊	569	0
1312	文藝作品	569	0
1313	星星之火	569	1
1314	殺人滅口	569	0
1315	油鹽醬醋	569	1
1316	牽線搭橋	569	1
1317	王母娘娘	569	1
1318	甜甜蜜蜜	569	0
1319	穿着打扮	569	0
1320	第三人稱	569	0
1321	精神飽滿	569	0
1322	約定俗成	569	1
1323	總指揮部	569	0
1324	總政治部	569	1
1325	自相殘殺	569	1
1326	邊遠地區	569	0
1327	電視廣播	569	0
1328	驚鴻一瞥	569	0
1329	不可逾越	568	0
1330	中英對照	568	0
1331	事不關己	568	0
1332	供過於求	568	0
1333	依山傍水	568	0
1334	先到先得	568	0
1335	含糊不清	568	0
1336	地緣政治	568	0
1337	外籍人士	568	0
1338	大徹大悟	568	0
1339	大量生產	568	0
1340	天地萬物	568	0
1341	得力助手	568	0
1342	時過境遷	568	0
1343	權利要求	568	0
1344	歷史版本	568	0
1345	流於形式	568	0
1346	男兒本色	568	0
1347	程控電話	568	0
1348	精力旺盛	568	0
1349	護花使者	568	0
1350	身外之物	568	0
1351	適者生存	568	1
1352	首席代表	568	0
1353	一瘸一拐	567	0
1354	一面之緣	567	0
1355	公共秩序	567	0
1356	國際音標	567	0
1357	堂吉訶德	567	0
1358	數學物理	567	0
1359	時好時壞	567	0
1360	滿漢全席	567	0
1361	熱情奔放	567	0
1362	生辰八字	567	0
1363	神出鬼沒	567	0
1364	秀色可餐	567	0
1365	結算方式	567	0
1366	經合組織	567	0
1367	自由落體	567	0
1368	親眼所見	567	0
1369	躡手躡腳	567	0
1370	轟動一時	567	0
1371	運行方式	567	0
1372	難以相信	567	0
1373	不藥而癒	566	0
1374	以貌取人	566	0
1375	出水芙蓉	566	0
1376	威逼利誘	566	0
1377	屋頂花園	566	0
1378	心裏有數	566	0
1379	必死無疑	566	0
1380	志在必得	566	1
1381	情何以堪	566	0
1382	爭強好勝	566	0
1383	男歡女愛	566	0
1384	白裏透紅	566	0
1385	第一產業	566	1
1386	精神失常	566	0
1387	經歷風雨	566	0
1388	良心發現	566	0
1389	閉目養神	566	0
1390	面帶笑容	566	0
1391	風靡一時	566	0
1392	高速緩存	566	0
1393	點睛之筆	566	0
1394	一夫一妻	565	0
1395	三國鼎立	565	0
1396	不可戰勝	565	0
1397	受騙上當	565	0
1398	囊中羞澀	565	0
1399	四大美女	565	0
1400	氣定神閒	565	0
1401	苦苦哀求	565	0
1402	親生父母	565	0
1403	財源滾滾	565	0
1404	轉眼之間	565	0
1405	隨地吐痰	565	0
1406	前列腺素	564	0
1407	勞動教養	564	0
1408	大魚大肉	564	0
1409	幸福家庭	564	0
1410	感性認識	564	1
1411	按兵不動	564	0
1412	文明社會	564	0
1413	旅順口區	564	0
1414	朝陽產業	564	0
1415	未嘗不可	564	0
1416	槍林彈雨	564	0
1417	沉默是金	564	0
1418	稱兄道弟	564	0
1419	自掏腰包	564	0
1420	虛張聲勢	564	0
1421	行動不便	564	0
1422	連綿不絕	564	0
1423	隨時歡迎	564	0
1424	非比尋常	564	0
1425	切實有效	563	0
1426	名利雙收	563	0
1427	吹灰之力	563	0
1428	基地組織	563	0
1429	網絡設計	563	0
1430	總領事館	563	0
1431	蕾絲花邊	563	0
1432	蚊蟲叮咬	563	0
1433	身經百戰	563	0
1434	逆流而上	563	0
1435	韜光養晦	563	0
1436	體格檢查	563	0
1437	人格分裂	562	0
1438	便利商店	562	0
1439	公司會議	562	0
1440	冬暖夏涼	562	0
1441	嚴正聲明	562	0
1442	崢嶸歲月	562	1
1443	成語接龍	562	0
1444	所屬單位	562	0
1445	昂首挺胸	562	0
1446	時光飛逝	562	0
1447	欲購從速	562	0
1448	法治建設	562	0
1449	相夫教子	562	0
1450	秦始皇陵	562	0
1451	細胞週期	562	0
1452	逐鹿中原	562	0
1453	野生植物	562	0
1454	開閉幕式	562	0
1455	難以解決	562	0
1456	革命先烈	562	0
1457	像模像樣	561	0
1458	周遊世界	561	0
1459	國防工業	561	0
1460	基本國策	561	0
1461	大富大貴	561	0
1462	官商勾結	561	0
1463	客觀世界	561	0
1464	戰火紛飛	561	0
1465	拾金不昧	561	0
1466	有容乃大	561	0
1467	機會成本	561	0
1468	每週一次	561	0
1469	無法替代	561	0
1470	精神領袖	561	0
1471	臨牀實驗	561	0
1472	艾滋病毒	561	1
1473	逃出生天	561	0
1474	雞飛狗跳	561	0
1475	一波又起	560	0
1476	一波未平	560	0
1477	一箭雙鵰	560	1
1478	不解風情	560	0
1479	公平合理	560	0
1480	公立學校	560	0
1481	冰糖葫蘆	560	1
1482	前塵往事	560	0
1483	啞然失笑	560	0
1484	國際公約	560	0
1485	心高氣傲	560	0
1486	惡意代碼	560	0
1487	水生植物	560	0
1488	添磚加瓦	560	0
1489	無師自通	560	0
1490	牢獄之災	560	0
1491	現場會議	560	0
1492	紅頭文件	560	0
1493	週末愉快	560	0
1494	雙方同意	560	0
1495	高等法院	560	0
1496	齒輪傳動	560	0
1497	何年何月	559	0
1498	來歷不明	559	0
1499	十六進制	559	0
1500	喜怒無常	559	0
1501	單核細胞	559	0
1502	單純皰疹	559	0
1503	寧靜致遠	559	0
1504	新華日報	559	0
1505	機會主義	559	1
1506	武警戰士	559	0
1507	殺人放火	559	0
1508	百年好合	559	0
1509	聚酰亞胺	559	0
1510	肌肉注射	559	0
1511	自助餐廳	559	0
1512	良辰美景	559	1
1513	行政單位	559	0
1514	運動神經	559	1
1515	顧全大局	559	0
1516	齊人之福	559	0
1517	出土文物	558	1
1518	刀槍不入	558	0
1519	分工合作	558	0
1520	千錘百鍊	558	0
1521	商品生產	558	0
1522	多米尼克	558	0
1523	嫦娥奔月	558	0
1524	拜師學藝	558	0
1525	掛在嘴上	558	0
1526	改朝換代	558	1
1527	數字通信	558	0
1528	民族工業	558	0
1529	照明設備	558	0
1530	立足之地	558	1
1531	站不住腳	558	0
1532	貪小便宜	558	0
1533	逼上梁山	558	1
1534	長途旅行	558	0
1535	開發週期	558	0
1536	麻醉藥品	558	0
1537	人情冷暖	557	0
1538	口無遮攔	557	0
1539	名譽會長	557	0
1540	搶先一步	557	0
1541	放手一搏	557	0
1542	文殊菩薩	557	0
1543	明日之星	557	0
1544	異國情調	557	0
1545	異常現象	557	0
1546	穩扎穩打	557	0
1547	親自出馬	557	0
1548	身懷絕技	557	0
1549	遠大理想	557	0
1550	雲岡石窟	557	0
1551	三房一廳	556	0
1552	上合組織	556	0
1553	分組討論	556	0
1554	參考手冊	556	0
1555	叫醒服務	556	0
1556	大不如前	556	0
1557	婦科醫生	556	0
1558	懸而未決	556	0
1559	捨我其誰	556	0
1560	據理力爭	556	0
1561	收盤價格	556	0
1562	於心不忍	556	0
1563	曲徑通幽	556	0
1564	核心人物	556	0
1565	核糖核酸	556	0
1566	水木清華	556	0
1567	水火不容	556	0
1568	生死關頭	556	0
1569	羣雄逐鹿	556	1
1570	許可協議	556	0
1571	酒精中毒	556	0
1572	重色輕友	556	0
1573	靜觀其變	556	0
1574	驚歎不已	556	0
1575	不惑之年	555	1
1576	交換技術	555	0
1577	假戲真做	555	0
1578	全然不知	555	0
1579	公費醫療	555	0
1580	十之八九	555	1
1581	專業精神	555	0
1582	年輕貌美	555	0
1583	恍如隔世	555	0
1584	扭轉乾坤	555	0
1585	招人喜歡	555	0
1586	欲蓋彌彰	555	0
1587	深情款款	555	0
1588	演出地點	555	0
1589	白雪皚皚	555	0
1590	矇混過關	555	0
1591	結伴同行	555	0
1592	纖維工業	555	0
1593	酒足飯飽	555	0
1594	三十而立	554	0
1595	不堪忍受	554	0
1596	乍暖還寒	554	0
1597	休閒活動	554	0
1598	兩肋插刀	554	0
1599	名符其實	554	1
1600	太平盛世	554	0
1601	失血過多	554	0
1602	少兒不宜	554	0
1603	平板玻璃	554	0
1604	引咎辭職	554	0
1605	拔河比賽	554	0
1606	收放自如	554	0
1607	有婦之夫	554	0
1608	機關算盡	554	0
1609	爵士音樂	554	0
1610	社會形態	554	0
1611	社會意識	554	0
1612	第二課堂	554	0
1613	老夫老妻	554	0
1614	自來水管	554	0
1615	自由戀愛	554	0
1616	良種繁育	554	0
1617	苦中作樂	554	0
1618	見好就收	554	0
1619	見過世面	554	0
1620	課外讀物	554	0
1621	農曆新年	554	0
1622	醉翁之意	554	0
1623	駕駛執照	554	0
1624	一笑了之	553	0
1625	不可挽回	553	0
1626	傳輸設備	553	0
1627	商業發票	553	0
1628	噪聲污染	553	0
1629	教育局長	553	0
1630	科學普及	553	0
1631	臨危受命	553	0
1632	調虎離山	553	0
1633	跌打損傷	553	0
1634	迴光返照	553	0
1635	逃離現場	553	0
1636	連根拔起	553	0
1637	不能自已	552	0
1638	中庸之道	552	0
1639	乏善可陳	552	0
1640	克林黴素	552	0
1641	包皮環切	552	0
1642	反面教材	552	0
1643	叮叮噹噹	552	0
1644	同父異母	552	0
1645	國家機構	552	0
1646	嬉笑怒罵	552	0
1647	存在主義	552	0
1648	完美無瑕	552	0
1649	對簿公堂	552	0
1650	左擁右抱	552	0
1651	濛濛細雨	552	0
1652	白駒過隙	552	0
1653	百看不厭	552	1
1654	社會存在	552	1
1655	神來之筆	552	0
1656	素面朝天	552	0
1657	西班牙文	552	0
1658	軍事學院	552	0
1659	陽春白雪	552	0
1660	雙目失明	552	0
1661	龍鳳呈祥	552	0
1662	一腔熱血	551	0
1663	不成比例	551	0
1664	冷血動物	551	1
1665	凹凸有致	551	0
1666	北戴河區	551	0
1667	四書五經	551	0
1668	地下錢莊	551	0
1669	專職人員	551	0
1670	展翅高飛	551	0
1671	正是如此	551	0
1672	治病救人	551	0
1673	添油加醋	551	1
1674	產前檢查	551	0
1675	產科醫生	551	0
1676	登堂入室	551	1
1677	發財致富	551	0
1678	真假難辨	551	0
1679	碳酸氫鈉	551	0
1680	立法機關	551	0
1681	置身其中	551	0
1682	能歌善舞	551	0
1683	自取其辱	551	0
1684	衣衫襤褸	551	0
1685	視頻節目	551	0
1686	請君入甕	551	0
1687	鮮血淋漓	551	0
1688	三農問題	550	0
1689	不惜犧牲	550	0
1690	出庭作證	550	0
1691	同牀共枕	550	0
1692	君子之交	550	0
1693	喧賓奪主	550	1
1694	塞翁失馬	550	0
1695	情意綿綿	550	0
1696	打草驚蛇	550	0
1697	暗渡陳倉	550	0
1698	男才女貌	550	0
1699	看不過去	550	0
1700	碎片整理	550	0
1701	老少皆宜	550	0
1702	要死要活	550	0
1703	遊行示威	550	0
1704	雄性激素	550	0
1705	音頻設備	550	0
1706	一直往前	549	0
1707	三國時代	549	0
1708	不讓鬚眉	549	0
1709	交通意外	549	0
1710	小兒麻痹	549	0
1711	應用物理	549	0
1712	拉米夫定	549	0
1713	文藝活動	549	0
1714	新來乍到	549	0
1715	春華秋實	549	0
1716	有關各方	549	0
1717	液壓傳動	549	0
1718	無休無止	549	0
1719	登門拜訪	549	0
1720	睡眼惺忪	549	0
1721	等一會兒	549	0
1722	蘇州地區	549	0
1723	資訊科技	549	0
1724	金髮碧眼	549	0
1725	魚與熊掌	549	0
1726	黃道吉日	549	1
1727	黑白電視	549	0
1728	一般貿易	548	0
1729	不可限量	548	0
1730	任人宰割	548	0
1731	危重病人	548	0
1732	可喜可賀	548	0
1733	基本單位	548	0
1734	大雅之堂	548	0
1735	太陽輻射	548	0
1736	專線電話	548	0
1737	尊老愛幼	548	1
1738	屢試不爽	548	0
1739	左右搖擺	548	0
1740	席地而坐	548	0
1741	張燈結綵	548	0
1742	拼圖遊戲	548	0
1743	核反應堆	548	1
1744	武裝警察	548	0
1745	河東獅吼	548	0
1746	浪子回頭	548	0
1747	燃氣輪機	548	1
1748	生產勞動	548	0
1749	百聽不厭	548	1
1750	空手而歸	548	0
1751	自動恢復	548	0
1752	蓋世英雄	548	0
1753	虛度光陰	548	0
1754	轟動效應	548	0
1755	鹹魚翻身	548	0
1756	麥田怪圈	548	0
1757	一式兩份	547	0
1758	三民主義	547	1
1759	傳播媒介	547	0
1760	分析處理	547	0
1761	守恆定律	547	0
1762	懷恨在心	547	0
1763	披頭散髮	547	0
1764	毫無用處	547	0
1765	活學活用	547	0
1766	男左女右	547	0
1767	監管體制	547	0
1768	眼淚汪汪	547	0
1769	秋水伊人	547	0
1770	網絡語言	547	0
1771	臨牀特徵	547	0
1772	負有責任	547	0
1773	載入史冊	547	0
1774	一夫多妻	546	0
1775	互不相讓	546	0
1776	催化裂化	546	0
1777	全心投入	546	0
1778	刻苦鑽研	546	0
1779	口齒伶俐	546	0
1780	夜不歸宿	546	0
1781	志趣相投	546	0
1782	歷久彌新	546	0
1783	深受感動	546	0
1784	潤腸通便	546	0
1785	無牽無掛	546	0
1786	熱帶地區	546	0
1787	生物材料	546	0
1788	細嚼慢嚥	546	0
1789	行使職權	546	0
1790	財政年度	546	1
1791	連滾帶爬	546	0
1792	開放政策	546	0
1793	俗不可耐	545	0
1794	偷天換日	545	1
1795	充分就業	545	0
1796	共同基金	545	0
1797	化學變化	545	1
1798	孤魂野鬼	545	0
1799	情真意切	545	0
1800	收復失地	545	0
1801	春花秋月	545	0
1802	有軌電車	545	0
1803	海軍基地	545	0
1804	現代五項	545	0
1805	結婚證書	545	0
1806	自卑心理	545	0
1807	萬萬不可	545	0
1808	葬身之地	545	0
1809	越王勾踐	545	0
1810	造福人類	545	0
1811	遊戲人間	545	0
1812	隻字不提	545	0
1813	電機工程	545	0
1814	鼓舞人心	545	0
1815	來者不善	544	0
1816	出師不利	544	0
1817	卑鄙無恥	544	0
1818	危機重重	544	0
1819	地震預報	544	0
1820	孩提時代	544	0
1821	小麥胚芽	544	0
1822	市民社會	544	0
1823	心無旁騖	544	0
1824	心胸狹窄	544	0
1825	才貌雙全	544	0
1826	有色眼鏡	544	0
1827	有限元法	544	0
1828	欺人太甚	544	1
1829	民族舞蹈	544	0
1830	氣勢如虹	544	0
1831	物極必反	544	0
1832	盤古開天	544	0
1833	第二職業	544	0
1834	節節敗退	544	0
1835	約束條件	544	0
1836	能源危機	544	0
1837	自學成才	544	0
1838	自行決定	544	0
1839	著名人物	544	0
1840	超級鏈接	544	0
1841	達斡爾族	544	0
1842	重新做人	544	0
1843	阿布哈茲	544	0
1844	雅俗共賞	544	1
1845	雙重標準	544	0
1846	面目猙獰	544	0
1847	魑魅魍魎	544	0
1848	一潭死水	543	1
1849	丹霞地貌	543	0
1850	以訛傳訛	543	1
1851	反導系統	543	0
1852	各有所長	543	1
1853	國家機器	543	0
1854	大雪紛飛	543	1
1855	天然纖維	543	0
1856	奇花異草	543	1
1857	抗壞血酸	543	0
1858	毫無價值	543	0
1859	理性認識	543	1
1860	空中飛人	543	0
1861	聯合政府	543	1
1862	肌肉發達	543	0
1863	至始至終	543	0
1864	裝神弄鬼	543	0
1865	親屬關係	543	0
1866	開國元勳	543	0
1867	一葉扁舟	542	0
1868	不同以往	542	0
1869	傷亡慘重	542	0
1870	利國利民	542	1
1871	國事訪問	542	0
1872	屢戰屢敗	542	0
1873	山崩地裂	542	0
1874	持槍搶劫	542	0
1875	歷史遺跡	542	0
1876	父母雙亡	542	0
1877	生財之道	542	0
1878	繁星點點	542	0
1879	軍備競賽	542	0
1880	長驅直入	542	0
1881	隔熱材料	542	0
1882	飛鴿傳書	542	0
1883	香消玉殞	542	0
1884	一般規定	541	0
1885	三妻四妾	541	0
1886	不分晝夜	541	0
1887	不言自明	541	0
1888	人面桃花	541	0
1889	冰雪聰明	541	0
1890	外生殖器	541	0
1891	大禹治水	541	0
1892	妙齡少女	541	0
1893	寧缺毋濫	541	0
1894	年老體弱	541	0
1895	恩愛夫妻	541	0
1896	搶購一空	541	0
1897	普賢菩薩	541	0
1898	有備無患	541	0
1899	氫氧化鋁	541	0
1900	皮下注射	541	0
1901	禍國殃民	541	1
1902	肌肉組織	541	0
1903	胎死腹中	541	0
1904	自然選擇	541	0
1905	自甘墮落	541	0
1906	自由意志	541	0
1907	良家婦女	541	0
1908	解放運動	541	0
1909	觸摸屏幕	541	0
1910	農業社會	541	0
1911	過渡金屬	541	0
1912	重整旗鼓	541	0
1913	飛檐走壁	541	0
1914	五代十國	540	0
1915	人工受孕	540	0
1916	人魚小姐	540	0
1917	優化組合	540	0
1918	友好訪問	540	0
1919	大幹一場	540	0
1920	寧波地區	540	0
1921	對酒當歌	540	0
1922	工業時代	540	0
1923	授權範圍	540	0
1924	收拾殘局	540	0
1925	火災現場	540	0
1926	燃煤鍋爐	540	0
1927	特寫鏡頭	540	0
1928	稀土金屬	540	0
1929	美侖美奐	540	0
1930	自彈自唱	540	0
1931	自行解決	540	0
1932	花容失色	540	0
1933	衣食父母	540	1
1934	話到嘴邊	540	0
1935	證據確鑿	540	0
1936	變化莫測	540	0
1937	造紙工業	540	0
1938	閒雲野鶴	540	0
1939	不勝感激	539	0
1940	主權國家	539	0
1941	人海茫茫	539	0
1942	劍走偏鋒	539	0
1943	四季如春	539	0
1944	四捨五入	539	0
1945	安安心心	539	0
1946	實屬不易	539	0
1947	強烈願望	539	0
1948	有錢有勢	539	0
1949	正鑲白旗	539	0
1950	民間舞蹈	539	0
1951	求同存異	539	0
1952	淺顯易懂	539	0
1953	生死未卜	539	0
1954	福利事業	539	0
1955	精忠報國	539	0
1956	蔚然成風	539	1
1957	車牌號碼	539	0
1958	點火開關	539	0
1959	不當得利	538	0
1960	儒林外史	538	0
1961	分一杯羹	538	0
1962	危急關頭	538	0
1963	塔里木河	538	0
1964	得償所願	538	0
1965	心存僥倖	538	0
1966	戰略轟炸	538	0
1967	日趨嚴重	538	0
1968	波瀾起伏	538	0
1969	物質享受	538	0
1970	相差不多	538	0
1971	知恩圖報	538	0
1972	知書達理	538	0
1973	笑臉相迎	538	1
1974	義務勞動	538	1
1975	駐車制動	538	0
1976	乒乓球拍	537	0
1977	人無完人	537	0
1978	催化作用	537	0
1979	天主教徒	537	1
1980	後繼有人	537	1
1981	得來不易	537	0
1982	教育部長	537	0
1983	暗度陳倉	537	0
1984	權衡利弊	537	0
1985	種子選手	537	0
1986	立體電影	537	0
1987	細胞色素	537	0
1988	緊密配合	537	0
1989	聰明絕頂	537	0
1990	良渚文化	537	0
1991	落地生根	537	0
1992	著稱於世	537	0
1993	血管硬化	537	0
1994	踏雪尋梅	537	0
1995	輸入設備	537	0
1996	輻射防護	537	0
1997	雄性不育	537	0
1998	黑白兩道	537	0
1999	三頭六臂	536	1
2000	倒背如流	536	0
2001	價值規律	536	0
2002	利益輸送	536	0
2003	多模光纖	536	0
2004	委以重任	536	0
2005	富可敵國	536	0
2006	導彈系統	536	0
2007	年終獎金	536	0
2008	心理現象	536	0
2009	殫精竭慮	536	0
2010	比較而言	536	0
2011	泡沫經濟	536	0
2012	浩然正氣	536	0
2013	深有同感	536	0
2014	相視而笑	536	0
2015	精耕細作	536	1
2016	細胞組織	536	0
2017	結構理論	536	0
2018	聚酯樹脂	536	0
2019	自我檢討	536	0
2020	色情電影	536	0
2021	豪情萬丈	536	0
2022	走親訪友	536	0
2023	閉門造車	536	0
2024	附庸風雅	536	0
2025	青春永駐	536	0
2026	一較高下	535	0
2027	不告而別	535	0
2028	不明就裏	535	0
2029	五雷轟頂	535	0
2030	勝券在握	535	0
2031	勞動保險	535	0
2032	勞資糾紛	535	0
2033	千刀萬剮	535	0
2034	古文觀止	535	0
2035	單模光纖	535	0
2036	抽絲剝繭	535	0
2037	探明儲量	535	0
2038	是非之地	535	0
2039	海外僑胞	535	0
2040	無冕之王	535	0
2041	管道運輸	535	0
2042	聽力理解	535	0
2043	薩爾茨堡	535	0
2044	誓不罷休	535	0
2045	資不抵債	535	0
2046	避重就輕	535	0
2047	錦繡前程	535	0
2048	上天入地	534	0
2049	以毒攻毒	534	0
2050	伸張正義	534	0
2051	低頭不語	534	0
2052	光學玻璃	534	0
2053	內酰胺酶	534	0
2054	商業應用	534	0
2055	太陽電池	534	1
2056	孔雀開屏	534	0
2057	完全兼容	534	0
2058	寸土寸金	534	1
2059	微觀世界	534	1
2060	心如刀絞	534	0
2061	打小報告	534	0
2062	有所不知	534	0
2063	次生災害	534	0
2064	犯罪集團	534	0
2065	獨立宣言	534	0
2066	直角三角	534	0
2067	神經過敏	534	0
2068	通風報信	534	1
2069	量體裁衣	534	0
2070	頭重腳輕	534	0
2071	首開紀錄	534	0
2072	三姑六婆	533	1
2073	不懂裝懂	533	0
2074	人壽保險	533	0
2075	全盛時期	533	0
2076	八月十五	533	0
2077	北洋水師	533	0
2078	同歸於盡	533	0
2079	唔使客氣	533	0
2080	嘈喧巴閉	533	0
2081	垂直搜索	533	0
2082	大腹便便	533	1
2083	大開眼界	533	0
2084	天外來客	533	0
2085	孤男寡女	533	0
2086	害人不淺	533	0
2087	專有名詞	533	0
2088	平方英尺	533	1
2089	得而復失	533	0
2090	悠哉悠哉	533	0
2091	捷報頻傳	533	0
2092	機不可失	533	0
2093	求神拜佛	533	0
2094	泰晤士河	533	0
2095	浪得虛名	533	0
2096	牛高馬大	533	0
2097	甩皮甩骨	533	0
2098	登山運動	533	0
2099	相對密度	533	0
2100	相形見絀	533	1
2101	省直管縣	533	0
2102	紅衣主教	533	0
2103	絕代佳人	533	0
2104	美中不足	533	0
2105	自立自強	533	0
2106	重見光明	533	0
2107	鐵達尼號	533	0
2108	長途電話	533	0
2109	阻頭阻勢	533	0
2110	雲霄飛車	533	0
2111	一石二鳥	532	0
2112	一紙空文	532	1
2113	一般原則	532	0
2114	不眠不休	532	0
2115	反作用力	532	1
2116	各領風騷	532	0
2117	圖書館員	532	0
2118	大舉進攻	532	0
2119	安享晚年	532	1
2120	屢敗屢戰	532	0
2121	心胸開闊	532	0
2122	性格不合	532	0
2123	應召女郎	532	0
2124	拔刀相助	532	0
2125	有夫之婦	532	0
2126	有權有勢	532	0
2127	河北日報	532	0
2128	無惡不作	532	1
2129	無線電波	532	0
2130	物質獎勵	532	0
2131	環氧乙烷	532	0
2132	病從口入	532	0
2133	盲目崇拜	532	0
2134	硝酸甘油	532	1
2135	遠洋運輸	532	0
2136	一以貫之	531	0
2137	一次方程	531	0
2138	一葉知秋	531	0
2139	人定勝天	531	0
2140	傳動機構	531	0
2141	光陰似箭	531	1
2142	免疫應答	531	0
2143	及時行樂	531	0
2144	吞雲吐霧	531	0
2145	嚴於律己	531	0
2146	太僕寺旗	531	0
2147	寬衣解帶	531	0
2148	封建思想	531	0
2149	就地取材	531	1
2150	抽象思維	531	0
2151	望其項背	531	0
2152	滿城風雨	531	0
2153	燙手山芋	531	0
2154	爭權奪利	531	1
2155	獨家新聞	531	0
2156	玉石俱焚	531	0
2157	百年樹人	531	0
2158	科學幻想	531	0
2159	辦公時間	531	0
2160	長足進步	531	0
2161	防禦工事	531	0
2162	雌性激素	531	0
2163	電視公司	531	0
2164	高等代數	531	0
2165	一飽眼福	530	0
2166	三輪車夫	530	0
2167	勿忘國恥	530	0
2168	同名同姓	530	0
2169	基尼係數	530	0
2170	天外有天	530	0
2171	如意郎君	530	0
2172	投石問路	530	0
2173	正反兩面	530	0
2174	正態分佈	530	0
2175	步調一致	530	0
2176	歷盡艱辛	530	0
2177	清心寡慾	530	0
2178	班門弄斧	530	0
2179	真刀真槍	530	0
2180	精神健康	530	0
2181	精神錯亂	530	0
2182	紅顏薄命	530	0
2183	聚酯纖維	530	0
2184	行俠仗義	530	0
2185	趨利避害	530	0
2186	速溶咖啡	530	0
2187	高音喇叭	530	0
2188	一眼望去	529	0
2189	五味雜陳	529	0
2190	人小鬼大	529	0
2191	兩個文明	529	0
2192	共處一室	529	0
2193	唯物史觀	529	0
2194	嘖嘖稱奇	529	0
2195	大寫字母	529	0
2196	學齡兒童	529	0
2197	平淡無味	529	0
2198	恍若隔世	529	0
2199	永無休止	529	0
2200	江郎才盡	529	0
2201	活字印刷	529	0
2202	照單全收	529	0
2203	疏忽大意	529	0
2204	示威遊行	529	0
2205	縮成一團	529	0
2206	老有所養	529	0
2207	膠原纖維	529	0
2208	自負盈虧	529	0
2209	苯丙氨酸	529	0
2210	見招拆招	529	0
2211	趁虛而入	529	0
2212	金玉良言	529	0
2213	面試工作	529	0
2214	高速網絡	529	0
2215	三峽水庫	528	0
2216	並行計算	528	0
2217	以點帶面	528	0
2218	信仰自由	528	0
2219	傷風感冒	528	0
2220	價值標準	528	0
2221	加減乘除	528	0
2222	各色各樣	528	0
2223	善後事宜	528	0
2224	囂張氣焰	528	0
2225	四肢無力	528	0
2226	四腳朝天	528	0
2227	基礎結構	528	0
2228	學無止境	528	0
2229	招財進寶	528	0
2230	文武百官	528	0
2231	本性難移	528	0
2232	氣宇軒昂	528	0
2233	海水養殖	528	0
2234	混混沌沌	528	0
2235	測量工具	528	0
2236	社會正義	528	0
2237	社會青年	528	0
2238	繞來繞去	528	0
2239	能量代謝	528	0
2240	荷槍實彈	528	0
2241	表露無遺	528	0
2242	裝甲部隊	528	0
2243	貌美如花	528	0
2244	風水先生	528	0
2245	上層社會	527	0
2246	世風日下	527	1
2247	來日方長	527	0
2248	六十四卦	527	0
2249	凱旋歸來	527	0
2250	功率輸出	527	0
2251	勢在必得	527	0
2252	卵母細胞	527	0
2253	反式脂肪	527	0
2254	司法獨立	527	0
2255	吉爾吉斯	527	0
2256	天體物理	527	0
2257	如期完成	527	0
2258	容量分析	527	0
2259	平均速度	527	0
2260	往事如風	527	0
2261	恩恩愛愛	527	0
2262	星火燎原	527	0
2263	東方文明	527	0
2264	水生動物	527	0
2265	滿口答應	527	0
2266	牛肉拉麪	527	0
2267	神職人員	527	0
2268	竹籃打水	527	0
2269	縱橫捭闔	527	0
2270	虛擬環境	527	0
2271	血跡斑斑	527	0
2272	行萬里路	527	0
2273	衣衫不整	527	0
2274	表面文章	527	0
2275	親戚關係	527	0
2276	通信線路	527	0
2277	鑑賞能力	527	0
2278	長孫無忌	527	0
2279	開張大吉	527	0
2280	雙重人格	527	0
2281	一問一答	526	0
2282	一字之差	526	0
2283	一柱擎天	526	0
2284	一語中的	526	0
2285	上半部分	526	0
2286	交叉學科	526	0
2287	人生意義	526	0
2288	十字街頭	526	1
2289	十項全能	526	0
2290	合乎邏輯	526	0
2291	呲牙咧嘴	526	0
2292	哼哼唧唧	526	0
2293	國家銀行	526	0
2294	大駕光臨	526	0
2295	字母順序	526	0
2296	寶刀未老	526	0
2297	左思右想	526	0
2298	技術科學	526	0
2299	操作環境	526	0
2300	教學相長	526	0
2301	明辨是非	526	1
2302	普通教育	526	0
2303	標準尺寸	526	0
2304	標準組織	526	0
2305	武裝鬥爭	526	0
2306	歪曲事實	526	0
2307	毫髮無損	526	0
2308	無一倖免	526	0
2309	無字天書	526	0
2310	無所遁形	526	0
2311	狗血淋頭	526	0
2312	禍從口出	526	1
2313	結婚典禮	526	0
2314	臨危不亂	526	0
2315	自問自答	526	0
2316	自尋死路	526	0
2317	語音信箱	526	0
2318	追根溯源	526	0
2319	遺傳物質	526	0
2320	阿貓阿狗	526	0
2321	一夫當關	525	0
2322	做牛做馬	525	0
2323	兒科醫生	525	0
2324	公司理財	525	0
2325	公平貿易	525	0
2326	勞動條件	525	0
2327	口齒不清	525	0
2328	可大可小	525	0
2329	基礎代謝	525	1
2330	康熙字典	525	0
2331	指手劃腳	525	0
2332	數據網絡	525	0
2333	橫刀奪愛	525	0
2334	殺雞儆猴	525	0
2335	混合感染	525	0
2336	燒香拜佛	525	0
2337	直接了當	525	0
2338	自由競爭	525	0
2339	難辭其咎	525	0
2340	人盡皆知	524	0
2341	以德服人	524	0
2342	以暴制暴	524	0
2343	作業系統	524	0
2344	化妝舞會	524	0
2345	多勞多得	524	0
2346	孟德斯鳩	524	0
2347	揭幕儀式	524	0
2348	沒有差別	524	0
2349	泛泛之輩	524	0
2350	生平簡介	524	0
2351	神龍汽車	524	0
2352	裝瘋賣傻	524	1
2353	身負重傷	524	0
2354	轉移視線	524	0
2355	避而不談	524	0
2356	醋酸乙酯	524	0
2357	青銅時代	524	0
2358	鷸蚌相爭	524	1
2359	一死一傷	523	0
2360	七葷八素	523	0
2361	乾柴烈火	523	0
2362	人口結構	523	0
2363	僅作參考	523	0
2364	半工半讀	523	1
2365	吸食毒品	523	0
2366	周遊列國	523	0
2367	外幣存款	523	0
2368	大展身手	523	0
2369	始亂終棄	523	0
2370	巾幗英雄	523	1
2371	忽隱忽現	523	0
2372	手下敗將	523	0
2373	把酒言歡	523	0
2374	旋轉餐廳	523	0
2375	毫無道理	523	0
2376	求救信號	523	0
2377	滿腔熱血	523	0
2378	義薄雲天	523	0
2379	花容月貌	523	0
2380	貴妃醉酒	523	0
2381	躲躲閃閃	523	0
2382	遠程導彈	523	0
2383	長夜漫漫	523	0
2384	阿斯匹林	523	0
2385	風姿綽約	523	0
2386	驍勇善戰	523	0
2387	一病不起	522	0
2388	一腳踢開	522	0
2389	三權分立	522	0
2390	上吐下瀉	522	0
2391	不見天日	522	0
2392	全身麻醉	522	0
2393	動態影像	522	0
2394	可供參考	522	0
2395	大放厥詞	522	0
2396	大病初癒	522	0
2397	天造地設	522	0
2398	嫌貧愛富	522	0
2399	家財萬貫	522	0
2400	廣泛影響	522	0
2401	成敗得失	522	0
2402	標題新聞	522	0
2403	流水無情	522	0
2404	無利可圖	522	0
2405	狼心狗肺	522	1
2406	相談甚歡	522	0
2407	縮頭烏龜	522	0
2408	自強自立	522	0
2409	自我解嘲	522	0
2410	萬能鑰匙	522	0
2411	過街天橋	522	0
2412	電化教學	522	0
2413	一夜風流	521	0
2414	一閃即逝	521	0
2415	二號人物	521	0
2416	人海戰術	521	0
2417	便民利民	521	0
2418	傳輸模式	521	0
2419	商品價值	521	0
2420	嗜血桿菌	521	0
2421	大事化小	521	0
2422	大是大非	521	0
2423	天差地別	521	0
2424	希伯來語	521	0
2425	心懷鬼胎	521	0
2426	意志消沉	521	0
2427	感覺器官	521	1
2428	抗精神病	521	0
2429	插科打諢	521	1
2430	普魯卡因	521	0
2431	杜莎夫人	521	0
2432	毫不懷疑	521	0
2433	裝聾作啞	521	0
2434	複變函數	521	0
2435	雖敗猶榮	521	0
2436	黯淡無光	521	0
2437	亂作一團	520	0
2438	全然不同	520	0
2439	卡爾加里	520	0
2440	同生共死	520	0
2441	地球大氣	520	0
2442	外部連接	520	0
2443	女媧補天	520	0
2444	威風八面	520	0
2445	思想交流	520	0
2446	惡有惡報	520	0
2447	戀母情結	520	0
2448	援助機構	520	0
2449	春秋時代	520	0
2450	曲折離奇	520	0
2451	淡而無味	520	0
2452	清倉查庫	520	0
2453	無縫連接	520	0
2454	狂人日記	520	0
2455	痛哭失聲	520	0
2456	福星高照	520	0
2457	胡編亂造	520	0
2458	草食動物	520	0
2459	萬物之靈	520	0
2460	貧富懸殊	520	0
2461	遠程登錄	520	0
2462	防毒軟件	520	0
2463	韓國泡菜	520	0
2464	驅逐出境	520	0
2465	高手如雲	520	0
2466	何必如此	519	0
2467	包辦婚姻	519	0
2468	同聲翻譯	519	0
2469	單刀赴會	519	0
2470	四海一家	519	0
2471	土耳其語	519	0
2472	妙筆生花	519	0
2473	強買強賣	519	0
2474	慾火焚身	519	0
2475	文職人員	519	0
2476	智勇雙全	519	1
2477	武術比賽	519	0
2478	生態足跡	519	0
2479	生活水準	519	0
2480	白色污染	519	0
2481	空中小姐	519	1
2482	綠草如茵	519	0
2483	花粉過敏	519	0
2484	行政效率	519	0
2485	送貨到家	519	0
2486	鎩羽而歸	519	0
2487	陷入絕境	519	0
2488	不勝酒力	518	0
2489	二次函數	518	0
2490	何德何能	518	0
2491	地殼運動	518	0
2492	孤膽英雄	518	0
2493	專門人員	518	0
2494	應付自如	518	0
2495	懶懶散散	518	0
2496	武術指導	518	0
2497	永結同心	518	0
2498	沒大沒小	518	0
2499	盡其所能	518	0
2500	算術平均	518	0
2501	統一招生	518	0
2502	肌膚之親	518	0
2503	藏污納垢	518	0
2504	蹉跎歲月	518	1
2505	辣手摧花	518	0
2506	陰盛陽衰	518	0
2507	雕樑畫棟	518	1
2508	電子貨幣	518	0
2509	高檔服裝	518	0
2510	一哄而上	517	1
2511	乙型腦炎	517	0
2512	以柔克剛	517	0
2513	仰韶文化	517	0
2514	偷雞摸狗	517	1
2515	力大無窮	517	0
2516	堅決否認	517	0
2517	天色已晚	517	0
2518	守身如玉	517	1
2519	惰性氣體	517	0
2520	成語典故	517	0
2521	有進取心	517	0
2522	液體燃料	517	0
2523	牙牙學語	517	0
2524	現在分詞	517	0
2525	生死之交	517	0
2526	眼科醫生	517	0
2527	老夫少妻	517	0
2528	規定動作	517	0
2529	退役軍人	517	0
2530	重重包圍	517	0
2531	隻手遮天	517	0
2532	靡靡之音	517	0
2533	不論如何	516	0
2534	不進則退	516	0
2535	仁者無敵	516	0
2536	公共財產	516	0
2537	大發慈悲	516	0
2538	大聲喊叫	516	0
2539	定向越野	516	0
2540	常染色體	516	0
2541	撕破臉皮	516	0
2542	最小二乘	516	0
2543	死而無憾	516	0
2544	獨立精神	516	0
2545	知識寶庫	516	0
2546	絡腮鬍子	516	0
2547	翰林學士	516	0
2548	自動自發	516	0
2549	舊事重提	516	0
2550	軍官學校	516	0
2551	隨時待命	516	0
2552	一時糊塗	515	0
2553	交通擁擠	515	0
2554	停戰協定	515	0
2555	國際聯盟	515	0
2556	大便乾燥	515	0
2557	巍然屹立	515	0
2558	平津戰役	515	0
2559	心理學系	515	0
2560	拉卜楞寺	515	0
2561	指名道姓	515	0
2562	業精於勤	515	0
2563	滴酒不沾	515	0
2564	熱身運動	515	0
2565	知行合一	515	0
2566	碎屍萬段	515	0
2567	胃酸過多	515	0
2568	膽鹼酯酶	515	0
2569	薪火相傳	515	0
2570	血光之災	515	0
2571	語言訓練	515	0
2572	負荊請罪	515	0
2573	財政危機	515	1
2574	轉變過程	515	0
2575	防護眼鏡	515	0
2576	高等植物	515	0
2577	一展身手	514	0
2578	一線之隔	514	0
2579	三皇五帝	514	0
2580	中式英語	514	0
2581	二氯甲烷	514	0
2582	假以時日	514	0
2583	傾巢而出	514	0
2584	刻苦努力	514	0
2585	前後矛盾	514	0
2586	卡布其諾	514	0
2587	夜夜笙歌	514	0
2588	後勤人員	514	0
2589	愛管閒事	514	0
2590	感觸良多	514	0
2591	所見略同	514	0
2592	搜尋引擎	514	0
2593	收買人心	514	0
2594	政教合一	514	0
2595	教育大學	514	0
2596	民族資本	514	0
2597	決勝千里	514	0
2598	物理現象	514	0
2599	白山黑水	514	0
2600	百團大戰	514	0
2601	經濟落後	514	0
2602	舊地重遊	514	0
2603	藏身之處	514	0
2604	銀行利息	514	0
2605	了無牽掛	513	0
2606	僵屍網絡	513	0
2607	口不擇言	513	0
2608	命運註定	513	0
2609	在此之後	513	0
2610	外匯收入	513	0
2611	太陽黑子	513	1
2612	妙齡女子	513	0
2613	字正腔圓	513	0
2614	巴山夜雨	513	0
2615	幾次三番	513	0
2616	意下如何	513	0
2617	放下包袱	513	0
2618	生命跡象	513	0
2619	瘋言瘋語	513	0
2620	紅光滿面	513	1
2621	草菅人命	513	1
2622	詞不達意	513	0
2623	請多關照	513	0
2624	資產剝離	513	0
2625	雞尾酒會	513	0
2626	頻率合成	513	0
2627	風韻猶存	513	0
2628	不論怎樣	512	0
2629	以少勝多	512	0
2630	名門望族	512	0
2631	四處奔走	512	0
2632	國家制度	512	0
2633	天干地支	512	0
2634	女士優先	512	0
2635	彌勒菩薩	512	0
2636	心無雜念	512	0
2637	意興闌珊	512	0
2638	應付帳款	512	0
2639	戴綠帽子	512	0
2640	抓耳撓腮	512	1
2641	春心蕩漾	512	0
2642	權利能力	512	0
2643	細胞毒性	512	0
2644	結婚儀式	512	0
2645	綜合藝術	512	0
2646	薩摩耶犬	512	0
2647	貌不驚人	512	0
2648	身家性命	512	0
2649	迂迴曲折	512	0
2650	達坂城區	512	0
2651	開始比賽	512	0
2652	陳詞濫調	512	1
2653	龍山文化	512	0
2654	不守信用	511	0
2655	不毛之地	511	0
2656	不知廉恥	511	0
2657	不論怎麼	511	0
2658	世界強國	511	0
2659	人財兩空	511	0
2660	作業環境	511	0
2661	來去自如	511	0
2662	保護模式	511	0
2663	刑事判決	511	0
2664	十四行詩	511	0
2665	因緣際會	511	0
2666	城市區域	511	0
2667	外國資本	511	0
2668	始終不變	511	0
2669	富貴榮華	511	0
2670	寧缺勿濫	511	0
2671	工業中心	511	0
2672	引水工程	511	0
2673	形式邏輯	511	1
2674	後院起火	511	0
2675	忽高忽低	511	0
2676	情緒狀態	511	0
2677	掌聲雷動	511	0
2678	明心見性	511	0
2679	武藝高強	511	0
2680	江河湖海	511	0
2681	深居簡出	511	0
2682	無米之炊	511	0
2683	直接選舉	511	0
2684	直角座標	511	0
2685	第二世界	511	0
2686	轉移安置	511	0
2687	陰曹地府	511	0
2688	雌雄同體	511	0
2689	三從四德	510	1
2690	互相聯繫	510	0
2691	保外就醫	510	0
2692	公開指責	510	0
2693	勤勞致富	510	0
2694	固體物理	510	0
2695	基本矛盾	510	0
2696	外力作用	510	0
2697	外層空間	510	0
2698	大材小用	510	1
2699	完整無缺	510	0
2700	心懷不軌	510	0
2701	惹人注目	510	0
2702	戰死沙場	510	0
2703	日夜兼程	510	0
2704	有線廣播	510	1
2705	潺潺流水	510	0
2706	男尊女卑	510	0
2707	秋後算賬	510	0
2708	網管系統	510	0
2709	西哈努克	510	0
2710	迎來送往	510	0
2711	青春不再	510	0
2712	香甜可口	510	0
2713	一國之君	509	0
2714	一家大小	509	0
2715	一箭之仇	509	0
2716	亂點鴛鴦	509	0
2717	價值工程	509	0
2718	制動踏板	509	0
2719	即興表演	509	0
2720	君主專制	509	1
2721	困獸之鬥	509	0
2722	國家考試	509	0
2723	國家體委	509	0
2724	基底動脈	509	0
2725	基本粒子	509	0
2726	天主教會	509	0
2727	官僚資本	509	1
2728	引火燒身	509	1
2729	惹禍上身	509	0
2730	拔腿就跑	509	0
2731	撥號連接	509	0
2732	數據總線	509	0
2733	既成事實	509	0
2734	止咳糖漿	509	0
2735	油料作物	509	1
2736	沾花惹草	509	0
2737	知無不言	509	0
2738	神智不清	509	0
2739	纖塵不染	509	0
2740	茶飯不思	509	0
2741	衝口而出	509	0
2742	跌破眼鏡	509	0
2743	露出馬腳	509	0
2744	面壁思過	509	0
2745	一片苦心	508	0
2746	三氯甲烷	508	0
2747	信用危機	508	0
2748	劃清界線	508	0
2749	加深理解	508	0
2750	包治百病	508	0
2751	國家預算	508	0
2752	外強中乾	508	0
2753	大氣壓力	508	0
2754	女中豪傑	508	0
2755	彈丸之地	508	1
2756	比薩斜塔	508	0
2757	瓦努阿圖	508	0
2758	直來直往	508	0
2759	紅白喜事	508	1
2760	總司令部	508	0
2761	繁文縟節	508	1
2762	聞風而動	508	0
2763	臨終關懷	508	0
2764	自報家門	508	0
2765	草草了事	508	0
2766	裝甲車輛	508	0
2767	認祖歸宗	508	0
2768	飽和狀態	508	0
2769	一級士官	507	0
2770	不醉不歸	507	0
2771	亞馬遜河	507	0
2772	何必當初	507	0
2773	友誼萬歲	507	0
2774	地方自治	507	0
2775	如假包換	507	0
2776	實況轉播	507	0
2777	按摩療法	507	0
2778	放高利貸	507	0
2779	新婚燕爾	507	1
2780	早生貴子	507	0
2781	望聞問切	507	0
2782	武王伐紂	507	0
2783	毛手毛腳	507	0
2784	沉船事故	507	0
2785	物競天擇	507	0
2786	用餐時間	507	0
2787	目眩神迷	507	0
2788	結拜兄弟	507	0
2789	英勇犧牲	507	0
2790	語音合成	507	0
2791	金髮女郎	507	0
2792	長袖善舞	507	0
2793	人如其名	506	0
2794	人工受精	506	0
2795	凌亂不堪	506	0
2796	品種改良	506	0
2797	夢溪筆談	506	0
2798	天誅地滅	506	0
2799	好言相勸	506	0
2800	年年有餘	506	0
2801	拱手相讓	506	0
2802	拿不出手	506	0
2803	整風運動	506	0
2804	日落西山	506	0
2805	明十三陵	506	0
2806	水陸兩棲	506	0
2807	流年不利	506	0
2808	濟南地區	506	0
2809	知情同意	506	0
2810	自命清高	506	0
2811	荒淫無度	506	0
2812	薩克斯風	506	0
2813	金華火腿	506	0
2814	面臨困難	506	0
2815	餘震不斷	506	0
2816	體外受精	506	0
2817	中俄關系	505	0
2818	九九歸一	505	0
2819	人類起源	505	0
2820	偶然事件	505	0
2821	出口成章	505	1
2822	匈牙利語	505	0
2823	匍匐前進	505	0
2824	喪家之犬	505	0
2825	四氯乙烯	505	0
2826	國家主義	505	0
2827	大氣環流	505	0
2828	天冬氨酸	505	0
2829	屍橫遍野	505	0
2830	心術不正	505	0
2831	忠言逆耳	505	0
2832	投鼠忌器	505	0
2833	教學機構	505	0
2834	殃及池魚	505	0
2835	牢記在心	505	0
2836	獲益良多	505	0
2837	環保主義	505	0
2838	生產過剩	505	0
2839	百口莫辯	505	0
2840	精神奕奕	505	0
2841	血汗工廠	505	0
2842	謀財害命	505	0
2843	遲到早退	505	0
2844	隋唐演義	505	0
2845	中心內容	504	0
2846	二氧化錳	504	0
2847	低空飛行	504	0
2848	傳播媒體	504	0
2849	分組交換	504	0
2850	古典藝術	504	0
2851	喪失殆盡	504	0
2852	地熱資源	504	0
2853	多難興邦	504	0
2854	天打雷劈	504	0
2855	小題大作	504	0
2856	幾何級數	504	1
2857	庫存現金	504	0
2858	捨己救人	504	1
2859	時運不濟	504	0
2860	消化器官	504	0
2861	特此通知	504	0
2862	珍禽異獸	504	0
2863	網絡日記	504	0
2864	行動電話	504	0
2865	視覺神經	504	0
2866	一字不漏	503	0
2867	人稱代詞	503	0
2868	假性近視	503	0
2869	共同市場	503	1
2870	兵不厭詐	503	0
2871	出此下策	503	0
2872	利己主義	503	1
2873	加工成本	503	0
2874	化學平衡	503	0
2875	千古罪人	503	0
2876	千挑萬選	503	0
2877	口述歷史	503	0
2878	善有善報	503	0
2879	國土安全	503	0
2880	地痞流氓	503	0
2881	坦白從寬	503	1
2882	壟斷市場	503	0
2883	大權在握	503	0
2884	心電感應	503	0
2885	思想包袱	503	0
2886	有效射程	503	0
2887	東郭先生	503	0
2888	正正經經	503	0
2889	毀屍滅跡	503	0
2890	熱帶氣候	503	0
2891	甲型肝炎	503	0
2892	粒子物理	503	0
2893	藥食同源	503	0
2894	軍用機場	503	0
2895	軍閥混戰	503	0
2896	頤養天年	503	0
2897	上古時代	502	0
2898	不可分離	502	0
2899	互相監督	502	0
2900	五臟俱全	502	0
2901	伏爾加河	502	0
2902	出人意表	502	0
2903	化石燃料	502	0
2904	口耳相傳	502	0
2905	和氣生財	502	0
2906	嚴刑拷打	502	0
2907	地主之誼	502	0
2908	天才兒童	502	0
2909	學富五車	502	0
2910	寵愛有加	502	0
2911	平心而論	502	0
2912	平頭百姓	502	0
2913	後會有期	502	1
2914	旅行支票	502	0
2915	格里高利	502	0
2916	機械工人	502	0
2917	橫斷山脈	502	0
2918	物種起源	502	0
2919	疲勞過度	502	0
2920	稽查人員	502	0
2921	空氣阻力	502	0
2922	絕頂聰明	502	0
2923	肢體衝突	502	0
2924	花拳繡腿	502	0
2925	觀察人士	502	0
2926	邊際成本	502	0
2927	開曼羣島	502	0
2928	雜技表演	502	0
2929	魚水之歡	502	0
2930	五福臨門	501	0
2931	亞硝酸鈉	501	0
2932	低筋麪粉	501	0
2933	修心養性	501	0
2934	印象主義	501	0
2935	同胞兄弟	501	0
2936	呼哧呼哧	501	0
2937	和平利用	501	0
2938	喜不自禁	501	0
2939	坐視不理	501	0
2940	填字遊戲	501	0
2941	大費周章	501	0
2942	奪門而出	501	0
2943	委屈求全	501	0
2944	徘徊不前	501	0
2945	心臟病發	501	0
2946	明月清風	501	0
2947	林可黴素	501	0
2948	標準規格	501	0
2949	機械運動	501	1
2950	洞天福地	501	0
2951	知識份子	501	0
2952	美式足球	501	0
2953	語音信號	501	0
2954	象徵主義	501	0
2955	身首異處	501	0
2956	長生不死	501	0
2957	電光石火	501	0
2958	一字不差	500	0
2959	一官半職	500	0
2960	一拍兩散	500	0
2961	三代同堂	500	0
2962	中心人物	500	0
2963	分身乏術	500	0
2964	別無他法	500	0
2965	前途渺茫	500	0
2966	化學治療	500	0
2967	埃德蒙頓	500	0
2968	基礎問題	500	0
2969	外柔內剛	500	0
2970	大日如來	500	0
2971	大有希望	500	0
2972	大禍臨頭	500	0
2973	大而化之	500	0
2974	學術自由	500	0
2975	定期儲蓄	500	0
2976	專員公署	500	0
2977	專門知識	500	0
2978	引體向上	500	0
2979	懸崖絕壁	500	0
2980	桌面系統	500	0
2981	楚河漢界	500	0
2982	活期儲蓄	500	0
2983	獨立運動	500	0
2984	由上而下	500	0
2985	白跑一趟	500	0
2986	百鳥朝鳳	500	0
2987	皮包公司	500	0
2988	盡忠職守	500	0
2989	神乎其技	500	0
2990	絲毫不差	500	0
2991	肱二頭肌	500	0
2992	設計程序	500	0
2993	長途話費	500	0
2994	風雨雷電	500	0
2995	一次能源	499	0
2996	作者不詳	499	0
2997	只欠東風	499	0
2998	問題少年	499	0
2999	大事不妙	499	0
3000	婦女運動	499	0
3001	屍體解剖	499	0
3002	後會無期	499	0
3003	戒驕戒躁	499	0
3004	揚名立萬	499	0
3005	數理邏輯	499	0
3006	替身演員	499	0
3007	末日審判	499	0
3008	格林納達	499	0
3009	模糊邏輯	499	0
3010	淚水漣漣	499	0
3011	滿天繁星	499	0
3012	濫殺無辜	499	0
3013	舟車勞頓	499	0
3014	連哄帶騙	499	0
3015	遺傳信息	499	0
3016	開放系統	499	0
3017	顛倒過來	499	0
3018	一如往昔	498	0
3019	一眼看穿	498	0
3020	三寸金蓮	498	0
3021	人心難測	498	0
3022	健美運動	498	0
3023	入口即化	498	0
3024	出乎預料	498	0
3025	垂簾聽政	498	0
3026	大傷腦筋	498	0
3027	婷婷玉立	498	0
3028	崇高理想	498	0
3029	戰雲密佈	498	0
3030	掉頭就走	498	0
3031	民間習俗	498	0
3032	深情厚誼	498	0
3033	深表同情	498	0
3034	無可奉告	498	0
3035	獸性大發	498	0
3036	立地成佛	498	0
3037	肉食動物	498	0
3038	超前意識	498	0
3039	進行編程	498	0
3040	重新開機	498	0
3041	難以想像	498	0
3042	一池春水	497	0
3043	一語不發	497	0
3044	亂臣賊子	497	0
3045	人面獸心	497	1
3046	偶像崇拜	497	0
3047	兩把刷子	497	0
3048	勝任能力	497	0
3049	勤奮刻苦	497	0
3050	化學肥料	497	1
3051	名門世家	497	0
3052	國民大會	497	0
3053	地方國營	497	0
3054	基因改造	497	0
3055	多退少補	497	0
3056	天妒英才	497	0
3057	寒風刺骨	497	0
3058	幸運抽獎	497	0
3059	庖丁解牛	497	0
3060	慘遭殺害	497	0
3061	擁軍優屬	497	1
3062	晚節不保	497	0
3063	晨鐘暮鼓	497	0
3064	普利策獎	497	0
3065	毀譽參半	497	0
3066	民意測驗	497	0
3067	潔身自愛	497	0
3068	種子植物	497	0
3069	結業典禮	497	0
3070	羞愧難當	497	0
3071	肺結核病	497	0
3072	蓋棺定論	497	0
3073	課外作業	497	1
3074	論資排輩	497	0
3075	財產公證	497	0
3076	軍事顧問	497	0
3077	遮風避雨	497	0
3078	開業大吉	497	0
3079	風流成性	497	0
3080	馬爾康縣	497	0
3081	交叉火力	496	0
3082	兒孫滿堂	496	0
3083	全權代表	496	1
3084	冒冒失失	496	0
3085	反面人物	496	1
3086	可移植性	496	0
3087	姦夫淫婦	496	0
3088	字字珠璣	496	0
3089	小寫字母	496	0
3090	後繼無人	496	0
3091	心裏癢癢	496	0
3092	捏一把汗	496	0
3093	文學語言	496	1
3094	火中取栗	496	0
3095	烽煙四起	496	0
3096	無可限量	496	0
3097	生殺大權	496	0
3098	真誠待人	496	0
3099	連本帶利	496	0
3100	陽性反應	496	0
3101	電子網絡	496	0
3102	驕傲自大	496	0
3103	一世英名	495	0
3104	一己之私	495	0
3105	一言不合	495	0
3106	一驚一乍	495	0
3107	三級士官	495	0
3108	以理服人	495	1
3109	加大油門	495	0
3110	十三太保	495	0
3111	反咬一口	495	1
3112	和而不同	495	0
3113	嘻皮笑臉	495	0
3114	家庭地址	495	0
3115	小亞細亞	495	0
3116	小恩小惠	495	1
3117	心醉神迷	495	0
3118	懊悔不已	495	0
3119	打成平手	495	0
3120	數量分析	495	0
3121	晚期癌症	495	0
3122	格殺勿論	495	0
3123	桃紅柳綠	495	0
3124	民粹主義	495	0
3125	烽火連天	495	0
3126	無性繁殖	495	0
3127	無福消受	495	0
3128	煞有其事	495	0
3129	狗頭軍師	495	0
3130	直搗黃龍	495	0
3131	眉宇之間	495	0
3132	示例代碼	495	0
3133	積分方程	495	0
3134	自選動作	495	0
3135	萬分感激	495	0
3136	貫徹始終	495	0
3137	超前消費	495	0
3138	跪地求饒	495	0
3139	通俗讀物	495	0
3140	通商口岸	495	0
3141	難逃一死	495	0
3142	頭暈腦脹	495	0
3143	一語雙關	494	0
3144	世界大同	494	0
3145	並肩而行	494	0
3146	事到臨頭	494	0
3147	二級士官	494	0
3148	倒打一耙	494	1
3149	傻瓜相機	494	0
3150	尊姓大名	494	0
3151	尋死覓活	494	0
3152	從中作梗	494	0
3153	忽上忽下	494	0
3154	政黨政治	494	0
3155	教會學校	494	0
3156	活力充沛	494	0
3157	片言隻語	494	1
3158	菲律賓人	494	0
3159	警備司令	494	0
3160	順水人情	494	0
3161	骨牌效應	494	0
3162	一切就緒	493	0
3163	不法份子	493	0
3164	事隔多年	493	0
3165	人浮於事	493	0
3166	取得一致	493	0
3167	唱獨角戲	493	0
3168	域名搶注	493	0
3169	大展鴻圖	493	0
3170	奧匈帝國	493	0
3171	強加於人	493	0
3172	形跡可疑	493	0
3173	復活節島	493	0
3174	德智體美	493	0
3175	忍飢挨餓	493	0
3176	振振有辭	493	0
3177	殺人案件	493	0
3178	活血止痛	493	0
3179	瀟灑自如	493	0
3180	焚書坑儒	493	0
3181	牙科醫生	493	0
3182	生於憂患	493	0
3183	碩大無比	493	0
3184	緊密相聯	493	0
3185	羊入虎口	493	0
3186	自求多福	493	0
3187	財團法人	493	0
3188	起承轉合	493	0
3189	輸入系統	493	0
3190	魚香茄子	493	0
3191	一語成讖	492	0
3192	七分之一	492	0
3193	不識好歹	492	0
3194	人心不古	492	1
3195	內分泌腺	492	0
3196	公共道德	492	0
3197	動態更新	492	0
3198	后羿射日	492	0
3199	和平談判	492	1
3200	唏哩嘩啦	492	0
3201	啦啦隊長	492	0
3202	多重人格	492	0
3203	天地良心	492	0
3204	太陽能板	492	0
3205	小蘿蔔頭	492	0
3206	心腹大患	492	0
3207	恢復常態	492	0
3208	手寫識別	492	0
3209	技術援助	492	0
3210	提綱挈領	492	0
3211	收發短信	492	0
3212	望女成鳳	492	0
3213	構造運動	492	0
3214	橢圓曲線	492	0
3215	死到臨頭	492	0
3216	由表及裏	492	0
3217	疾馳而過	492	0
3218	真槍實彈	492	0
3219	稱霸世界	492	0
3220	突圍而出	492	0
3221	競爭產品	492	0
3222	第一世界	492	0
3223	萬丈光芒	492	0
3224	落地簽證	492	0
3225	血清蛋白	492	0
3226	身兼數職	492	0
3227	進退自如	492	0
3228	長平之戰	492	0
3229	開山鼻祖	492	0
3230	高等動物	492	0
3231	鳩佔鵲巢	492	0
3232	三岔路口	491	1
3233	不破不立	491	0
3234	事已至此	491	0
3235	人神共憤	491	0
3236	以卵擊石	491	0
3237	作風正派	491	0
3238	傷及無辜	491	0
3239	名門閨秀	491	0
3240	地方武裝	491	0
3241	外界影響	491	0
3242	多功能表	491	0
3243	多國部隊	491	0
3244	庭外和解	491	0
3245	心胸狹隘	491	0
3246	桌椅板凳	491	0
3247	熟門熟路	491	0
3248	狗血噴頭	491	0
3249	百萬雄師	491	0
3250	破敗不堪	491	0
3251	神經膠質	491	0
3252	紅色高棉	491	0
3253	肛門直腸	491	0
3254	證券經營	491	0
3255	不加掩飾	490	0
3256	二硫化碳	490	0
3257	人各有志	490	0
3258	以太網絡	490	0
3259	全球暖化	490	0
3260	圓錐曲線	490	0
3261	執政方式	490	0
3262	太陽活動	490	0
3263	專業組織	490	0
3264	怪石嶙峋	490	0
3265	戰術導彈	490	0
3266	扎魯特旗	490	0
3267	故作深沉	490	0
3268	故技重施	490	0
3269	有名有姓	490	0
3270	東巴文化	490	0
3271	次級貸款	490	0
3272	爭名奪利	490	1
3273	碧海青天	490	0
3274	稍遜一籌	490	0
3275	繡花枕頭	490	1
3276	落葉喬木	490	0
3277	蘇打餅乾	490	0
3278	血債血償	490	0
3279	親自掛帥	490	0
3280	踽踽獨行	490	0
3281	雞同鴨講	490	0
3282	不可言喻	489	0
3283	予取予求	489	0
3284	共襄盛舉	489	0
3285	十二經脈	489	0
3286	反動勢力	489	0
3287	各路人馬	489	0
3288	吞噬細胞	489	0
3289	哈巴雪山	489	0
3290	嚴懲不貸	489	1
3291	應用程式	489	0
3292	晚婚晚育	489	0
3293	永續發展	489	0
3294	烤麪包機	489	0
3295	獨身主義	489	0
3296	直呼其名	489	0
3297	知法犯法	489	1
3298	知錯能改	489	0
3299	老眼昏花	489	0
3300	聲名大噪	489	0
3301	自動提款	489	0
3302	行政院長	489	0
3303	誇下海口	489	0
3304	軍用物資	489	0
3305	酒水飲料	489	0
3306	重修舊好	489	0
3307	音訊全無	489	0
3308	頗感興趣	489	0
3309	一夕之間	488	0
3310	一心二用	488	0
3311	三陪小姐	488	0
3312	不予置評	488	0
3313	不分勝負	488	0
3314	五味俱全	488	0
3315	優惠貸款	488	0
3316	全速前進	488	0
3317	公報私仇	488	1
3318	六氟化硫	488	0
3319	共聚一堂	488	0
3320	函授教育	488	0
3321	勾魂攝魄	488	0
3322	北印度語	488	0
3323	取其精華	488	0
3324	奇醜無比	488	0
3325	奮勇向前	488	0
3326	性別角色	488	0
3327	授受不親	488	0
3328	救人一命	488	0
3329	文明國家	488	0
3330	方寸大亂	488	0
3331	旋轉運動	488	0
3332	果實累累	488	0
3333	王侯將相	488	0
3334	生態危機	488	0
3335	生物學系	488	0
3336	紫羅蘭色	488	0
3337	維吾爾語	488	0
3338	轉向信號	488	0
3339	通用電器	488	0
3340	遠隔千里	488	0
3341	門牌號碼	488	0
3342	一忍再忍	487	0
3343	人間佛教	487	0
3344	分辨真假	487	0
3345	化裝舞會	487	0
3346	圖騰崇拜	487	0
3347	天然資源	487	0
3348	威武雄壯	487	0
3349	寒光閃閃	487	0
3350	惹人討厭	487	0
3351	扶危濟困	487	0
3352	擠來擠去	487	0
3353	有勇有謀	487	1
3354	望文生義	487	0
3355	桃園結義	487	0
3356	歷史久遠	487	0
3357	瀏覽軟件	487	0
3358	生日賀卡	487	0
3359	留存收益	487	0
3360	異性相吸	487	0
3361	百密一疏	487	0
3362	盜亦有道	487	0
3363	禁止通行	487	0
3364	絕對真理	487	0
3365	能源短缺	487	0
3366	英雄氣短	487	0
3367	輻射強度	487	0
3368	轉眼即逝	487	0
3369	迎風招展	487	0
3370	逆向行駛	487	0
3371	遠洋漁業	487	0
3372	不遑多讓	486	0
3373	分解代謝	486	0
3374	刑事警察	486	0
3375	即興發揮	486	0
3376	口腹之慾	486	0
3377	在真空中	486	0
3378	如履平地	486	0
3379	慢性疼痛	486	0
3380	揭開序幕	486	0
3381	日耳曼人	486	0
3382	格蘭芬多	486	0
3383	琉球羣島	486	0
3384	瓊樓玉宇	486	0
3385	落入法網	486	0
3386	裝備齊全	486	0
3387	趁人之危	486	1
3388	遺失啓事	486	0
3389	醇酸樹脂	486	0
3390	重振旗鼓	486	0
3391	開幕典禮	486	0
3392	隨傳隨到	486	0
3393	雷雨交加	486	0
3394	高級職員	486	0
3395	鮮明個性	486	0
3396	黎明時分	486	0
3397	一番苦心	485	0
3398	五馬分屍	485	1
3399	兩廂情願	485	0
3400	副總司令	485	0
3401	十里洋場	485	0
3402	半老徐娘	485	0
3403	口舌之爭	485	0
3404	吳儂軟語	485	0
3405	因公殉職	485	0
3406	外來物種	485	0
3407	失效日期	485	0
3408	奇談怪論	485	1
3409	家道中落	485	0
3410	就職演講	485	0
3411	引導扇區	485	0
3412	我見猶憐	485	0
3413	敦煌石窟	485	0
3414	旱澇保收	485	0
3415	月明星稀	485	0
3416	有勇無謀	485	0
3417	無的放矢	485	0
3418	燃放鞭炮	485	0
3419	物理結構	485	0
3420	肥頭大耳	485	0
3421	蛇蠍美人	485	0
3422	解決爭端	485	0
3423	通俗文學	485	0
3424	關中地區	485	0
3425	一派胡言	484	0
3426	三不五時	484	0
3427	不加修飾	484	0
3428	不升反降	484	0
3429	不明事理	484	0
3430	不疾不徐	484	0
3431	乍看之下	484	0
3432	傳輸服務	484	0
3433	全輪驅動	484	0
3434	切中要害	484	0
3435	另行安排	484	0
3436	呼吸器官	484	0
3437	大顯神威	484	0
3438	妙齡女郎	484	0
3439	工業國家	484	0
3440	收歸國有	484	0
3441	易守難攻	484	0
3442	時日無多	484	0
3443	板塊構造	484	0
3444	水上摩托	484	0
3445	水力資源	484	0
3446	溝溝坎坎	484	1
3447	瞬息之間	484	0
3448	聖盧西亞	484	0
3449	言出必行	484	0
3450	賊喊捉賊	484	0
3451	離開故鄉	484	0
3452	鞍前馬後	484	0
3453	養兒防老	484	0
3454	馬失前蹄	484	0
3455	三心兩意	483	0
3456	並行不悖	483	0
3457	九九重陽	483	0
3458	先禮後兵	483	0
3459	刀耕火種	483	0
3460	前俯後仰	483	1
3461	巴山蜀水	483	0
3462	應用力學	483	0
3463	投筆從戎	483	0
3464	拼寫錯誤	483	0
3465	文筆流暢	483	0
3466	暮鼓晨鐘	483	0
3467	泄露天機	483	0
3468	海南雞飯	483	0
3469	睾丸激素	483	0
3470	立杆見影	483	0
3471	醒世恆言	483	0
3472	雙宿雙飛	483	0
3473	雜技演員	483	0
3474	一死了之	482	0
3475	三藏法師	482	0
3476	全盤接受	482	0
3477	公私分明	482	0
3478	勤能補拙	482	0
3479	困惑不解	482	0
3480	國際法庭	482	0
3481	壓寨夫人	482	0
3482	大談特談	482	0
3483	將功補過	482	0
3484	年老色衰	482	0
3485	挖掘機械	482	0
3486	文學巨匠	482	0
3487	智障人士	482	0
3488	激進分子	482	0
3489	狗尾續貂	482	0
3490	知書達禮	482	0
3491	稍安勿躁	482	0
3492	肅殺之氣	482	0
3493	貞節牌坊	482	0
3494	閉上嘴巴	482	0
3495	降低利率	482	0
3496	齊民要術	482	0
3497	一己之見	481	0
3498	不成氣候	481	0
3499	乏人問津	481	0
3500	人心叵測	481	0
3501	儀表堂堂	481	0
3502	初步設想	481	0
3503	口沫橫飛	481	0
3504	因式分解	481	0
3505	在商言商	481	0
3506	太空飛船	481	0
3507	婦人之仁	481	0
3508	揮霍無度	481	0
3509	有色人種	481	0
3510	深宅大院	481	1
3511	濟寧地區	481	0
3512	直系血親	481	0
3513	言之過早	481	0
3514	語氣助詞	481	1
3515	金口玉言	481	0
3516	鐘樓怪人	481	0
3517	閃爍其詞	481	0
3518	魚貫而出	481	0
3519	伊斯坦堡	480	0
3520	充要條件	480	1
3521	光纖接口	480	0
3522	加深印象	480	0
3523	四角號碼	480	0
3524	惡言相向	480	0
3525	懷璧其罪	480	0
3526	民族平等	480	0
3527	民脂民膏	480	1
3528	氣焰囂張	480	0
3529	海運公司	480	0
3530	異戊二烯	480	0
3531	相貌堂堂	480	0
3532	終年積雪	480	0
3533	罄竹難書	480	1
3534	羽翼豐滿	480	0
3535	良辰吉日	480	0
3536	行政會議	480	0
3537	言多必失	480	0
3538	逢高賣出	480	0
3539	風刀霜劍	480	0
3540	上皮組織	479	0
3541	主持正義	479	0
3542	人物描寫	479	0
3543	低音提琴	479	0
3544	孔武有力	479	0
3545	就地正法	479	0
3546	廣結善緣	479	0
3547	戰鬥意志	479	0
3548	手足情深	479	0
3549	有效數字	479	0
3550	氫氧化物	479	0
3551	沾不上邊	479	0
3552	無花果樹	479	0
3553	甜而不膩	479	0
3554	相對而坐	479	0
3555	糖醋里脊	479	0
3556	結束工作	479	0
3557	股四頭肌	479	0
3558	能上能下	479	0
3559	自然之友	479	0
3560	遺憾終生	479	0
3561	顏面掃地	479	0
3562	食色性也	479	0
3563	保定地區	478	0
3564	借腹生子	478	0
3565	傳輸控制	478	0
3566	兔死狐悲	478	1
3567	公共電話	478	0
3568	參考材料	478	0
3569	名譽博士	478	0
3570	婆羅門教	478	1
3571	尊師重道	478	0
3572	差分方程	478	0
3573	從頭做起	478	0
3574	掌握電腦	478	0
3575	有仇必報	478	0
3576	木薯澱粉	478	0
3577	正月初三	478	0
3578	殘花敗柳	478	0
3579	比翼齊飛	478	0
3580	清風徐來	478	0
3581	男耕女織	478	0
3582	癌症腫瘤	478	0
3583	直接經驗	478	0
3584	瞭若指掌	478	0
3585	終生伴侶	478	0
3586	自毀前程	478	0
3587	藤野先生	478	0
3588	訓導主任	478	0
3589	鬱鬱而終	478	0
3590	點到即止	478	0
3591	佛門弟子	477	0
3592	催眠狀態	477	0
3593	區域網絡	477	0
3594	基本詞彙	477	0
3595	奇風異俗	477	0
3596	學生手冊	477	0
3597	富貴逼人	477	0
3598	山巒起伏	477	0
3599	恩斷義絕	477	0
3600	手抓羊肉	477	0
3601	掩面而泣	477	0
3602	揭不開鍋	477	0
3603	摩卡咖啡	477	0
3604	擒賊擒王	477	0
3605	旁系血親	477	0
3606	歡聲雷動	477	0
3607	研磨材料	477	0
3608	窮兵黷武	477	1
3609	維護和平	477	0
3610	緩衝作用	477	0
3611	萬夫莫敵	477	0
3612	陶冶性情	477	0
3613	雞新城疫	477	0
3614	高級職務	477	0
3615	一桿進洞	476	0
3616	克里米亞	476	0
3617	十二地支	476	0
3618	大將之風	476	0
3619	天塌地陷	476	0
3620	奴隸制度	476	0
3621	放不下心	476	0
3622	春秋大夢	476	0
3623	火急火燎	476	0
3624	炎性反應	476	0
3625	物我兩忘	476	0
3626	立錐之地	476	1
3627	美國軍人	476	0
3628	羞於啓齒	476	0
3629	良藥苦口	476	0
3630	萬全之策	476	1
3631	萬用手冊	476	0
3632	鐵器時代	476	0
3633	香味撲鼻	476	0
3634	麥蓋提縣	476	0
3635	一時三刻	475	0
3636	七言絕句	475	0
3637	不乾不淨	475	0
3638	互相推諉	475	0
3639	供油系統	475	0
3640	元素符號	475	0
3641	入境簽證	475	0
3642	全權處理	475	0
3643	出錯信息	475	0
3644	千金要方	475	0
3645	君子協定	475	0
3646	基里巴斯	475	0
3647	幡然悔悟	475	0
3648	弗蘭西斯	475	0
3649	從輕發落	475	0
3650	心懷不滿	475	0
3651	政界人士	475	0
3652	木牛流馬	475	0
3653	此路不通	475	0
3654	歷史遺產	475	0
3655	死於安樂	475	0
3656	潑婦罵街	475	0
3657	瓊漿玉液	475	0
3658	當耳邊風	475	0
3659	眼神不好	475	0
3660	禁慾主義	475	0
3661	警報系統	475	0
3662	雙重國籍	475	0
3663	霍比特人	475	0
3664	高矮胖瘦	475	0
3665	麥克米蘭	475	0
3666	一妻多夫	474	0
3667	一舉成功	474	0
3668	一親芳澤	474	0
3669	不識泰山	474	0
3670	中法戰爭	474	0
3671	主打品牌	474	0
3672	價格標籤	474	0
3673	劣跡斑斑	474	0
3674	動物分類	474	0
3675	反托拉斯	474	0
3676	同出一轍	474	0
3677	單邊主義	474	0
3678	嘰哩咕嚕	474	0
3679	天人交戰	474	0
3680	專家評價	474	0
3681	廢銅爛鐵	474	0
3682	恃強凌弱	474	1
3683	日月如梭	474	1
3684	日行一善	474	0
3685	槓桿原理	474	0
3686	正月初二	474	0
3687	氣象學家	474	0
3688	油盡燈枯	474	0
3689	經天緯地	474	0
3690	談虎色變	474	1
3691	運城地區	474	0
3692	運算法則	474	0
3693	野外工作	474	1
3694	長途飛行	474	0
3695	難以抹去	474	0
3696	不知輕重	473	0
3697	威震天下	473	0
3698	家庭計劃	473	0
3699	富得流油	473	0
3700	怪力亂神	473	0
3701	感應電流	473	0
3702	有手有腳	473	0
3703	有礙觀瞻	473	0
3704	水上人家	473	0
3705	滑雪運動	473	0
3706	滿打滿算	473	0
3707	研製過程	473	0
3708	籠絡人心	473	0
3709	絕密文件	473	0
3710	茫然若失	473	0
3711	零度以下	473	0
3712	風流瀟灑	473	0
3713	骨科醫生	473	0
3714	三氯化鐵	472	0
3715	以馬內利	472	0
3716	各盡所能	472	0
3717	命不該絕	472	0
3718	嗜酒如命	472	0
3719	學習刻苦	472	0
3720	平庸之輩	472	0
3721	急性腸炎	472	0
3722	懸壺濟世	472	0
3723	文學運動	472	0
3724	文藝批評	472	0
3725	永無寧日	472	0
3726	海關人員	472	0
3727	與民同樂	472	0
3728	處事原則	472	0
3729	謹防假冒	472	0
3730	財運亨通	472	0
3731	辛丑條約	472	0
3732	逛來逛去	472	0
3733	閉卷考試	472	0
3734	順勢療法	472	0
3735	頭疼腦熱	472	0
3736	以賽亞書	471	0
3737	值回票價	471	0
3738	公共電視	471	0
3739	力大無比	471	0
3740	十二時辰	471	0
3741	呼來喝去	471	0
3742	啦啦隊員	471	0
3743	大同世界	471	0
3744	天理難容	471	0
3745	官僚作風	471	0
3746	性命攸關	471	0
3747	恢復名譽	471	0
3748	操勞過度	471	0
3749	桃色新聞	471	1
3750	民族運動	471	0
3751	江湖騙子	471	0
3752	法定貨幣	471	0
3753	無處可尋	471	0
3754	物質需要	471	0
3755	科研小組	471	0
3756	色厲內荏	471	0
3757	語義分析	471	0
3758	野生生物	471	0
3759	一無所得	470	0
3760	光電效應	470	0
3761	分辨是非	470	0
3762	劈波斬浪	470	0
3763	吱吱喳喳	470	0
3764	商業版本	470	0
3765	嵊泗列島	470	0
3766	廣開言路	470	0
3767	心臟衰竭	470	0
3768	戎馬生涯	470	0
3769	戴罪立功	470	1
3770	政治學家	470	0
3771	敢作敢當	470	0
3772	是非不分	470	0
3773	暮色蒼茫	470	0
3774	沙丁胺醇	470	0
3775	特殊護理	470	0
3776	生肖屬相	470	0
3777	男盜女娼	470	0
3778	發揮所長	470	0
3779	禮義廉恥	470	0
3780	節節上升	470	0
3781	見賢思齊	470	0
3782	販夫走卒	470	0
3783	輻射劑量	470	0
3784	農民階級	470	0
3785	造山運動	470	0
3786	野戰部隊	470	0
3787	黑芝麻糊	470	0
3788	不吵不鬧	469	0
3789	不良傾向	469	0
3790	女權運動	469	0
3791	好勇鬥狠	469	0
3792	慘遭毒手	469	0
3793	按步就班	469	0
3794	敗絮其中	469	0
3795	更高性能	469	0
3796	有求於人	469	0
3797	烏爾都語	469	0
3798	物理變化	469	1
3799	神態自若	469	0
3800	科學種田	469	0
3801	簡繁轉換	469	0
3802	自成一格	469	0
3803	酒過三巡	469	0
3804	面有難色	469	0
3805	首腦會晤	469	0
3806	上山下海	468	0
3807	不分伯仲	468	0
3808	五講四美	468	0
3809	人間喜劇	468	0
3810	伊利亞特	468	0
3811	六根清淨	468	0
3812	原核生物	468	0
3813	另謀出路	468	0
3814	合作無間	468	0
3815	國際法院	468	0
3816	外界壓力	468	0
3817	年老體衰	468	0
3818	批量購買	468	0
3819	擅離職守	468	0
3820	昂山素季	468	0
3821	桃花心木	468	0
3822	消毒藥水	468	0
3823	清點人數	468	0
3824	犬儒主義	468	0
3825	疏肝理氣	468	0
3826	白馬雪山	468	0
3827	目標地址	468	0
3828	空間探測	468	0
3829	競爭模式	468	0
3830	第二人稱	468	0
3831	經驗老到	468	0
3832	綾羅綢緞	468	0
3833	老神在在	468	0
3834	肌動蛋白	468	0
3835	自食惡果	468	0
3836	菲律賓語	468	0
3837	蓬蓽生輝	468	0
3838	逆轉錄酶	468	0
3839	選美皇后	468	0
3840	一決勝負	467	0
3841	三俠五義	467	0
3842	互相切磋	467	0
3843	付款條件	467	0
3844	傾囊相授	467	0
3845	兩虎相爭	467	0
3846	凌雲壯志	467	0
3847	初試啼聲	467	0
3848	大吐苦水	467	0
3849	天理不容	467	0
3850	太空舞步	467	0
3851	好人難做	467	0
3852	市井小民	467	0
3853	死不要臉	467	0
3854	湯姆斯杯	467	0
3855	獨立思想	467	0
3856	班師回朝	467	0
3857	白費心機	467	0
3858	相對誤差	467	0
3859	破罐破摔	467	1
3860	秋風送爽	467	0
3861	臨汾地區	467	0
3862	自知理虧	467	0
3863	訪問方式	467	0
3864	變生肘腋	467	0
3865	運動方程	467	0
3866	阿爾伯塔	467	0
3867	隔行掃描	467	0
3868	首善之區	467	0
3869	馴養繁殖	467	0
3870	黑道家族	467	0
3871	黴菌毒素	467	0
3872	中值定理	466	0
3873	公民投票	466	0
3874	加工效率	466	0
3875	勒緊褲帶	466	0
3876	去粗取精	466	1
3877	參謀總長	466	0
3878	吳越春秋	466	0
3879	嘰嘰咕咕	466	0
3880	國家代碼	466	0
3881	天人永隔	466	0
3882	如箭在弦	466	0
3883	嫁雞隨雞	466	0
3884	寸步不讓	466	0
3885	平版印刷	466	0
3886	才華洋溢	466	0
3887	拉拉隊員	466	0
3888	拒不接受	466	0
3889	榮譽獎章	466	0
3890	秋後算帳	466	0
3891	第六感覺	466	0
3892	糊糊塗塗	466	0
3893	細胞融合	466	0
3894	護航艦隊	466	0
3895	豐功偉業	466	0
3896	過失殺人	466	0
3897	開元盛世	466	0
3898	面授機宜	466	0
3899	默罕默德	466	0
3900	不可想像	465	0
3901	不定積分	465	0
3902	吟詩作對	465	0
3903	固體物質	465	0
3904	國際都市	465	0
3905	外籍華人	465	0
3906	威懾力量	465	0
3907	審美活動	465	0
3908	崇拜偶像	465	0
3909	東方國家	465	0
3910	歲歲平安	465	0
3911	爬山涉水	465	0
3912	甲殼動物	465	1
3913	甲氧西林	465	0
3914	破除迷信	465	0
3915	粗聲粗氣	465	0
3916	臨淵羨魚	465	0
3917	起居飲食	465	0
3918	遊吟詩人	465	0
3919	阻抗匹配	465	0
3920	風月場所	465	0
3921	食不知味	465	0
3922	養老送終	465	0
3923	一時一刻	464	1
3924	三十二相	464	0
3925	以藥養醫	464	0
3926	出口傷人	464	0
3927	原子序數	464	0
3928	嘩啦一聲	464	0
3929	嚴以律己	464	1
3930	國內戰爭	464	0
3931	坐立難安	464	0
3932	堅壁清野	464	1
3933	大田作物	464	1
3934	孟母三遷	464	0
3935	尖嘴猴腮	464	0
3936	希伯來人	464	0
3937	希伯來書	464	0
3938	底格里斯	464	0
3939	延期付款	464	0
3940	復興時代	464	0
3941	支出費用	464	0
3942	替代燃料	464	0
3943	有限單元	464	0
3944	朝陽地區	464	0
3945	杏仁豆腐	464	0
3946	氣動控制	464	0
3947	氣管痙攣	464	0
3948	真空地帶	464	0
3949	穿金戴銀	464	0
3950	立等可取	464	0
3951	統購統銷	464	0
3952	缺斤短兩	464	0
3953	老弱婦孺	464	0
3954	遊移不定	464	0
3955	一面之交	463	1
3956	一飽口福	463	0
3957	七級浮屠	463	0
3958	不入虎穴	463	0
3959	切削速度	463	0
3960	去其糟粕	463	0
3961	咧開嘴笑	463	0
3962	國家興亡	463	0
3963	天地不容	463	0
3964	好景不常	463	0
3965	山羊鬍子	463	0
3966	患難之交	463	1
3967	成何體統	463	0
3968	智能設計	463	0
3969	標準狀態	463	0
3970	知易行難	463	0
3971	私定終身	463	0
3972	立體交叉	463	0
3973	節哀順變	463	0
3974	變質作用	463	0
3975	邊緣地區	463	0
3976	集市貿易	463	0
3977	食慾不佳	463	0
3978	駕鶴西去	463	0
3979	高級小學	463	1
3980	一望無邊	462	0
3981	七拐八拐	462	0
3982	人中之龍	462	0
3983	作賤自己	462	0
3984	周口地區	462	0
3985	呵呵大笑	462	0
3986	大排長龍	462	0
3987	子孫滿堂	462	0
3988	完全變態	462	0
3989	對數函數	462	0
3990	差別待遇	462	0
3991	平等待遇	462	0
3992	惹人注意	462	0
3993	摩擦阻力	462	0
3994	效益工資	462	0
3995	毫無效果	462	0
3996	流亡政府	462	0
3997	滿門抄斬	462	0
3998	瑣瑣碎碎	462	0
3999	細胞骨架	462	0
4000	腦力激盪	462	0
4001	自毀長城	462	0
4002	色情行業	462	0
4003	行動自如	462	0
4004	連體嬰兒	462	0
4005	過從甚密	462	0
4006	避實就虛	462	0
4007	酒色財氣	462	0
4008	金剛薩埵	462	0
4009	飯後服用	462	0
4010	不情之請	461	0
4011	傻頭傻腦	461	0
4012	免受傷害	461	0
4013	凸版印刷	461	0
4014	初級小學	461	1
4015	夏目漱石	461	0
4016	孔融讓梨	461	0
4017	學成歸國	461	0
4018	宅心仁厚	461	0
4019	布朗運動	461	1
4020	強忍悲痛	461	0
4021	放手去做	461	0
4022	文字學家	461	0
4023	文治武功	461	0
4024	樂府詩集	461	0
4025	死無對證	461	0
4026	水花四濺	461	0
4027	獨資經營	461	0
4028	臨界狀態	461	0
4029	護士學校	461	0
4030	造船工業	461	0
4031	風光明媚	461	0
4032	餘情未了	461	0
4033	一來一往	460	0
4034	三年五載	460	0
4035	不勝唏噓	460	0
4036	孫臏兵法	460	0
4037	家常豆腐	460	0
4038	彎腰駝背	460	0
4039	曲線擬合	460	0
4040	杜鵑啼血	460	0
4041	榆林地區	460	0
4042	沙漠之狐	460	0
4043	無冤無仇	460	0
4044	生理時鐘	460	0
4045	窮奢極欲	460	0
4046	腐敗無能	460	0
4047	臭不可聞	460	0
4048	追本溯源	460	0
4049	逢低買進	460	0
4050	金縷玉衣	460	0
4051	隨機存取	460	0
4052	風雨如晦	460	0
4053	三人成虎	459	0
4054	分子運動	459	0
4055	咬舌自盡	459	0
4056	外圓內方	459	0
4057	州官放火	459	0
4058	布爾喬亞	459	0
4059	改良主義	459	1
4060	文科學生	459	0
4061	有錢有閒	459	0
4062	死而復活	459	0
4063	沒有品味	459	0
4064	活動看板	459	0
4065	無補於事	459	0
4066	獨霸一方	459	0
4067	病毒營銷	459	0
4068	簡單機械	459	0
4069	色情雜誌	459	0
4070	計時收費	459	0
4071	轉動慣量	459	0
4072	近鄉情怯	459	0
4073	靜脈點滴	459	0
4074	三度空間	458	0
4075	主動脈弓	458	1
4076	傳家之寶	458	0
4077	印度音樂	458	0
4078	捉拿歸案	458	0
4079	擁政愛民	458	0
4080	未刪節版	458	0
4081	業界標準	458	0
4082	泛泛之交	458	0
4083	異亮氨酸	458	0
4084	痛入骨髓	458	0
4085	社會等級	458	0
4086	終審法院	458	0
4087	臉都綠了	458	0
4088	資本外逃	458	0
4089	進步人士	458	0
4090	點頭之交	458	1
4091	乘龍快婿	457	0
4092	儀態萬千	457	0
4093	全權大使	457	0
4094	地方停車	457	0
4095	大傷元氣	457	0
4096	大地回春	457	0
4097	學校成績	457	0
4098	延邊地區	457	0
4099	悶聲不響	457	0
4100	排起長隊	457	0
4101	數字時鐘	457	0
4102	楚漢相爭	457	1
4103	步進馬達	457	0
4104	法利賽人	457	0
4105	深切關懷	457	0
4106	瀕臨絕種	457	0
4107	無處容身	457	0
4108	盡釋前嫌	457	0
4109	老而彌堅	457	0
4110	胯下之辱	457	0
4111	腦滿腸肥	457	1
4112	販賣人口	457	0
4113	一招半式	456	0
4114	互相連接	456	0
4115	人非草木	456	0
4116	伐木工人	456	0
4117	值得品味	456	0
4118	分而治之	456	0
4119	古文字學	456	0
4120	含笑九泉	456	1
4121	奔走呼號	456	0
4122	屏氣凝神	456	0
4123	屢禁不絕	456	0
4124	師出有名	456	0
4125	徐娘半老	456	0
4126	擾人清夢	456	0
4127	死不足惜	456	0
4128	無心之過	456	0
4129	甲硫氨酸	456	0
4130	自由王國	456	1
4131	花心蘿蔔	456	0
4132	虛席以待	456	0
4133	話雖如此	456	0
4134	長此下去	456	0
4135	雷達天線	456	0
4136	使用數量	455	0
4137	來去無蹤	455	0
4138	勞動產品	455	0
4139	問鼎中原	455	0
4140	嚴刑峻法	455	0
4141	國定假日	455	0
4142	幾可亂真	455	0
4143	心神恍惚	455	0
4144	收回成命	455	0
4145	晏子春秋	455	0
4146	有則改之	455	0
4147	正三角形	455	0
4148	殘羹剩飯	455	0
4149	窮則思變	455	0
4150	立此存照	455	0
4151	精兵簡政	455	1
4152	蛇鼠一窩	455	0
4153	轉入地下	455	0
4154	進退失據	455	0
4155	雄心萬丈	455	0
4156	驚奇不已	455	0
4157	鳥不生蛋	455	0
4158	一片丹心	454	0
4159	三綱五常	454	1
4160	不畏強暴	454	0
4161	中古世紀	454	0
4162	但願如此	454	0
4163	前倨後恭	454	0
4164	妙手空空	454	0
4165	實變函數	454	0
4166	庫克羣島	454	0
4167	按需分配	454	0
4168	有心人士	454	0
4169	權利法案	454	0
4170	正多邊形	454	0
4171	江湖術士	454	0
4172	沉沒成本	454	0
4173	消聲匿跡	454	0
4174	當且僅當	454	0
4175	編碼系統	454	0
4176	胚胎發生	454	0
4177	落於下風	454	0
4178	血腥瑪麗	454	0
4179	解放組織	454	0
4180	難分高下	454	0
4181	難逃法網	454	0
4182	三陽開泰	453	0
4183	世界主義	453	0
4184	修煉成仙	453	0
4185	入境手續	453	0
4186	分類廣告	453	0
4187	向巴平措	453	0
4188	吳王闔閭	453	0
4189	天下一家	453	0
4190	德國馬克	453	0
4191	惡名昭彰	453	0
4192	愈戰愈勇	453	0
4193	拿鐵咖啡	453	0
4194	挑肥揀瘦	453	1
4195	改換門庭	453	0
4196	春風一度	453	0
4197	洛陽地區	453	0
4198	理學博士	453	0
4199	紹興地區	453	0
4200	絕世佳人	453	0
4201	芝麻小事	453	0
4202	蜚聲國際	453	0
4203	赫爾墨斯	453	0
4204	超敏反應	453	0
4205	進出口商	453	0
4206	酒後失態	453	0
4207	門捷列夫	453	0
4208	雨過天青	453	0
4209	非我族類	453	0
4210	一跌再跌	452	0
4211	中控面板	452	0
4212	兩棲登陸	452	0
4213	副駕駛員	452	0
4214	千斤重擔	452	0
4215	口齒清楚	452	0
4216	吆五喝六	452	0
4217	城市熱島	452	0
4218	官僚政治	452	0
4219	寸土必爭	452	0
4220	心腹之患	452	1
4221	抱憾終生	452	0
4222	淡妝濃抹	452	0
4223	獨尊儒術	452	0
4224	獨樹一格	452	0
4225	百米賽跑	452	0
4226	羊水穿刺	452	0
4227	腳痛醫腳	452	0
4228	謝通門縣	452	0
4229	軍火交易	452	0
4230	一體兩面	451	0
4231	下線儀式	451	0
4232	不吭一聲	451	0
4233	中古時代	451	0
4234	佳偶天成	451	0
4235	停車位置	451	0
4236	免開尊口	451	1
4237	加速踏板	451	0
4238	博客寫手	451	0
4239	可接受性	451	0
4240	合成代謝	451	0
4241	外剛內柔	451	0
4242	安非他命	451	0
4243	巡回法庭	451	0
4244	感激萬分	451	0
4245	打翻身仗	451	0
4246	托塔天王	451	0
4247	投河自盡	451	0
4248	模式標本	451	0
4249	沒有形狀	451	0
4250	洞察一切	451	0
4251	磕磕巴巴	451	0
4252	神思恍惚	451	0
4253	神經失常	451	0
4254	積分變換	451	0
4255	能言善道	451	0
4256	自嘆弗如	451	0
4257	蒸騰作用	451	0
4258	藐視一切	451	0
4259	螳臂擋車	451	0
4260	親臨其境	451	0
4261	野外求生	451	0
4262	防火設備	451	0
4263	鬥智鬥力	451	0
4264	龍樹菩薩	451	0
4265	不成體統	450	0
4266	不能抵抗	450	0
4267	以弗所書	450	0
4268	受之有愧	450	0
4269	各不相讓	450	0
4270	展露頭角	450	0
4271	工科大學	450	0
4272	從嚴處理	450	0
4273	德州地區	450	0
4274	愛民如子	450	1
4275	改弦易轍	450	0
4276	故作高深	450	0
4277	時大時小	450	0
4278	枯草桿菌	450	0
4279	正合我意	450	0
4280	煢煢孑立	450	0
4281	福無雙至	450	0
4282	種姓製度	450	0
4283	納粹主義	450	0
4284	習慣用法	450	0
4285	自由心證	450	0
4286	自視清高	450	0
4287	蕙質蘭心	450	0
4288	逆我者亡	450	0
4289	儲蓄機構	449	0
4290	刑事法庭	449	0
4291	前寒武紀	449	0
4292	反射作用	449	0
4293	古吉拉特	449	0
4294	召之即來	449	0
4295	官宦人家	449	0
4296	官復原職	449	0
4297	平方公尺	449	0
4298	披麻戴孝	449	0
4299	收之桑榆	449	0
4300	放射防護	449	0
4301	明豔照人	449	0
4302	歲月如流	449	0
4303	歸納推理	449	0
4304	減租減息	449	0
4305	福至心靈	449	0
4306	處世原則	449	0
4307	行政救濟	449	0
4308	越幫越忙	449	0
4309	邯鄲地區	449	0
4310	龍馬精神	449	0
4311	上揚趨勢	448	0
4312	今不如昔	448	0
4313	冒險主義	448	1
4314	別有韻味	448	0
4315	吊銷執照	448	0
4316	否定一切	448	0
4317	固定價格	448	0
4318	城市貧民	448	1
4319	外交代表	448	0
4320	太平紳士	448	0
4321	寓意深遠	448	0
4322	專案小組	448	0
4323	性命不保	448	0
4324	文如其人	448	0
4325	暗香疏影	448	0
4326	有鑑於此	448	1
4327	未置可否	448	0
4328	氣勢不凡	448	0
4329	水滸全傳	448	0
4330	火災保險	448	0
4331	特務組織	448	0
4332	登報聲明	448	0
4333	第二國際	448	0
4334	算無遺策	448	0
4335	結核菌素	448	0
4336	該當何罪	448	0
4337	邊境衝突	448	0
4338	酌情處理	448	0
4339	隨身行李	448	0
4340	電話信號	448	0
4341	霍爾木茲	448	0
4342	革命文學	448	0
4343	麗水地區	448	0
4344	鼾聲如雷	448	0
4345	切削用量	447	0
4346	利害衝突	447	0
4347	千島羣島	447	0
4348	地區衝突	447	0
4349	地緣戰略	447	0
4350	天氣形勢	447	0
4351	女流之輩	447	0
4352	排除異己	447	0
4353	援助交際	447	0
4354	敗興而歸	447	0
4355	教育廳長	447	0
4356	有線通信	447	0
4357	歷久常新	447	0
4358	歷盡艱難	447	0
4359	氣喘如牛	447	0
4360	物主代詞	447	0
4361	現學現用	447	0
4362	理論貢獻	447	0
4363	破財免災	447	0
4364	稀有氣體	447	0
4365	約會對象	447	0
4366	聯機遊戲	447	0
4367	芙蓉出水	447	0
4368	貽害無窮	447	0
4369	追憶往事	447	0
4370	金無足赤	447	0
4371	金融槓桿	447	0
4372	震顫麻痹	447	0
4373	高薪養廉	447	0
4374	下層社會	446	0
4375	五項全能	446	0
4376	人盡可夫	446	0
4377	倒買倒賣	446	0
4378	初露頭角	446	0
4379	吸毒成癮	446	0
4380	和平條約	446	0
4381	哈特福德	446	0
4382	國務部長	446	0
4383	安全電壓	446	0
4384	尾大不掉	446	0
4385	屢建奇功	446	0
4386	忠肝義膽	446	0
4387	慣性作用	446	0
4388	拉皮手術	446	0
4389	拾人牙慧	446	0
4390	棋高一着	446	0
4391	清算業務	446	0
4392	爆玉米花	446	0
4393	片面之詞	446	0
4394	糧草先行	446	0
4395	致富之道	446	0
4396	興味索然	446	0
4397	苯甲酰氯	446	0
4398	計上心來	446	0
4399	遠近馳名	446	0
4400	隴南地區	446	0
4401	電流強度	446	0
4402	七彩繽紛	445	0
4403	七擒七縱	445	0
4404	主動免疫	445	0
4405	九龍半島	445	0
4406	五燈會元	445	0
4407	亡國滅種	445	0
4408	付諸流水	445	0
4409	反覆思量	445	0
4410	夕陽產業	445	0
4411	多姿多采	445	0
4412	多邊合作	445	0
4413	天搖地動	445	0
4414	好管閒事	445	0
4415	妊娠試驗	445	0
4416	學而不思	445	0
4417	怒目相向	445	0
4418	愛爾蘭語	445	0
4419	月白風清	445	0
4420	欺善怕惡	445	0
4421	氣動葫蘆	445	0
4422	氣數已盡	445	0
4423	盤尼西林	445	0
4424	相對速度	445	0
4425	結紮手術	445	0
4426	茄子河區	445	0
4427	親上加親	445	0
4428	身體部分	445	0
4429	造就人才	445	0
4430	金錢萬能	445	0
4431	顛鸞倒鳳	445	0
4432	飽學之士	445	0
4433	龐氏騙局	445	0
4434	一舉兩得	444	1
4435	三十六計	444	0
4436	上上之策	444	0
4437	不安於室	444	0
4438	不惜工本	444	0
4439	乜乜物物	444	0
4440	何以見得	444	0
4441	供書教學	444	0
4442	冇人冇物	444	0
4443	列隊歡迎	444	0
4444	前景可期	444	0
4445	原子光譜	444	0
4446	史前時代	444	0
4447	吐蕃王朝	444	0
4448	吡拉西坦	444	0
4449	多胎妊娠	444	0
4450	大提琴手	444	0
4451	奉命行事	444	0
4452	如此類推	444	0
4453	姑息養奸	444	1
4454	孔子家語	444	0
4455	家頭細務	444	0
4456	少之又少	444	0
4457	廿四小時	444	0
4458	從寬處理	444	0
4459	心有不甘	444	0
4460	心知肚明	444	0
4461	指示代詞	444	0
4462	揮霍浪費	444	0
4463	施政報告	444	0
4464	普通郵票	444	0
4465	木口木面	444	0
4466	水上芭蕾	444	0
4467	池魚之殃	444	0
4468	清秀佳人	444	0
4469	無疾而終	444	0
4470	生死有命	444	0
4471	發音器官	444	0
4472	結繩記事	444	0
4473	緩衝地帶	444	0
4474	莞爾一笑	444	0
4475	薩斯卡通	444	0
4476	蝦蝦霸霸	444	0
4477	行行企企	444	0
4478	視如己出	444	0
4479	言下之意	444	0
4480	農事活動	444	0
4481	逼於無奈	444	0
4482	關你鬼事	444	0
4483	雙邊會談	444	0
4484	非常時期	444	0
4485	龍兄虎弟	444	0
4486	古文運動	443	0
4487	可造之材	443	0
4488	富貴在天	443	0
4489	小行星帶	443	0
4490	工業化學	443	0
4491	廣播地址	443	0
4492	拾遺補缺	443	0
4493	文武兼備	443	0
4494	月圓花好	443	0
4495	汕頭地區	443	0
4496	聚變反應	443	0
4497	裝點門面	443	0
4498	進行性交	443	0
4499	邪魔外道	443	0
4500	醫療經驗	443	0
4501	銅管樂器	443	0
4502	長期共存	443	0
4503	養兵千日	443	0
4504	一般常識	442	0
4505	一長一短	442	0
4506	人力車夫	442	0
4507	全黨全軍	442	0
4508	公共責任	442	0
4509	勞動對象	442	0
4510	十字街口	442	0
4511	半坡遺址	442	0
4512	印度斯坦	442	0
4513	同性相斥	442	0
4514	地下鐵路	442	0
4515	婦道人家	442	1
4516	思路敏捷	442	0
4517	支付不起	442	0
4518	民族形式	442	1
4519	泰米爾語	442	0
4520	甲骨文字	442	0
4521	票房毒藥	442	0
4522	積極反應	442	0
4523	管理接口	442	0
4524	象牙海岸	442	0
4525	貓鼠遊戲	442	0
4526	貨幣主義	442	0
4527	間接證據	442	0
4528	七言律詩	441	0
4529	上天無路	441	0
4530	不宣而戰	441	0
4531	世貿大樓	441	0
4532	五言絕句	441	0
4533	低迷不振	441	0
4534	何足掛齒	441	0
4535	大陸漂移	441	0
4536	年度大會	441	0
4537	忙進忙出	441	0
4538	怵目驚心	441	0
4539	扣式電池	441	0
4540	捅馬蜂窩	441	0
4541	斯科普里	441	0
4542	樂觀其成	441	0
4543	正確路線	441	0
4544	永久和平	441	0
4545	流星趕月	441	0
4546	混合模型	441	0
4547	皇恩浩蕩	441	0
4548	純粹數學	441	0
4549	行個方便	441	0
4550	財產價值	441	0
4551	賬房先生	441	0
4552	軍事學校	441	0
4553	重量單位	441	0
4554	雪泥鴻爪	441	0
4555	霹靂啪啦	441	0
4556	首映典禮	441	0
4557	並行程序	440	0
4558	偶聯反應	440	0
4559	分解作用	440	0
4560	反璞歸真	440	0
4561	天星碼頭	440	0
4562	學校同學	440	0
4563	小國寡民	440	0
4564	層層包圍	440	0
4565	惡語傷人	440	0
4566	改良品種	440	0
4567	斷裂強度	440	0
4568	望而興嘆	440	0
4569	氣體燃料	440	0
4570	滄海遺珠	440	0
4571	環境損害	440	0
4572	神色自若	440	0
4573	稱霸全球	440	0
4574	聖地牙哥	440	0
4575	菲力牛排	440	0
4576	酒酣耳熱	440	0
4577	長袍馬褂	440	0
4578	防風固沙	440	0
4579	頭昏目眩	440	0
4580	頭腦清楚	440	0
4581	五聲音階	439	0
4582	人才外流	439	0
4583	伉儷情深	439	0
4584	倉皇出逃	439	0
4585	入門課程	439	0
4586	共商大計	439	0
4587	分子雜交	439	0
4588	如火如茶	439	0
4589	密切相連	439	0
4590	授人以柄	439	0
4591	斷袖之癖	439	0
4592	獨攬大權	439	0
4593	看不習慣	439	0
4594	解析函數	439	0
4595	赫耳墨斯	439	0
4596	身負重任	439	0
4597	逆風而行	439	0
4598	開始以前	439	0
4599	三足金烏	438	0
4600	不值一文	438	0
4601	不定冠詞	438	0
4602	五言律詩	438	0
4603	交變電流	438	0
4604	人贓俱獲	438	0
4605	剖腹自殺	438	0
4606	品格高尚	438	0
4607	多重選擇	438	0
4608	大氣壓強	438	0
4609	嫁狗隨狗	438	0
4610	微細加工	438	0
4611	排泄系統	438	0
4612	海上運動	438	0
4613	獨裁政權	438	0
4614	琴瑟和鳴	438	0
4615	立體照片	438	0
4616	絕食抗議	438	0
4617	經院哲學	438	0
4618	贛州地區	438	0
4619	辯證邏輯	438	1
4620	鏡像站點	438	0
4621	黃花梨木	438	0
4622	伽瑪射線	437	0
4623	克己復禮	437	0
4624	內江地區	437	0
4625	升斗小民	437	0
4626	原核細胞	437	0
4627	多子多福	437	0
4628	將門虎子	437	0
4629	拖延戰術	437	0
4630	敵我矛盾	437	0
4631	春秋繁露	437	0
4632	神經毒素	437	0
4633	簡單勞動	437	0
4634	紫外線光	437	0
4635	羥基丁酸	437	0
4636	羥自由基	437	0
4637	舐犢情深	437	0
4638	虎皮鸚鵡	437	0
4639	西撒哈拉	437	0
4640	變分原理	437	0
4641	起重葫蘆	437	0
4642	身歷其境	437	0
4643	銅器時代	437	0
4644	首尾相接	437	0
4645	高能粒子	437	0
4646	一般情形	436	0
4647	三跪九叩	436	0
4648	久病成醫	436	0
4649	克己奉公	436	1
4650	兩棲作戰	436	0
4651	加足馬力	436	0
4652	包打天下	436	0
4653	另眼相待	436	0
4654	夫妻反目	436	0
4655	妙想天開	436	0
4656	延安地區	436	0
4657	心存不滿	436	0
4658	感應線圈	436	0
4659	排列次序	436	0
4660	擁兵自重	436	0
4661	白日見鬼	436	0
4662	礦物燃料	436	0
4663	統一資源	436	0
4664	落落寡歡	436	0
4665	貴族身份	436	0
4666	費利克斯	436	0
4667	軍事部門	436	0
4668	輿論調查	436	0
4669	鎮江地區	436	0
4670	隱形飛機	436	0
4671	麥芽糖醇	436	0
4672	丟盔卸甲	435	0
4673	亦莊亦諧	435	0
4674	保持原貌	435	0
4675	公共假期	435	0
4676	共和政體	435	0
4677	口頭文學	435	1
4678	形勢逼人	435	0
4679	忠君愛國	435	0
4680	慎重其事	435	0
4681	撒馬爾罕	435	0
4682	濫伐林木	435	0
4683	究其根源	435	0
4684	精子密度	435	0
4685	耗時耗力	435	0
4686	肝膽俱裂	435	0
4687	舊約全書	435	0
4688	過境簽證	435	0
4689	違禁藥品	435	0
4690	項上人頭	435	0
4691	餓虎撲食	435	0
4692	高麗王朝	435	0
4693	一般狀況	434	0
4694	人五人六	434	0
4695	人道精神	434	0
4696	偷食禁果	434	0
4697	勻速運動	434	0
4698	半明半暗	434	0
4699	啓動技術	434	0
4700	四平地區	434	0
4701	地靈人傑	434	1
4702	工科學生	434	0
4703	後進先出	434	0
4704	有損壓縮	434	0
4705	橫幅標語	434	0
4706	永久磁鐵	434	1
4707	浩氣長存	434	0
4708	消費基金	434	0
4709	疑問代詞	434	0
4710	疲勞轟炸	434	0
4711	細微末節	434	0
4712	絕對地址	434	0
4713	總務主任	434	0
4714	罪不可赦	434	0
4715	良家女子	434	0
4716	造成問題	434	0
4717	重新統一	434	0
4718	開會時間	434	0
4719	雜食動物	434	0
4720	魂飛天外	434	0
4721	魚肉百姓	434	0
4722	上陣殺敵	433	0
4723	互有勝負	433	0
4724	互致問候	433	0
4725	代罪羔羊	433	0
4726	傳真發送	433	0
4727	冰上運動	433	0
4728	勇冠三軍	433	0
4729	半機械化	433	0
4730	同盟條約	433	0
4731	地主家庭	433	0
4732	多嘴多舌	433	0
4733	失信於人	433	0
4734	奇文共賞	433	1
4735	孰能無過	433	0
4736	少管閒事	433	0
4737	愧不敢當	433	0
4738	教導有方	433	0
4739	日光浴室	433	0
4740	有失身份	433	0
4741	樹上開花	433	0
4742	無則加勉	433	0
4743	眉目清秀	433	0
4744	知情不報	433	0
4745	空氣取樣	433	0
4746	股票代號	433	0
4747	誤上賊船	433	0
4748	軍事機構	433	0
4749	避避風頭	433	0
4750	開門揖盜	433	1
4751	驕兵必敗	433	0
4752	黑白不分	433	0
4753	不加選擇	432	0
4754	事務律師	432	0
4755	侵蝕作用	432	0
4756	公民義務	432	0
4757	出入平安	432	0
4758	四輪馬車	432	0
4759	失道寡助	432	1
4760	女繼承人	432	0
4761	婚喪喜慶	432	0
4762	婚生子女	432	0
4763	孝子賢孫	432	1
4764	客觀真理	432	0
4765	尋根問底	432	0
4766	巢湖地區	432	0
4767	拼花地板	432	0
4768	新人新事	432	0
4769	淺斟低唱	432	0
4770	漁人之利	432	1
4771	神智清醒	432	0
4772	結社自由	432	0
4773	聖母教堂	432	0
4774	胸腺嘧啶	432	0
4775	薩拉曼卡	432	0
4776	虧本出售	432	0
4777	逗人喜愛	432	0
4778	遠隔重洋	432	0
4779	陰陰沉沉	432	0
4780	不急不徐	431	0
4781	信陽地區	431	0
4782	傀儡政權	431	0
4783	可多可少	431	0
4784	大專學生	431	0
4785	導彈潛艇	431	0
4786	愛人如己	431	0
4787	慷慨就義	431	0
4788	應變措施	431	0
4789	海關官員	431	0
4790	漢坦病毒	431	0
4791	無遠弗屆	431	0
4792	皇天后土	431	0
4793	萬頃碧波	431	0
4794	過時不候	431	0
4795	邪不勝正	431	0
4796	陸海空軍	431	0
4797	離情別緒	431	0
4798	鬧鈴時鐘	431	0
4799	上中下游	430	0
4800	不孝有三	430	0
4801	了無新意	430	0
4802	五卅運動	430	1
4803	再造手術	430	0
4804	加冕典禮	430	0
4805	同氣連枝	430	0
4806	大漢民族	430	0
4807	孟加拉語	430	0
4808	孤立主義	430	0
4809	實不相瞞	430	0
4810	實況錄音	430	0
4811	寬宏大度	430	0
4812	強迫觀念	430	0
4813	後事之師	430	0
4814	支付得起	430	0
4815	政治避難	430	0
4816	深耕細作	430	1
4817	滿口髒話	430	0
4818	狼多肉少	430	0
4819	福壽雙全	430	0
4820	苦難深重	430	0
4821	西班牙港	430	0
4822	阿米巴病	430	0
4823	革命意志	430	0
4824	一哄而起	429	1
4825	上流人士	429	0
4826	人民起義	429	0
4827	位極人臣	429	0
4828	典型調查	429	0
4829	分形幾何	429	0
4830	反射療法	429	0
4831	各執己見	429	0
4832	國外貿易	429	0
4833	士農工商	429	0
4834	專心一意	429	0
4835	找不自在	429	0
4836	楚漢戰爭	429	0
4837	樂山地區	429	0
4838	滅門之禍	429	0
4839	狀態參數	429	0
4840	禁止停車	429	0
4841	窮於應付	429	0
4842	見馬克思	429	0
4843	警民衝突	429	0
4844	踏青賞花	429	0
4845	身心交瘁	429	0
4846	道德認識	429	0
4847	金融風波	429	0
4848	釣魚執法	429	0
4849	電磁理論	429	0
4850	高風險區	429	0
4851	魯莽行事	429	0
4852	人窮志短	428	0
4853	偶然之間	428	0
4854	動刀動槍	428	0
4855	參差錯落	428	0
4856	唱空城計	428	0
4857	奏鳴曲式	428	0
4858	山高水遠	428	0
4859	後西遊記	428	0
4860	從有到無	428	0
4861	未能免俗	428	0
4862	東坡肘子	428	0
4863	歸根究底	428	1
4864	獨身生活	428	0
4865	生物測定	428	0
4866	真皮組織	428	0
4867	自有公論	428	0
4868	行蹤不明	428	0
4869	觀察入微	428	0
4870	連中三元	428	0
4871	風化作用	428	0
4872	駐顏有術	428	0
4873	一國之主	427	0
4874	下流社會	427	0
4875	不實之詞	427	0
4876	不戰而退	427	0
4877	分權制衡	427	0
4878	切片檢查	427	0
4879	另有企圖	427	0
4880	名聲遠播	427	0
4881	國際跳棋	427	0
4882	好事之徒	427	0
4883	安慶地區	427	0
4884	悔恨交加	427	0
4885	拉拉隊長	427	0
4886	有核國家	427	0
4887	永浴愛河	427	0
4888	沉積作用	427	0
4889	沼澤地帶	427	0
4890	煎炸食品	427	0
4891	理化因素	427	0
4892	硝化甘油	427	1
4893	輕巧方便	427	0
4894	辭不達意	427	0
4895	養身之道	427	0
4896	骨肉相殘	427	0
4897	古希臘語	426	0
4898	填海造地	426	0
4899	天文單位	426	0
4900	委委屈屈	426	0
4901	威震八方	426	0
4902	後人乘涼	426	0
4903	棉紡織業	426	0
4904	求才若渴	426	0
4905	無機可乘	426	0
4906	珠胎暗結	426	0
4907	社會平等	426	0
4908	縱情聲色	426	0
4909	臨界壓力	426	0
4910	萬世師表	426	0
4911	被動免疫	426	0
4912	連名帶姓	426	0
4913	達魯花赤	426	0
4914	關門捉賊	426	0
4915	靈犀相通	426	0
4916	不得其法	425	0
4917	不支倒地	425	0
4918	人財兩失	425	0
4919	印地安納	425	0
4920	另請高明	425	0
4921	四大石窟	425	0
4922	夾起尾巴	425	0
4923	守土有責	425	0
4924	廣告條幅	425	0
4925	性慾高潮	425	0
4926	愛答不理	425	0
4927	施洗約翰	425	0
4928	明升暗降	425	0
4929	明槍易躲	425	0
4930	案頭工作	425	0
4931	歷久彌堅	425	0
4932	焚琴煮鶴	425	0
4933	用盡心機	425	0
4934	移山填海	425	0
4935	綱舉目張	425	0
4936	訪貧問苦	425	0
4937	賣官鬻爵	425	0
4938	重力異常	425	0
4939	飲彈自盡	425	0
4940	七孔流血	424	0
4941	低等生物	424	0
4942	區區小事	424	0
4943	博學多聞	424	0
4944	品質管制	424	0
4945	因紐特人	424	0
4946	外勤人員	424	0
4947	大塊朵頤	424	0
4948	孰真孰假	424	0
4949	封頂儀式	424	0
4950	年深日久	424	0
4951	恍然醒悟	424	0
4952	懷柔政策	424	0
4953	拜科努爾	424	0
4954	旅行裝備	424	0
4955	有何指教	424	0
4956	棋逢敵手	424	0
4957	死而不僵	424	0
4958	氣象報告	424	0
4959	空中格鬥	424	0
4960	自有主張	424	0
4961	良禽擇木	424	0
4962	資料傳輸	424	0
4963	邊防警察	424	0
4964	鐵板牛肉	424	0
4965	鑿壁偷光	424	0
4966	魔術方塊	424	0
4967	鴉片貿易	424	0
4968	乾淨俐落	423	0
4969	兵家大忌	423	0
4970	分裂組織	423	0
4971	外交使節	423	0
4972	大鳴大放	423	0
4973	安步當車	423	0
4974	宗教法庭	423	0
4975	常規戰爭	423	1
4976	惜墨如金	423	0
4977	放浪不羈	423	0
4978	智能障礙	423	0
4979	棄惡從善	423	0
4980	欲振乏力	423	0
4981	正六邊形	423	0
4982	水滸後傳	423	0
4983	聽信謠言	423	0
4984	臨時代辦	423	0
4985	自由古巴	423	0
4986	陳橋兵變	423	0
4987	食髓知味	423	0
4988	黃色書刊	423	0
4989	龍袍加身	423	0
4990	一元復始	422	0
4991	一窺究竟	422	0
4992	三振出局	422	0
4993	不信任案	422	0
4994	亨利五世	422	0
4995	分文不值	422	0
4996	前世姻緣	422	0
4997	包頭地區	422	0
4998	原子半徑	422	0
4999	家庭主夫	422	0
5000	平等主義	422	0
