rank	head	essay_frequency	syn_tails	syn_neighbors
1	唔係	820726	1	不是
2	真係	791094	1	真的
3	唔好	617747	1	不好
4	但係	577436	1	但是
5	點解	486580	1	為什麼
6	邊個	454723	2	誰,邊位
7	即係	368673	1	就是
8	屋企	342332	1	家
9	鍾意	337260	1	喜歡
10	唔到	313412	1	不到
11	跟住	302466	1	然後
12	邊度	282355	2	哪裏,邊間
13	係咪	250409	1	是否
14	同埋	244091	1	以及
15	女仔	216416	1	女孩
16	媽咪	204670	1	媽媽
17	兩個	158930	1	兩粒
18	家姐	154570	1	姐姐
19	點樣	150654	1	怎樣
20	仲有	143269	1	還有
21	頭先	138018	1	剛才
22	落去	132679	1	下去
23	依家	129120	1	現在
24	做咩	120666	1	幹什麼
25	公仔	118619	1	玩偶
26	出嚟	114615	1	出來
27	男仔	110788	1	男孩
28	唔該	110343	1	謝謝
29	今次	99843	1	這次
30	唔同	95127	1	不同
31	點知	92279	1	豈料
32	諗住	91211	1	打算
33	老豆	87741	1	爸爸
34	返去	81601	1	回去
35	仲要	72613	1	更加
36	污糟	72435	1	骯髒
37	唔通	68341	1	難道
38	望住	66473	1	看住
39	唔記得	64426	1	忘記
40	淨係	63892	1	只是
41	細佬	62824	1	弟弟
42	細妹	61845	1	妹妹
43	梗係	61489	1	當然
44	唔使	61045	1	不用
45	噉樣	60600	1	這樣
46	好彩	60511	1	幸運
47	聽日	60244	1	明天
48	啱啱	59710	1	剛剛
49	細路	51879	1	小孩
50	好食	50633	1	好吃
51	唔見	49476	1	不見
52	喪屍	49031	1	殭屍
53	食飯	48586	1	吃飯
54	過嚟	47963	1	過來
55	雙手	44938	2	兩手,手
56	點算	43959	1	怎麼辦
57	出聲	43514	3	説話,講聲,開聲
58	轉身	43247	1	掉頭
59	定係	42535	1	還是
60	冇乜	42357	1	沒什麼
61	所謂	41823	1	號稱
62	諗起	41645	1	想起
63	睇住	41111	1	盯住
64	掛住	40311	1	想念
65	唔好意思	39866	1	對不起
66	大佬	38976	1	大哥
67	先至	37374	1	才
68	姨姨	37196	1	阿姨
69	冇事	36217	1	無妨
70	得閒	35950	1	有空
71	返學	34437	1	上學
72	心諗	34170	1	心想
73	返嚟	33815	1	回來
74	嗰個	32569	1	那個
75	肚餓	32569	1	飢餓
76	冇錯	32480	1	沒錯
77	講嘢	31946	1	説話
78	好睇	31412	1	好看
79	對於	30700	2	對,於
80	靚仔	30433	1	帥哥
81	令到	30166	1	使得
82	一係	29632	1	要麼
83	上堂	29365	1	上課
84	放低	28742	1	放下
85	唔緊要	28386	1	不要緊
86	幾好	28386	1	不錯
87	無啦啦	27852	1	平白
88	睇嚟	27852	1	看來
89	鎖匙	27052	1	鑰匙
90	出街	26963	2	上街,落街
91	試過	26785	1	嘗試
92	依度	26696	1	這裏
93	耳仔	26162	1	耳朵
94	條女	25984	1	女孩
95	拍拖	25717	1	戀愛
96	點鐘	25539	2	時,鐘點
97	屋企人	25450	1	家人
98	核突	25361	1	難看
99	琴晚	24471	1	昨晚
100	坐低	23937	1	坐下
101	講真	23670	1	説實話
102	細細聲	23581	1	小聲
103	機場	23225	1	飛機場
104	有事	22958	2	出事,有嘢
105	琴日	22958	1	昨天
106	指住	22869	1	指向
107	乜嘢	22691	1	什麼
108	視線	22602	1	目光
109	陣間	22602	1	待會兒
110	麵包	22157	1	麪包
111	再講	21979	1	再説
112	梳化	21534	1	沙發
113	第二個	21089	1	其它
114	伸出	21000	1	伸手
115	有沒有	20959	1	是否
116	上嚟	20733	1	上來
117	傾計	20111	1	聊天
118	特登	19933	1	故意
119	課室	19844	1	教室
120	紙巾	19043	1	面紙
121	唔多	18954	1	少
122	唔錯	18954	1	不錯
123	馬騮	18954	1	猴子
124	留低	18865	1	留下
125	嗰陣	18687	1	那時
126	裏便	18598	1	裏面
127	大嗌	18420	1	大叫
128	總係	18420	1	總是
129	博客	18096	1	網誌
130	仲未	17975	1	尚未
131	阿叔	17975	1	叔叔
132	搞掂	17886	1	辦妥
133	人哋	17797	1	人家
134	社工	17708	1	社會工作
135	盡量	17530	1	儘量
136	視頻	17528	1	影片
137	冇問題	17352	1	無妨
138	嗰時	17174	1	那時
139	影相	16996	1	拍照
140	第一次	16941	1	首次
141	等陣	16373	1	稍等
142	行埋	15750	1	走近
143	埋嚟	15661	1	過來
144	生果	15661	1	水果
145	音樂	15661	1	樂
146	幾耐	15483	1	多久
147	聽過	15394	1	聽聞
148	衰人	15216	1	壞人
149	提子	15127	1	葡萄
150	傻仔	15038	1	傻瓜
151	唔舒服	15038	1	難受
152	好靚	15038	1	漂亮
153	條友	15038	1	傢伙
154	消防員	14949	1	救火員
155	銀包	14949	1	錢包
156	港人	14771	1	香港人
157	香蕉	14504	1	蕉
158	橙汁	14415	1	果汁
159	講笑	14326	1	開玩笑
160	拖鞋	14237	1	涼鞋
161	班主任	14237	1	老師
162	就快	13970	1	快要
163	第二日	13970	1	翌日
164	擰轉	13881	1	轉動
165	將會	13703	1	即將
166	雀仔	13615	1	小鳥
167	夠膽	13526	1	大膽
168	後便	13348	1	後面
169	兔仔	13259	1	兔子
170	匙羹	13170	1	湯匙
171	食嘢	13170	1	進食
172	諗法	12992	1	想法
173	雞蛋	12992	1	蛋
174	每日	12814	1	天天
175	大把	12725	1	許多
176	大脾	12725	1	大腿
177	差啲	12725	1	差點
178	求其	12725	1	隨便
179	直頭	12725	1	簡直
180	睇落	12725	1	看來
181	收埋	12458	1	隱藏
182	故仔	12458	1	故事
183	嚟到	12369	1	來到
184	回復	11924	1	回覆
185	不嬲	11835	1	一向
186	笑笑口	11835	1	微笑
187	好味	11746	1	美味
188	算了	11725	1	罷了
189	下個	11568	1	下一個
190	唔怪得	11479	1	怪不得
191	粗口	11479	1	髒話
192	估到	11390	1	料到
193	仲好	11301	1	還好
194	做嘢	11212	1	做事
195	數據庫	11114	1	資料庫
196	好朋友	11034	1	好友
197	看更	11034	1	守衞
198	落車	11034	1	下車
199	細路仔	10945	1	小孩
200	冇用	10856	1	沒用
201	在線	10760	1	線上
202	嘴唇	10678	3	吻,唇,嘴皮子
203	水喉	10678	1	水龍頭
204	無謂	10678	1	何必
205	夠鐘	10589	1	到時
206	天台	10589	1	屋頂
207	別的	10542	1	其他
208	老細	10500	1	老闆
209	面紅	10500	1	臉紅
210	阻住	10233	1	阻礙
211	隨住	10233	1	跟着
212	入嚟	10144	1	進來
213	還有	10144	3	仲有,另外,重有
214	嘢食	10055	1	食物
215	這裡	10055	1	這兒
216	好返	9966	1	好轉
217	八婆	9877	1	長舌婦
218	第日	9877	1	他日
219	返轉頭	9877	1	回頭
220	吹水	9788	1	閒聊
221	怕醜	9788	1	害羞
222	換衫	9788	1	更衣
223	洗頭水	9788	1	洗髮露
224	點做	9788	1	怎麼辦
225	大部份	9699	1	大部分
226	心裡	9699	1	心裏
227	遲啲	9610	1	稍後
228	肥仔	9432	1	胖子
229	就嚟	9343	1	快要
230	背影	9254	1	身影
231	好嘢	9165	1	好事
232	幾點	9165	1	何時
233	發夢	9165	1	做夢
234	搞笑	9076	1	好笑
235	擰頭	8987	1	搖頭
236	仔女	8898	1	兒女
237	傻妹	8898	1	傻女
238	唔捨得	8898	1	捨不得
239	朝頭早	8898	1	清晨
240	老嘢	8898	1	老人
241	衰仔	8898	1	壞蛋
242	冇所謂	8720	1	無所謂
243	大隻	8720	1	高大
244	並無	8631	1	沒有
245	千祈	8631	1	千萬
246	尋晚	8631	1	昨晚
247	直情	8631	1	簡直
248	不在	8569	1	不在場
249	交流	8542	1	溝通
250	太過	8542	1	過於
251	總有	8542	1	總會
252	是但	8453	1	隨便
253	間房	8453	1	房間
254	忘了	8373	1	忘記
255	之餘	8364	1	此外
256	沿住	8364	1	順着
257	文檔	8277	1	文件
258	以嚟	8186	1	以來
259	叫醒	8186	1	喚醒
260	師奶	8186	1	主婦
261	後尾	8097	1	後來
262	行山	8097	1	登山
263	合照	7919	1	合影
264	打橫	7830	1	橫過
265	玩完	7830	1	結束
266	阿伯	7830	1	伯父
267	盡快	7741	1	趕快
268	角色	7741	1	人物
269	越嚟越	7741	1	越來越
270	什麼時候	7699	1	何時
271	墳場	7563	1	墓地
272	行街	7474	1	逛街
273	講起	7474	1	提起
274	礦場	7385	1	礦坑
275	第時	7385	1	將來
276	晏晝	7296	1	下午
277	本能	7296	1	天性
278	雞仔	7296	1	雞
279	一口	7207	1	一口氣
280	毫子	7207	1	零錢
281	細細個	7118	1	小時候
282	尿片	7029	1	尿布
283	利是	6940	1	紅包
284	胸圍	6940	1	胸罩
285	金毛	6940	1	狗
286	電單車	6940	1	摩托車
287	契媽	6851	1	義母
288	廣東話	6851	1	粵語
289	重有	6851	1	還有
290	鼻哥	6851	1	鼻子
291	一次過	6763	1	一口氣
292	乜鬼	6763	1	什麼
293	搞錯	6763	1	弄錯
294	有份	6763	1	參與
295	死仔	6674	1	該死
296	餅乾	6674	1	曲奇
297	成世	6585	1	一輩子
298	第二次	6585	1	再次
299	當堂	6496	1	當場
300	鐵閘	6496	1	鐵門
301	工作人員	6440	1	職員
302	空調	6435	1	冷氣
303	呢邊	6407	1	這邊
304	嚇親	6407	1	受驚
305	想問	6407	1	請問
306	第二朝	6407	1	翌日
307	好易	6318	1	容易
308	尋日	6318	1	昨天
309	卻是	6256	1	倒是
310	大件事	6229	1	大事
311	山窿	6229	1	山洞
312	黐線	6229	1	發瘋
313	個鐘	6140	1	小時
314	嗰日	6140	1	當日
315	小巴	6140	1	巴士
316	急急腳	6140	1	急忙
317	授權	6052	1	準許
318	世伯	6051	1	伯父
319	收皮	6051	1	收場
320	重覆	6051	1	重複
321	硬係	5962	1	偏偏
322	食煙	5962	1	吸煙
323	挺好	5911	1	不錯
324	一來	5873	1	一嚟
325	老土	5873	1	過時
326	膠袋	5873	1	塑料袋
327	頂唔順	5873	1	受不了
328	主板	5861	1	主機板
329	多少錢	5852	1	幾錢
330	顯卡	5819	1	顯示卡
331	側邊	5784	1	旁邊
332	神經	5695	1	神經質
333	褲袋	5695	1	口袋
334	乜事	5606	1	何事
335	唔只	5606	1	不僅
336	打交	5606	1	打架
337	芝士	5606	1	乳酪
338	記者	5606	1	訪員
339	錯愕	5606	1	驚愕
340	首頁	5556	1	主頁
341	成晚	5517	1	通宵
342	一會	5428	1	一會兒
343	正話	5428	1	剛才
344	留言	5428	1	留話
345	睇醫生	5428	1	就醫
346	阿公	5428	1	爺爺
347	大鑊	5339	1	麻煩
348	廢事	5339	1	多餘
349	聽朝	5339	1	明早
350	開聲	5339	1	出聲
351	無辜	5250	1	清白
352	識得	5250	1	懂得
353	車轆	5250	1	車輪
354	版主	5219	1	斑竹
355	手裏	5185	1	手上
356	鼠標	5168	1	滑鼠
357	入邊	5161	1	裏面
358	冇計	5161	1	無奈
359	嘔心	5161	1	噁心
360	大笨象	5161	1	大象
361	打波	5161	1	打球
362	波鞋	5161	1	球鞋
363	突破	5161	1	衝破
364	返來	5161	1	回來
365	孫仔	5072	1	孫子
366	睇法	5072	1	看法
367	行開	5072	1	走開
368	親手	5072	2	手,親自
369	醜怪	5072	1	醜陋
370	離遠	5072	1	遠離
371	劇情	4894	1	情節
372	差佬	4894	1	警察
373	晚晚	4894	1	每晚
374	櫃桶	4894	1	抽屜
375	講聲	4894	1	出聲
376	起嚟	4894	1	起來
377	重啓	4843	1	重開
378	分分鐘	4805	1	隨時
379	初初	4805	1	起初
380	加埋	4805	1	加上
381	手套	4805	1	手襪
382	手指尾	4805	1	指尖
383	睇見	4805	1	看見
384	落堂	4805	1	下課
385	一天	4716	1	整天
386	嗰晚	4716	1	當晚
387	放榜	4716	1	公佈
388	樣衰	4716	1	難看
389	細粒	4716	1	細小
390	車仔	4716	1	小車
391	偷食	4627	1	偷嘴
392	專登	4627	1	故意
393	恤衫	4627	1	襯衫
394	樣貌	4627	1	容貌
395	螢幕	4627	1	熒幕
396	貨倉	4627	1	倉庫
397	今時今日	4538	1	現在
398	包住	4538	1	包起
399	吸塵機	4538	1	吸塵器
400	擺明	4538	1	明顯
401	聲線	4538	1	嗓音
402	舖頭	4538	1	店舖
403	一般人	4449	1	普通人
404	叫停	4449	1	制止
405	巴士站	4449	1	車站
406	得人驚	4449	1	可怕
407	打人	4449	1	毆打
408	攬實	4449	1	攬住
409	有嘢	4449	1	有事
410	牛油	4449	1	奶油
411	聽晚	4449	1	明晚
412	話唔定	4449	1	説不定
413	隨心	4449	1	隨意
414	夾住	4360	1	夾緊
415	好多人	4360	1	眾人
416	新抱	4360	1	媳婦
417	早知	4360	1	預料
418	質素	4360	1	品質
419	構建	4342	1	建立
420	八卦	4271	1	傳聞
421	八爪魚	4271	1	章魚
422	好多時	4271	1	經常
423	收銀	4271	1	收款
424	花灑	4271	1	花灑頭
425	話事	4271	1	做主
426	陪住	4271	1	陪伴
427	凳仔	4182	1	矮凳
428	嘈交	4182	1	吵架
429	因住	4182	1	小心
430	埋位	4182	1	就座
431	大隻佬	4182	1	大漢
432	收聲	4182	1	住口
433	有講有笑	4182	1	談笑
434	起勢	4182	1	用力
435	醜樣	4182	1	醜陋
436	門鐘	4182	1	門鈴
437	鬆一口氣	4182	1	放心
438	冷衫	4093	1	毛衣
439	匿埋	4093	1	躲藏
440	好耐	4093	1	好久
441	廁紙	4093	1	手紙
442	捉實	4093	1	抓緊
443	直程	4093	1	簡直
444	相識	4093	1	認識
445	近排	4093	1	最近
446	除衫	4093	1	脱衣
447	點睇	4093	1	看法
448	補丁	4087	1	補釘
449	三文治	4004	1	三明治
450	執起	4004	1	拾起
451	怪獸	4004	1	怪物
452	打圈	4004	1	打轉
453	殺人	4004	1	殺害
454	每當	4004	4	以,在,於,當
455	無端端	4004	1	平白無故
456	生仔	4004	1	生育
457	落街	4004	1	出街
458	過份	4004	1	過分
459	稍等	3971	2	等一會兒,等陣
460	下一個	3915	1	下個
461	剩返	3915	1	剩下
462	各種	3915	1	各樣
463	回歸	3915	1	回來
464	小矮人	3915	1	侏儒
465	未夠	3915	1	不足
466	傻佬	3826	1	傻瓜
467	冇幾耐	3826	1	不久
468	呷醋	3826	1	妒忌
469	壓住	3826	1	按住
470	望下	3826	1	看看
471	流眼淚	3826	1	流淚
472	用嚟	3826	1	用來
473	發洩	3826	1	發泄
474	邊位	3826	1	邊個
475	阿仔	3826	1	兒子
476	鬧交	3826	1	吵架
477	嗌交	3737	1	吵架
478	大大力	3737	1	用力
479	好眼	3737	1	眼利
480	小息	3737	1	休息
481	小隊	3737	1	小組
482	沙律	3737	1	沙拉
483	紋身	3737	1	刺青
484	肉酸	3737	1	丟臉
485	轉校	3737	1	轉學
486	離家出走	3737	1	出走
487	單元	3652	1	單位
488	兩粒	3648	1	兩個
489	坐監	3648	1	坐牢
490	我架	3648	1	我嘅
491	整到	3648	1	搞到
492	睇穿	3648	1	看穿
493	緣份	3648	1	緣分
494	頸鍊	3648	1	項鍊
495	魚蛋	3648	1	魚丸
496	是以	3609	1	因此
497	國內外	3601	1	海內外
498	一腳踢	3559	1	全能
499	傻豬	3559	1	傻瓜
500	冇心	3559	1	無心
501	士多	3559	1	商店
502	好勁	3559	1	厲害
503	娘親	3559	1	母親
504	探員	3559	1	偵探
505	眼白白	3559	1	乾瞪眼
506	等如	3559	1	等於
507	背住	3559	1	揹着
508	輔導	3559	1	指導
509	追上	3559	1	趕上
510	雞翼	3559	1	翅膀
511	得很	3529	1	非常
512	咁滯	3470	1	幾乎
513	好地地	3470	1	好好地
514	小食	3470	1	零食
515	愈嚟愈	3470	1	越來越
516	日出	3470	1	黎明
517	日落	3470	1	黃昏
518	甜筒	3470	1	雪糕
519	結他	3470	1	吉他
520	翻到	3470	1	翻去
521	識講	3470	1	識講嘢
522	豬扒	3470	1	豬排
523	跪低	3470	1	跪下
524	銀仔	3470	1	硬幣
525	七七八八	3381	1	差不多
526	人仔	3381	1	人民幣
527	初頭	3381	1	起初
528	勤力	3381	1	勤奮
529	嗰度	3381	1	那裏
530	急不及待	3381	1	迫不及待
531	手指公	3381	1	拇指
532	極之	3381	1	極其
533	狗公	3381	1	公犬
534	花名	3381	1	綽號
535	落力	3381	1	盡力
536	薯仔	3381	1	馬鈴薯
537	變做	3381	1	變成
538	邊間	3381	1	邊度
539	風水	3381	1	堪輿
540	髮型	3381	1	頭型
541	炒作	3377	1	哄抬
542	最愛	3363	1	至愛
543	研究所	3347	1	研究院
544	做得	3343	1	可以
545	其他人	3336	1	別人
546	一嚟	3292	1	一來
547	侍應	3292	1	侍應生
548	勾起	3292	1	引起
549	唔覺意	3292	1	無意中
550	好靜	3292	1	安靜
551	晨早	3292	1	早上
552	有型	3292	1	時髦
553	水族館	3292	1	海洋館
554	泥膠	3292	1	黏土
555	的而且確	3292	1	的確
556	聽聞	3292	1	聽過
557	茶餐廳	3292	1	茶室
558	薯片	3292	1	脆片
