rank	head	essay_frequency	syn_tails
1	打球	3271	1
2	唇膏	3203	1
3	體內	3203	1
4	唔經唔覺	3114	1
5	物件	3114	1
6	其他地方	2816	1
7	做主	2669	1
8	幾錢	2669	1
9	摩托車	2591	1
10	出貨	2582	1
11	合約	2491	1
12	婚禮	2491	2
13	這次	2491	1
14	國企	2391	1
15	月台	2313	1
16	分數	2224	1
17	回合	2224	1
18	村裏	2220	1
19	殺毒軟件	2220	1
20	佛山	2219	123
21	小夥子	2218	8
22	海軍	2217	19
23	不已	2216	27
24	啓示	2214	7
25	輪胎	2213	4
26	拷貝	2210	1
27	選購	2210	23
28	專區	2209	13
29	聽取	2206	2
30	債券	2205	1
31	導出	2204	1
32	租賃	2201	12
33	女主角	2199	1
34	配方	2197	5
35	鑑於	2196	3
36	舉措	2192	7
37	自動化	2190	39
38	人文	2189	2
39	檢索	2189	19
40	圖表	2185	6
41	大豆	2184	2
42	訂購	2178	6
43	對照	2177	8
44	艾滋病	2177	1
45	依託	2172	4
46	多年來	2172	10
47	整改	2170	6
48	車間	2170	1
49	陌生人	2170	9
50	洛陽	2168	116
51	生產線	2162	5
52	股指	2160	1
53	石家莊	2151	116
54	額度	2151	15
55	總公司	2150	4
56	源於	2149	11
57	代表團	2148	16
58	週二	2148	2
59	釐米	2145	19
60	麻將	2137	1
61	明細	2136	21
62	一味	2135	34
63	不單	2135	12
64	不經意	2135	10
65	不錯	2135	81
66	人們	2135	2
67	人流	2135	8
68	人道	2135	34
69	傾向	2135	17
70	入場	2135	5
71	公里	2135	19
72	兵器	2135	15
73	刑事	2135	2
74	北面	2135	1
75	原先	2135	13
76	合力	2135	12
77	商品	2135	4
78	多種	2135	10
79	大隊	2135	3
80	天意	2135	13
81	學院	2135	1
82	屋主	2135	3
83	常識	2135	1
84	底線	2135	1
85	店鋪	2135	20
86	影像	2135	3
87	循環	2135	4
88	情境	2135	8
89	愛意	2135	10
90	擅長	2135	8
91	昨晚	2135	5
92	次序	2135	11
93	歲月	2135	18
94	江湖	2135	25
95	派對	2135	42
96	源頭	2135	6
97	犯法	2135	11
98	男兒	2135	10
99	看似	2135	14
100	睡覺	2135	10
101	示威	2135	6
102	紳士	2135	3
103	老友	2135	8
104	致命	2135	4
105	蜜糖	2135	2
106	行事	2135	13
107	裝置	2135	10
108	親王	2135	5
109	言論	2135	4
110	詞語	2135	3
111	賭場	2135	2
112	通話	2135	1
113	進度	2135	4
114	道具	2135	21
115	閣下	2135	3
116	霧氣	2135	3
117	食指	2135	11
118	驚動	2135	12
119	商機	2134	4
120	績效	2126	9
121	杯子	2125	4
122	憑證	2124	11
123	英寸	2123	3
124	經紀人	2120	10
125	電子郵件	2118	1
126	價值觀	2117	5
127	長達	2114	9
128	分局	2113	11
129	獲獎	2107	2
130	協作	2106	4
131	服務員	2105	6
132	複印件	2103	1
133	京城	2101	9
134	研究院	2101	12
135	先是	2099	3
136	甘肅	2098	29
137	信貸	2096	24
138	蒸汽	2096	5
139	綠化	2095	49
140	載體	2095	6
141	琢磨	2094	56
142	老年人	2094	14
143	長安	2094	115
144	着力	2093	35
145	論證	2091	3
146	保姆	2084	6
147	在外	2081	2
148	既是	2079	2
149	標準化	2075	18
150	顆粒	2067	3
151	寫真	2066	6
152	不在乎	2064	21
153	電影院	2063	2
154	模具	2059	1
155	主編	2057	1
156	研討會	2056	42
157	出具	2053	1
158	南北	2050	13
159	支行	2048	16
160	單價	2047	55
161	不外乎	2046	18
162	五月	2046	2
163	停下	2046	26
164	儀器	2046	4
165	儀式	2046	7
166	凝望	2046	15
167	出走	2046	1
168	出身	2046	4
169	剎那間	2046	33
170	力氣	2046	6
171	包紮	2046	15
172	十二月	2046	1
173	各式	2046	25
174	和尚	2046	8
175	和服	2046	9
176	咒語	2046	2
177	在下	2046	9
178	報案	2046	12
179	太子	2046	7
180	奈何	2046	2
181	娛樂	2046	15
182	學術	2046	3
183	安全帶	2046	22
184	左下角	2046	6
185	心思	2046	33
186	戒心	2046	1
187	打中	2046	4
188	斜路	2046	12
189	旁人	2046	3
190	書院	2046	5
191	洋娃娃	2046	22
192	牙醫	2046	6
193	用途	2046	3
194	登出	2046	11
195	監察	2046	4
196	監獄	2046	16
197	空位	2046	19
198	羽毛	2046	4
199	背部	2046	5
200	草草	2046	13
201	萬能	2046	11
202	親愛	2046	39
203	設備	2046	5
204	語調	2046	8
205	貓頭鷹	2046	1
206	蹤影	2046	1
207	車程	2046	1
208	車頂	2046	8
209	轆轆	2046	2
210	轟炸	2046	2
211	週年	2046	1
212	電車	2046	53
213	預計	2046	3
214	魔術	2046	2
215	麻醉	2046	4
216	黑洞	2046	8
217	搶劫	2045	22
218	修訂	2043	1
219	交警	2042	14
220	導向	2042	13
221	長相	2040	23
222	以至於	2034	4
223	產能	2033	17
224	上調	2032	5
225	諸如	2031	7
226	致使	2029	8
227	許可證	2027	3
228	繳費	2026	1
229	南海	2021	13
230	區間	2013	3
231	查收	2012	5
232	水利	2006	2
233	電機	2006	3
234	吉他	2005	2
235	餘額	2005	15
236	不鏽鋼	2004	4
237	會議室	2003	29
238	核對	2002	16
239	海口	1999	24
240	油價	1994	55
241	天然氣	1993	15
242	培訓班	1991	1
243	郵編	1991	1
244	項鍊	1991	6
245	初始	1988	20
246	原材料	1986	1
247	殘疾人	1986	5
248	老太太	1984	7
249	著作	1975	26
250	蘿蔔	1972	4
251	看中	1969	20
252	議案	1969	3
253	寧夏	1967	29
254	旨在	1960	5
255	錄製	1960	10
256	不良	1957	27
257	中伏	1957	1
258	倒不如	1957	2
259	假裝	1957	9
260	傳教	1957	4
261	傳染	1957	4
262	其間	1957	12
263	到場	1957	12
264	前日	1957	2
265	取笑	1957	11
266	各個	1957	23
267	圖形	1957	6
268	地頭	1957	5
269	夢見	1957	8
270	大不了	1957	5
271	太陽穴	1957	3
272	對峙	1957	8
273	局長	1957	19
274	忍耐	1957	12
275	性命	1957	6
276	意圖	1957	8
277	意大利	1957	156
278	打拳	1957	1
279	打轉	1957	12
280	抗議	1957	2
281	拉鍊	1957	1
282	招手	1957	1
283	數據	1957	8
284	昆蟲	1957	2
285	明信片	1957	3
286	棺材	1957	6
287	椰子	1957	1
288	櫥窗	1957	8
289	武力	1957	23
290	沒法	1957	8
291	沒錯	1957	22
292	清明	1957	103
293	火光	1957	22
294	異物	1957	16
295	當做	1957	10
296	相關	1957	10
297	眼罩	1957	4
298	笑臉	1957	5
299	統治	1957	11
300	緊貼	1957	11
301	繼承	1957	21
302	自身	1957	10
303	落水	1957	14
304	行業	1957	4
305	裝飾	1957	10
306	要害	1957	48
307	起行	1957	8
308	迷茫	1957	29
309	送到	1957	1
310	進發	1957	8
311	過往	1957	17
312	過癮	1957	16
313	震撼	1957	9
314	體諒	1957	3
315	點心	1957	5
316	黯然	1957	25
317	星期天	1952	8
318	傻子	1950	7
319	敢於	1948	48
320	用藥	1947	2
321	大城市	1946	1
322	出資	1945	5
323	國際市場	1945	1
324	寬度	1941	10
325	男孩子	1940	1
326	大頭	1939	15
327	中小	1937	6
328	隱患	1933	1
329	胎兒	1931	2
330	三維	1929	1
331	做工	1927	1
332	壁紙	1926	41
333	來得	1925	10
334	序列	1925	8
335	機動車	1920	54
336	侷限	1917	2
337	鏡像	1912	1
338	期刊	1908	4
339	船舶	1908	8
340	書法	1907	25
341	核算	1907	1
342	製成	1907	1
343	關愛	1907	8
344	動畫片	1906	3
345	首批	1901	22
346	電氣	1899	15
347	傳感器	1897	82
348	混凝土	1895	1
349	看重	1892	27
350	製造商	1890	16
351	託管	1889	5
352	服務業	1884	49
353	掛牌	1882	1
354	來源於	1881	11
355	原油	1879	1
356	派出	1879	13
357	開闢	1870	4
358	並非	1868	11
359	互動	1868	8
360	人選	1868	5
361	佔據	1868	18
362	保齡球	1868	17
363	修補	1868	20
364	公元	1868	1
365	再三	1868	32
366	分成	1868	1
367	到頭來	1868	15
368	劇本	1868	3
369	力度	1868	41
370	動物園	1868	6
371	同黨	1868	2
372	周身	1868	5
373	商隊	1868	22
374	城堡	1868	3
375	場地	1868	23
376	塞車	1868	16
377	外界	1868	9
378	多年	1868	11
379	天花	1868	8
380	姐妹	1868	1
381	尋求	1868	3
382	巡邏	1868	7
383	帳篷	1868	6
384	弱智	1868	11
385	心想	1868	27
386	思念	1868	18
387	感冒	1868	5
388	憔悴	1868	2
389	手工	1868	1
390	手頭	1868	5
391	打斜	1868	6
392	打發	1868	18
393	投放	1868	5
394	抽水	1868	4
395	招數	1868	12
396	挑釁	1868	1
397	救護車	1868	53
398	教練	1868	4
399	施展	1868	3
400	明日	1868	11
401	星期二	1868	2
402	未曾	1868	17
403	未能	1868	6
404	某些	1868	7
405	極點	1868	11
406	流程	1868	1
407	流逝	1868	4
408	滲入	1868	18
409	演員	1868	6
410	煙花	1868	2
411	熊熊	1868	38
412	現今	1868	16
413	環視	1868	4
414	發狂	1868	10
415	皇后	1868	2
416	真身	1868	16
417	神通	1868	1
418	程序	1868	9
419	空中	1868	5
420	符咒	1868	2
421	結構	1868	3
422	緊接	1868	21
423	聲浪	1868	11
424	職位	1868	5
425	腰部	1868	4
426	舊時	1868	19
427	袋鼠	1868	3
428	補救	1868	3
429	裝作	1868	9
430	規定	1868	2
431	解剖	1868	13
432	診所	1868	5
433	證實	1868	13
434	車廂	1868	1
435	逃生	1868	1
436	通心粉	1868	10
437	鑽石	1868	3
438	開玩笑	1868	24
439	開眼	1868	3
440	閘口	1868	19
441	關頭	1868	9
442	陷阱	1868	6
443	雪花	1868	6
444	青山	1868	2
445	非禮	1868	6
446	飲水	1868	33
447	飲食	1868	8
448	騎兵	1868	19
449	鬆綁	1868	15
450	地質	1867	1
451	號召	1867	6
452	轉賬	1867	10
453	首屆	1867	22
454	財政部	1863	14
455	新區	1860	7
456	直銷	1860	20
457	座談會	1859	42
458	絕跡	1856	5
459	大全	1855	10
460	錘子	1855	5
461	邊界	1853	20
462	牡丹	1852	3
463	還款	1852	4
464	發佈會	1851	42
465	看病	1850	13
466	白雲	1848	2
467	動感	1847	18
468	進貨	1842	23
469	團長	1841	10
470	大都	1840	6
471	業務員	1840	16
472	現貨	1840	9
473	做生意	1831	2
474	早飯	1829	1
475	繁體	1828	17
476	基金會	1827	22
477	大酒店	1827	5
478	湊合	1827	36
479	交付	1822	9
480	代謝	1820	1
481	表述	1812	6
482	院士	1812	3
483	交互	1810	8
484	買進	1810	23
485	喝茶	1806	1
486	原版	1805	8
487	日內	1805	3
488	品位	1804	4
489	青海	1803	29
490	嫂子	1799	4
491	生產力	1799	2
492	貴陽	1799	116
493	蟲子	1795	2
494	人性化	1794	39
495	劇組	1793	16
496	廠房	1791	8
497	複印	1789	15
498	攝像機	1786	1
499	侵害	1781	29
500	承包	1780	7
501	火車票	1780	4
502	不免	1779	5
503	不大	1779	18
504	中等	1779	11
505	五顏六色	1779	17
506	人才	1779	22
507	以至	1779	4
508	伴娘	1779	1
509	作家	1779	4
510	來源	1779	13
511	修長	1779	11
512	倒轉	1779	5
513	做到	1779	24
514	傳真	1779	3
515	傷勢	1779	7
516	出演	1779	7
517	前夕	1779	3
518	助理	1779	12
519	半點	1779	29
520	口吻	1779	11
521	口音	1779	5
522	合唱	1779	7
523	吸吮	1779	10
524	咕嚕	1779	10
525	四月	1779	1
526	基本法	1779	20
527	報應	1779	3
528	契約	1779	9
529	好友	1779	13
530	學歷	1779	3
531	客場	1779	34
532	實習	1779	1
533	寶石	1779	8
534	小路	1779	4
535	工會	1779	22
536	廚師	1779	7
537	彌補	1779	4
538	心血	1779	10
539	情形	1779	16
540	戒備	1779	17
541	打掃	1779	3
542	打消	1779	42
543	拍片	1779	1
544	捕捉	1779	1
545	推倒	1779	4
546	推動	1779	11
547	新郎	1779	1
548	普選	1779	9
549	書房	1779	2
550	有病	1779	17
551	木屋	1779	7
552	末日	1779	19
553	氣體	1779	5
554	水中	1779	1
555	波浪	1779	4
556	洗頭	1779	2
557	消散	1779	38
558	無從	1779	26
559	煙海	1779	13
560	營養	1779	6
561	版本	1779	3
562	瓜子	1779	1
563	生性	1779	5
564	疲倦	1779	25
565	目送	1779	15
566	眼眶	1779	3
567	禮拜日	1779	8
568	絕不	1779	11
569	良心	1779	36
570	茶几	1779	9
571	茶樓	1779	4
572	董事	1779	1
573	裝束	1779	3
574	要不是	1779	1
575	跌倒	1779	4
576	車禍	1779	4
577	轟隆	1779	7
578	還好	1779	1
579	鐵路	1779	2
580	關節	1779	18
581	陳述	1779	5
582	雨水	1779	55
583	電視劇	1779	32
584	青衣	1779	7
585	鮮奶	1779	6
586	工作量	1778	42
587	數額	1778	8
588	航天	1778	20
589	加之	1776	13
590	共計	1775	16
591	命題	1775	4
592	園林	1775	5
593	承辦	1775	2
594	王朝	1774	4
595	蒙古	1774	29
596	駕駛員	1773	3
597	發言人	1771	2
598	農藥	1770	17
599	淨值	1763	16
600	收益率	1762	35
601	稿子	1758	18
602	紹興	1756	115
603	省委	1754	1
604	穩步	1752	32
605	幸虧	1750	10
606	款項	1749	5
607	主人公	1748	11
608	建材	1747	17
609	鬍子	1746	17
610	看上	1745	11
611	元件	1743	2
612	看望	1743	12
613	交易日	1742	7
614	因子	1742	1
615	泉州	1742	12
616	火炬	1742	2
617	週報	1739	1
618	銀行卡	1735	7
619	日元	1733	34
620	計量	1733	18
621	高爾夫	1733	17
622	春秋	1732	21
623	源代碼	1730	5
624	保證金	1729	1
625	調解	1729	11
626	好意思	1727	5
627	祝願	1727	3
628	榮獲	1726	1
629	工業化	1725	39
630	氾濫	1725	8
631	本期	1724	2
632	大面積	1722	13
633	病例	1722	6
634	軍訓	1716	5
635	實習生	1715	10
636	抵押	1715	3
637	教育局	1714	12
638	海域	1712	11
639	珠寶	1710	3
640	美工	1709	10
641	辦學	1709	1
642	遏制	1708	10
643	常年	1706	7
644	省份	1705	1
645	紅樓夢	1702	11
646	轄區	1702	1
647	責任感	1701	34
648	交易所	1698	4
649	東海	1694	13
650	相聲	1694	2
651	選秀	1693	1
652	加油站	1691	1
653	不耐煩	1690	10
654	中國人	1690	3
655	代號	1690	8
656	住所	1690	7
657	作文	1690	25
658	依照	1690	21
659	倒影	1690	1
660	值錢	1690	6
661	催淚彈	1690	18
662	傳人	1690	9
663	傻事	1690	1
664	其次	1690	16
665	出版	1690	1
666	包袱	1690	5
667	協會	1690	22
668	各人	1690	1
669	咯咯	1690	1
670	啦啦隊	1690	22
671	因而	1690	13
672	報名	1690	2
673	增長	1690	13
674	外牆	1690	2
675	夜場	1690	2
676	女校	1690	3
677	奶粉	1690	5
678	對準	1690	5
679	工業	1690	49
680	差距	1690	10
681	引來	1690	1
682	強勁	1690	23
683	心臟病	1690	118
684	忐忑	1690	34
685	思維	1690	27
686	意會	1690	9
687	手提電話	1690	1
688	把手	1690	5
689	拇指	1690	6
690	指數	1690	51
691	挽回	1690	2
692	掃視	1690	4
693	推理	1690	21
694	措施	1690	18
695	換言之	1690	4
696	撒嬌	1690	1
697	攝影師	1690	2
698	收養	1690	4
699	整整	1690	46
700	星座	1690	3
701	映照	1690	11
702	昨日	1690	2
703	會場	1690	34
704	有幸	1690	10
705	架構	1690	3
706	楚楚	1690	12
707	機器	1690	3
708	殘留	1690	8
709	水池	1690	4
710	汗水	1690	4
711	照射	1690	11
712	牙籤	1690	17
713	獎品	1690	1
714	環顧	1690	4
715	男士	1690	10
716	界線	1690	18
717	當地	1690	5
718	白虎	1690	1
719	監管	1690	5
720	着數	1690	3
721	穿梭	1690	27
722	簽名	1690	7
723	膠水	1690	7
724	舌尖	1690	1
725	蜘蛛	1690	2
726	血水	1690	3
727	血統	1690	2
728	裂開	1690	17
729	親吻	1690	4
730	觀念	1690	5
731	豬朋狗友	1690	1
732	貫穿	1690	5
733	質量	1690	6
734	走火	1690	4
735	軍校	1690	2
736	轉動	1690	12
737	轉化	1690	10
738	近況	1690	5
739	逗留	1690	14
740	過問	1690	2
741	道謝	1690	10
742	道路	1690	12
743	遠遠	1690	21
744	金黃	1690	1
745	隨後	1690	30
746	雙臂	1690	10
747	靈機	1690	10
748	韓國	1690	156
749	音響	1690	11
750	骨折	1690	4
751	高低	1690	18
752	工作者	1687	2
753	蒐集	1687	13
754	輪迴	1685	4
755	科室	1683	40
756	總計	1683	16
757	公車	1682	13
758	致富	1682	14
759	看樣子	1681	28
760	入庫	1680	5
761	射門	1680	2
762	葡萄酒	1680	32
763	看成	1679	10
764	不可避免	1678	2
765	摺疊	1678	4
766	涵蓋	1678	21
767	直觀	1678	1
768	改制	1677	29
769	本着	1676	11
770	玩兒	1674	16
771	發售	1673	11
772	長假	1672	16
773	多方	1669	6
774	便捷	1668	43
775	搞到	1668	1
776	配送	1667	2
777	再不	1665	7
778	商用	1657	28
779	貨款	1657	23
780	選取	1657	21
781	開辦	1657	9
782	遺址	1656	3
783	市中心	1654	5
784	國債	1651	4
785	專業化	1651	67
786	儘早	1650	16
787	洽談	1650	47
788	聆聽	1650	5
789	路段	1650	3
790	替補	1647	4
791	充電器	1645	82
792	負載	1642	3
793	汕頭	1639	115
794	上個月	1638	2
795	完蛋	1638	55
796	寄託	1638	8
797	頒佈	1637	12
798	隨筆	1635	1
799	博覽會	1634	42
800	中小學	1633	17
801	方便麪	1630	10
802	商貿	1629	6
803	杜絕	1627	13
804	機體	1627	1
805	華盛頓	1626	127
806	彩電	1622	7
807	航線	1622	3
808	合金	1617	7
809	貪官	1617	3
810	開採	1614	4
811	博弈	1613	5
812	繪製	1611	3
813	回升	1610	17
814	器件	1609	3
815	常務	1609	17
816	無不	1609	5
817	光學	1608	82
818	差價	1608	55
819	幹掉	1608	7
820	蒼蠅	1608	1
821	噪聲	1605	1
822	水稻	1604	6
823	年年	1602	2
824	一連串	1601	33
825	下顎	1601	2
826	不成	1601	27
827	事到如今	1601	1
828	信仰	1601	11
829	側身	1601	5
830	偷走	1601	13
831	傷風	1601	4
832	兩者	1601	10
833	冰山	1601	5
834	勇者	1601	5
835	卡通	1601	4
836	器材	1601	6
837	回程	1601	2
838	大路	1601	7
839	完人	1601	17
840	定義	1601	2
841	就讀	1601	1
842	局面	1601	20
843	手巾	1601	6
844	扮演	1601	9
845	擂台	1601	17
846	擔任	1601	10
847	教徒	1601	2
848	斧頭	1601	2
849	日期	1601	1
850	樹幹	1601	3
851	樹枝	1601	5
852	歌曲	1601	2
853	水泡	1601	1
854	沉船	1601	4
855	法文	1601	7
856	渴求	1601	4
857	激光	1601	22
858	激情	1601	1
859	熱辣辣	1601	19
860	燒賣	1601	10
861	玩笑	1601	3
862	環節	1601	1
863	畫家	1601	1
864	疑似	1601	1
865	疼痛	1601	6
866	發問	1601	11
867	白費	1601	1
868	盔甲	1601	7
869	相片	1601	5
870	符號	1601	6
871	等候	1601	11
872	糾纏	1601	15
873	純情	1601	11
874	翻轉	1601	12
875	自稱	1601	2
876	色情	1601	13
877	茶花	1601	1
878	落下	1601	7
879	融入	1601	2
880	蠟筆	1601	22
881	行禮	1601	4
882	衝力	1601	6
883	記載	1601	2
884	調頭	1601	2
885	變臉	1601	3
886	跨過	1601	5
887	躲避	1601	16
888	軸承	1601	5
889	送禮	1601	1
890	逐一	1601	18
891	過火	1601	6
892	釣魚	1601	2
893	銀色	1601	1
894	難題	1601	9
895	面臨	1601	24
896	頭盔	1601	7
897	高舉	1601	3
898	鯊魚	1601	2
899	鯨魚	1601	1
900	鼻血	1601	1
901	炎症	1600	2
902	電容	1600	1
903	莫斯科	1596	127
904	電廠	1596	18
905	下崗	1595	5
906	南非	1595	13
907	來信	1594	7
908	反過來	1594	13
909	發揚	1594	5
910	大臣	1593	7
911	貨運	1592	16
912	土耳其	1591	156
913	本子	1591	13
914	滯後	1591	10
915	唐山	1590	115
916	視圖	1590	19
917	退款	1588	1
918	客車	1587	9
919	華南	1587	9
920	在校	1585	2
921	創始人	1582	6
922	鬼子	1582	2
923	浪潮	1578	3
924	武警	1577	2
925	主題曲	1576	15
926	職稱	1575	6
927	被告人	1575	2
928	不見得	1574	4
929	聯網	1573	21
930	增長率	1572	45
931	板子	1572	5
932	神經病	1572	3
933	中學生	1571	10
934	非得	1571	12
935	師範	1565	3
936	巨星	1563	12
937	前沿	1562	5
938	亮度	1561	41
939	延期	1561	11
940	耕地	1561	14
941	建國	1560	2
942	封殺	1556	12
943	鴿子	1556	1
944	信託	1553	6
945	矩陣	1552	4
946	置業	1552	4
947	趨於	1552	2
948	難點	1552	6
949	出遊	1551	13
950	酸奶	1551	6
951	信訪	1549	8
952	多方面	1549	6
953	多重	1549	33
954	皇冠	1549	1
955	僅供參考	1547	1
956	歸屬	1547	9
957	麪條	1547	1
958	停機	1546	17
959	審理	1545	3
960	英鎊	1544	34
961	交納	1540	8
962	經貿	1540	10
963	姥姥	1539	13
964	克隆	1538	2
965	票據	1538	9
966	駕照	1538	1
967	米飯	1537	3
968	天河	1535	4
969	盤子	1534	4
970	特大	1533	18
971	通訊員	1532	2
972	治癒	1530	10
973	有的是	1529	32
974	綜述	1529	9
975	前列	1528	4
976	表決	1528	13
977	口岸	1527	5
978	辦案	1527	21
979	概述	1526	5
980	第十	1526	4
981	退回	1525	18
982	成年人	1523	7
983	油田	1523	3
984	勞務	1520	7
985	攝像	1520	10
986	銜接	1520	21
987	農機	1519	1
988	養生	1519	10
989	稀飯	1518	3
990	花卉	1517	5
991	總局	1515	4
992	體育館	1515	5
993	實況	1513	7
994	一帶	1512	11
995	一月	1512	4
996	交錯	1512	3
997	人事	1512	17
998	份量	1512	7
999	伸懶腰	1512	1
1000	作嘔	1512	17
1001	全都	1512	16
1002	前者	1512	1
1003	勾引	1512	10
1004	十月	1512	3
1005	協議	1512	20
1006	受驚	1512	6
1007	吞噬	1512	8
1008	告白	1512	3
1009	場景	1512	14
1010	壽命	1512	3
1011	大街	1512	4
1012	奉獻	1512	5
1013	威嚴	1512	30
1014	完事	1512	23
1015	家用	1512	2
1016	對得住	1512	8
1017	居住	1512	9
1018	差點	1512	4
1019	年頭	1512	5
1020	引擎	1512	1
1021	形勢	1512	19
1022	後母	1512	4
1023	志願	1512	6
1024	快餐	1512	5
1025	怨氣	1512	5
1026	情書	1512	6
1027	惺忪	1512	29
1028	意粉	1512	1
1029	慰藉	1512	7
1030	應酬	1512	8
1031	成份	1512	2
1032	手感	1512	34
1033	手持	1512	16
1034	打理	1512	2
1035	拋開	1512	22
1036	指出	1512	5
1037	指尖	1512	5
1038	搜尋	1512	19
1039	散步	1512	8
1040	數目	1512	9
1041	方位	1512	4
1042	時分	1512	13
1043	暗自	1512	29
1044	曲線	1512	42
1045	有着	1512	23
1046	民族	1512	3
1047	水上	1512	6
1048	清洗	1512	13
1049	火星	1512	21
1050	熱身	1512	1
1051	特首	1512	6
1052	班機	1512	4
1053	理應	1512	11
1054	疤痕	1512	2
1055	痛心	1512	20
1056	百合	1512	1
1057	皇家	1512	8
1058	程式	1512	25
1059	種類	1512	17
1060	級數	1512	51
1061	終極	1512	21
1062	網站	1512	4
1063	縱然	1512	16
1064	翻去	1512	1
1065	耳筒	1512	1
1066	胡亂	1512	7
1067	脂肪	1512	6
1068	草原	1512	3
1069	螞蟻	1512	2
1070	血肉	1512	10
1071	衣衫	1512	12
1072	要緊	1512	51
1073	見狀	1512	28
1074	車輛	1512	4
1075	辣椒	1512	4
1076	連同	1512	5
1077	連帶	1512	10
1078	過山車	1512	1
1079	酒杯	1512	6
1080	金幣	1512	34
1081	金魚	1512	2
1082	鍾情	1512	11
1083	零食	1512	12
1084	電器	1512	1
1085	電波	1512	2
1086	青色	1512	2
1087	面部	1512	7
1088	類型	1512	17
1089	風度	1512	18
1090	風氣	1512	4
1091	飯堂	1512	3
1092	餘地	1512	4
1093	鸚鵡	1512	1
1094	點火	1512	39
1095	話筒	1509	2
1096	參見	1508	17
1097	復出	1508	3
1098	一陣子	1507	14
1099	有效期	1507	17
1100	東盟	1507	4
1101	對接	1506	21
1102	變壓器	1506	82
1103	介質	1505	6
1104	奧斯卡	1504	3
1105	點球	1504	1
1106	搭檔	1502	10
1107	期末	1502	19
1108	燃氣	1502	15
1109	吐血	1500	1
1110	會所	1498	1
1111	油耗	1498	8
1112	洛杉磯	1498	29
1113	趣味	1498	12
1114	櫥櫃	1496	5
1115	生活費	1496	2
1116	返還	1494	1
1117	模擬器	1492	82
1118	縣長	1492	6
1119	據此	1490	13
1120	桃子	1490	1
1121	航母	1490	7
1122	顯示屏	1490	6
1123	年報	1489	15
1124	老孃	1489	8
1125	支隊	1488	3
1126	運動會	1488	42
1127	主帥	1487	12
1128	公證	1487	8
1129	大軍	1487	18
1130	拓寬	1485	23
1131	美學	1485	82
1132	陸軍	1485	17
1133	學子	1483	25
1134	起草	1483	7
1135	俄國	1482	156
1136	溜達	1482	4
1137	越發	1482	14
1138	柴油	1481	3
1139	電動車	1480	53
1140	打的	1479	7
1141	從沒	1478	17
1142	轉會	1478	10
1143	作物	1476	1
1144	西紅柿	1476	1
1145	轉速	1476	10
1146	租用	1475	35
1147	梳理	1474	4
1148	阿富汗	1474	156
1149	仲裁	1473	13
1150	公安部	1473	21
1151	國情	1473	26
1152	基站	1473	2
1153	智能手機	1473	1
1154	規範化	1473	17
1155	鍋爐	1473	15
1156	鑑別	1472	10
1157	女足	1471	15
1158	所有權	1471	39
1159	接軌	1471	15
1160	峯會	1470	42
1161	方程	1468	33
1162	秋風	1466	3
1163	光電	1465	11
1164	奶牛	1464	1
1165	移交	1464	5
1166	乒乓球	1462	1
1167	稍稍	1462	22
1168	工作日	1461	7
1169	責令	1460	1
1170	小米	1459	5
1171	憑着	1458	4
1172	赫赫	1458	25
1173	妊娠	1456	5
1174	驅動程序	1455	1
1175	旅遊業	1454	49
1176	抓獲	1453	6
1177	毫米	1453	11
1178	珠江	1453	3
1179	立項	1453	1
1180	離子	1453	5
1181	弘揚	1452	5
1182	漢奸	1451	10
1183	着眼	1450	11
1184	牽頭	1449	12
1185	自治	1449	5
1186	着實	1448	16
1187	科普	1447	14
1188	坦言	1446	1
1189	嫦娥	1446	41
1190	位居	1445	18
1191	大洋	1445	23
1192	來訪	1444	8
1193	集裝箱	1444	19
1194	工作組	1443	6
1195	產值	1443	16
1196	規避	1443	9
1197	路子	1443	10
1198	泄漏	1442	7
1199	開銷	1442	16
1200	婚後	1441	3
1201	乘車	1439	7
1202	判處	1439	5
1203	原子	1438	1
1204	治病	1438	11
1205	唐朝	1437	33
1206	麪粉	1436	2
1207	戰績	1435	4
1208	雪山	1435	8
1209	扶貧	1434	11
1210	浸泡	1434	4
1211	費勁	1434	35
1212	索賠	1432	1
1213	跟上	1432	2
1214	年會	1430	11
1215	沒事兒	1430	4
1216	考古	1430	20
1217	抗生素	1428	11
1218	紅塵	1428	14
1219	股本	1427	12
1220	中醫藥	1426	3
1221	藝術品	1426	29
1222	代理人	1425	4
1223	樹脂	1425	1
1224	過生日	1424	2
1225	一線	1423	9
1226	上流	1423	22
1227	不覺	1423	6
1228	主教	1423	5
1229	事務	1423	10
1230	五行	1423	3
1231	人影	1423	2
1232	以致	1423	8
1233	但願	1423	30
1234	住宅	1423	7
1235	侍者	1423	8
1236	保住	1423	1
1237	保佑	1423	4
1238	傳媒	1423	3
1239	儀態	1423	23
1240	兩旁	1423	14
1241	公民	1423	20
1242	冰凍	1423	7
1243	出任	1423	10
1244	前所未有	1423	11
1245	勝負	1423	4
1246	南瓜	1423	2
1247	占卜	1423	3
1248	原子筆	1423	1
1249	原理	1423	6
1250	受害人	1423	3
1251	受過	1423	2
1252	叮囑	1423	6
1253	可笑	1423	5
1254	吊帶	1423	1
1255	同等	1423	25
1256	名詞	1423	9
1257	吶喊	1423	15
1258	商店	1423	21
1259	嘉賓	1423	2
1260	因果	1423	3
1261	地勤	1423	5
1262	場合	1423	4
1263	填補	1423	17
1264	大自然	1423	10
1265	天文台	1423	1
1266	如同	1423	13
1267	孤兒	1423	2
1268	學位	1423	4
1269	家底	1423	9
1270	寶玉	1423	1
1271	專家	1423	7
1272	山坡	1423	1
1273	帶路	1423	11
1274	年少	1423	11
1275	幽靈	1423	6
1276	強逼	1423	14
1277	律師	1423	3
1278	心地	1423	42
1279	性情	1423	11
1280	恐嚇	1423	7
1281	悄悄	1423	39
1282	想見	1423	18
1283	意大利粉	1423	1
1284	懷孕	1423	5
1285	打圓場	1423	11
1286	把持	1423	12
1287	接吻	1423	4
1288	搖搖	1423	12
1289	擅自	1423	15
1290	操行	1423	9
1291	收服	1423	6
1292	效應	1423	18
1293	教室	1423	2
1294	日報	1423	15
1295	晚裝	1423	10
1296	會計	1423	5
1297	槍聲	1423	10
1298	標誌	1423	9
1299	標題	1423	3
1300	此處	1423	4
1301	歲數	1423	11
1302	比利時	1423	156
1303	氣喘	1423	3
1304	沉思	1423	26
1305	法例	1423	7
1306	涉及	1423	12
1307	港股	1423	4
1308	湧出	1423	8
1309	滑落	1423	8
1310	漩渦	1423	2
1311	潛入	1423	20
1312	火柴	1423	2
1313	烏雲	1423	10
1314	無意中	1423	1
1315	煙霧	1423	2
1316	熱血	1423	24
1317	燒烤	1423	17
1318	牆角	1423	1
1319	牙齒	1423	2
1320	產地	1423	19
1321	留底	1423	3
1322	病情	1423	1
1323	盾牌	1423	4
1324	研發	1423	1
1325	科目	1423	4
1326	突擊	1423	4
1327	箭步	1423	3
1328	綁匪	1423	5
1329	罪孽	1423	12
1330	義氣	1423	40
1331	耀眼	1423	9
1332	聯想	1423	6
1333	舉例	1423	4
1334	舞台	1423	1
1335	葬禮	1423	7
1336	血色	1423	2
1337	褲子	1423	3
1338	設施	1423	5
1339	該死	1423	13
1340	課本	1423	5
1341	警署	1423	7
1342	費用	1423	10
1343	越過	1423	5
1344	身分	1423	10
1345	車上	1423	1
1346	軍人	1423	4
1347	辭典	1423	5
1348	農場	1423	34
1349	逝去	1423	2
1350	過關	1423	7
1351	適中	1423	43
1352	鄰居	1423	8
1353	鍵盤	1423	6
1354	鐘樓	1423	2
1355	長度	1423	3
1356	門牙	1423	2
1357	閃光燈	1423	41
1358	開花	1423	8
1359	開關	1423	3
1360	關懷	1423	8
1361	防備	1423	15
1362	防火牆	1423	2
1363	院長	1423	14
1364	電池	1423	2
1365	風雷	1423	3
1366	餘下	1423	6
1367	傳染病	1421	118
1368	提速	1420	3
1369	典範	1418	14
1370	手寫	1418	1
1371	貨源	1418	20
1372	國際貿易	1417	3
1373	收視率	1417	35
1374	飛行員	1417	1
1375	微生物	1416	2
1376	親友	1416	2
1377	事蹟	1415	3
1378	婷婷	1413	30
1379	亞太	1411	14
1380	圖文	1411	2
1381	電子版	1411	8
1382	總線	1407	22
1383	工業區	1406	46
1384	總價	1406	55
1385	自來水	1406	28
1386	二手車	1405	53
1387	恨不得	1405	17
1388	緬甸	1405	156
1389	過日子	1405	9
1390	遙控器	1405	82
1391	塗抹	1404	11
1392	底盤	1404	9
1393	流淌	1404	5
1394	供需	1401	1
1395	午後	1401	3
1396	劑量	1400	42
1397	化肥	1400	1
1398	元寶	1399	14
1399	大選	1398	9
1400	參與者	1397	1
1401	漂流	1397	23
1402	用量	1394	1
1403	用人	1393	1
1404	教主	1392	5
1405	普查	1392	2
1406	頭銜	1392	3
1407	外商	1391	16
1408	奧林匹克	1390	2
1409	方向盤	1390	1
1410	葡萄牙	1390	156
1411	金子	1390	2
1412	下月	1388	3
1413	豆瓣	1388	4
1414	學生會	1386	22
1415	影迷	1386	9
1416	展覽會	1384	42
1417	血清	1384	8
1418	強有力	1383	23
1419	廳長	1382	19
1420	本部	1381	8
1421	高新技術	1381	1
1422	規章	1380	6
1423	戰鬥機	1379	2
1424	世錦賽	1378	3
1425	原著	1378	4
1426	測算	1377	34
1427	當即	1377	25
1428	華語	1377	4
1429	烏克蘭	1376	156
1430	華僑	1376	4
1431	冰淇淋	1375	1
1432	書畫	1375	4
1433	前不久	1374	10
1434	單片機	1374	1
1435	曲目	1374	2
1436	烹飪	1374	2
1437	全天	1373	1
1438	奶媽	1373	2
1439	成功率	1373	35
1440	海拔	1372	1
1441	定金	1371	9
1442	磁帶	1371	10
1443	抽空	1370	3
1444	押金	1369	6
1445	體育場	1368	2
1446	戰機	1367	4
1447	嚮導	1366	11
1448	民航	1364	6
1449	用工	1364	1
1450	盜竊	1363	13
1451	紡織品	1363	10
1452	下山	1362	2
1453	外交部	1362	14
1454	年限	1362	6
1455	戰鬥力	1362	2
1456	文集	1362	10
1457	標明	1362	6
1458	連續劇	1362	32
1459	吹牛	1361	7
1460	礦業	1361	49
1461	音樂會	1361	1
1462	邊框	1360	1
1463	代言人	1359	2
1464	向着	1358	5
1465	儒家	1357	2
1466	評判	1356	9
1467	上月	1355	1
1468	違章	1355	1
1469	門窗	1355	1
1470	五金	1354	3
1471	綠地	1354	3
1472	乃是	1353	8
1473	名家	1353	12
1474	時而	1353	33
1475	礦山	1352	8
1476	機理	1351	7
1477	減免	1351	1
1478	作案	1350	11
1479	國度	1350	5
1480	裝配	1350	1
1481	擴容	1349	2
1482	海內外	1349	19
1483	老闆娘	1348	4
1484	衚衕	1348	3
1485	警示	1348	4
1486	製藥	1347	3
1487	責任心	1347	6
1488	預示	1347	4
1489	演練	1345	5
1490	剖析	1344	8
1491	執業	1343	3
1492	抽查	1343	7
1493	晚報	1343	15
1494	清代	1343	33
1495	高額	1343	15
1496	院子	1341	3
1497	問世	1340	1
1498	櫃子	1340	5
1499	消費品	1340	3
1500	使館	1339	2
1501	通訊錄	1339	3
1502	好奇心	1338	1
1503	定量	1338	42
1504	專業知識	1338	1
1505	醬油	1336	7
1506	風景區	1336	46
1507	收看	1335	28
1508	當着	1335	13
1509	軍方	1335	10
1510	丈夫	1334	16
1511	上當	1334	4
1512	下一步	1334	3
1513	下載	1334	1
1514	不至於	1334	4
1515	人身	1334	16
1516	企業	1334	20
1517	保釋	1334	12
1518	偷窺	1334	10
1519	傷者	1334	4
1520	入會	1334	3
1521	冤枉	1334	20
1522	分辨	1334	13
1523	北海道	1334	115
1524	卡片	1334	1
1525	原意	1334	2
1526	句號	1334	14
1527	可悲	1334	21
1528	右下方	1334	6
1529	呼喚	1334	12
1530	哽咽	1334	12
1531	嘆息	1334	7
1532	回望	1334	3
1533	地毯	1334	4
1534	堅挺	1334	13
1535	增收	1334	3
1536	大好	1334	62
1537	套衫	1334	9
1538	套裝	1334	9
1539	好手	1334	29
1540	妖氣	1334	2
1541	學費	1334	29
1542	小動作	1334	2
1543	小鳥	1334	7
1544	工程	1334	2
1545	差別	1334	10
1546	平平	1334	9
1547	年級	1334	3
1548	弟子	1334	15
1549	彎腰	1334	2
1550	思索	1334	26
1551	怪人	1334	2
1552	懂事	1334	2
1553	手緊	1334	15
1554	打劫	1334	22
1555	招惹	1334	14
1556	指引	1334	13
1557	掉轉	1334	12
1558	接手	1334	5
1559	推論	1334	18
1560	放膽	1334	1
1561	散落	1334	20
1562	斷氣	1334	47
1563	旋風	1334	1
1564	木板	1334	10
1565	木馬	1334	30
1566	松鼠	1334	1
1567	構思	1334	28
1568	款式	1334	7
1569	殺傷力	1334	22
1570	比如	1334	28
1571	永別	1334	47
1572	求情	1334	6
1573	消除	1334	42
1574	火花	1334	7
1575	照應	1334	16
1576	牽涉	1334	12
1577	王者	1334	27
1578	瑞士	1334	156
1579	登場	1334	11
1580	發抖	1334	14
1581	白衣	1334	27
1582	直角	1334	17
1583	知己	1334	40
1584	短訊	1334	1
1585	破綻	1334	17
1586	碰到	1334	13
1587	社長	1334	14
1588	等同	1334	25
1589	累積	1334	8
1590	終審	1334	10
1591	終究	1334	20
1592	絕技	1334	12
1593	絕育	1334	1
1594	線條	1334	2
1595	缺口	1334	2
1596	美人魚	1334	25
1597	美食	1334	3
1598	翌日	1334	7
1599	聊天	1334	21
1600	聖誕樹	1334	26
1601	肉眼	1334	7
