literal	freq	pos	family	voice	note
不費吹灰之力	556	a,v	idiom		
以權謀私	556	v	idiom		
冷若冰霜	556	a	idiom		
分組討論	556	n,v			
參考手冊	556	n			
因果報應	556	n	idiom		
大不如前	556	a	idiom		
懸而未決	556	a,v	idiom		
承上啓下	556	v	idiom		
捨我其誰	556	x	idiom		
據理力爭	556	v	idiom		
於心不忍	556	a,v	idiom		
曲徑通幽	556	a,n	idiom		
核心人物	556	n			
水木清華	556	n			
生死關頭	556	n	idiom		
群雄逐鹿	556	v	idiom		
聯邦德國	556	n			
許可協議	556	n			
重色輕友	556	a,v	idiom		
靜觀其變	556	v	idiom		
驚歎不已	556	a,v	idiom		
鼻青臉腫	556	a	idiom		
一路平安	555	a,x	idiom		
全然不知	555	a,v			
公費醫療	555	n			
半殖民地	555	n			
咬文嚼字	555	a,v	idiom		
堪輿	555	n			
專業精神	555	n			
年輕貌美	555	a			
恍如隔世	555	a	idiom		
扭轉乾坤	555	v	idiom		
招人喜歡	555	a,v			
暴露無遺	555	a,v	idiom		
欲蓋彌彰	555	a,v	idiom		
深情款款	555	a	idiom		
滿目瘡痍	555	a	idiom		
演出地點	555	n			
無業遊民	555	n			
白道	555	n			
白雪皚皚	555	a	idiom		
矇混過關	555	v	idiom		
矢口否認	555	v	idiom		
結伴同行	555	v			
苛責	555	n,v			
酒足飯飽	555	a	idiom		
開誠佈公	555	a,v	idiom		
一聲不響	554	a,r	idiom		
三十而立	554	a,v	idiom		
不堪忍受	554	a,v			
乍暖還寒	554	a	idiom		
休閒活動	554	n			
兩肋插刀	554	v	idiom		
前途無量	554	a	idiom		
名符其實	554	a	idiom		
天寒地凍	554	a	idiom		
太平盛世	554	n	idiom		
失血過多	554	a,v			
孤立無援	554	a	idiom		
少兒不宜	554	a			
平板玻璃	554	n			
引咎辭職	554	v			
引蛇出洞	554	v	idiom		
怒髮衝冠	554	a,v	idiom		
拔河比賽	554	n			
擲地有聲	554	a	idiom		
收放自如	554	a,v	idiom		
春風化雨	554	n,v	idiom		
機關算盡	554	a,v	idiom		
正月初一	554	n,r			
死而復生	554	v	idiom		
爵士音樂	554	n			
短兵相接	554	v	idiom		
社會形態	554	n			
社會意識	554	n			
第二課堂	554	n			
老謀深算	554	a	idiom		
自來水管	554	n			
自由戀愛	554	n,v			
良種繁育	554	n,v			
苦中作樂	554	v	idiom		
見好就收	554	v	idiom		
見過世面	554	a,v			
課外讀物	554	n			
軍事科學	554	n			
農曆新年	554	n			
駕駛執照	554	n			
一笑了之	553	v	idiom		
一語道破	553	v	idiom		
不可挽回	553	a			
人跡罕至	553	a	idiom		
商業發票	553	n			
圓桌會議	553	n			
捷足先登	553	v	idiom		
教育局長	553	n			
民事權利	553	n			
洲際導彈	553	n			
科學普及	553	n,v			
臨危受命	553	v	idiom		
自慚形穢	553	a,v	idiom		
莫桑比克	553	n			
調虎離山	553	v	idiom		
跌打損傷	553	n			
迴光返照	553	n,v	idiom		
逃離現場	553	v			
連根拔起	553	v	idiom		
達官貴人	553	n	idiom		
飲食療法	553	n			
黑白分明	553	a	idiom		
三番五次	552	r	idiom		
不能自已	552	a,v	idiom		
乏善可陳	552	a	idiom		
五音不全	552	a	idiom		
克林黴素	552	n			
包皮環切	552	n,v			
反面教材	552	n			
同父異母	552	a			
嬉笑怒罵	552	n,v	idiom		
宇宙空間	552	n			
完美無瑕	552	a	idiom		
對簿公堂	552	v	idiom		
左擁右抱	552	v	idiom		
投其所好	552	v	idiom		
搔首弄姿	552	v	idiom		
死不瞑目	552	a,v	idiom		
白駒過隙	552	n,v	idiom		
百看不厭	552	a,v	idiom		
社會存在	552	n			
童心未泯	552	a	idiom		
紅男綠女	552	n	idiom		
素面朝天	552	a,v	idiom		
表面張力	552	n			
裝甲兵	552	n			
西班牙文	552	n			
跋山涉水	552	v	idiom		
身先士卒	552	v	idiom		
陽春白雪	552	n	idiom		
雙目失明	552	a,v			
頭暈眼花	552	a,v	idiom		
風雨交加	552	a,v	idiom		
龍鳳呈祥	552	a,n	idiom		
一腔熱血	551	n	idiom		
不成比例	551	a			
不苟言笑	551	a	idiom		
二十四史	551	n			
倖免於難	551	v	idiom		
冷血動物	551	n			
凹凸有致	551	a	idiom		
北戴河區	551	n			
呆若木雞	551	a	idiom		
四書五經	551	n			
展翅高飛	551	v	idiom		
年輕氣盛	551	a	idiom		
暗無天日	551	a	idiom		
東奔西跑	551	v	idiom		
正是如此	551	r,x			
治病救人	551	v	idiom		
添油加醋	551	v	idiom		
潔身自好	551	a,v	idiom		
產前檢查	551	n			
登堂入室	551	v	idiom		
發財致富	551	v			
真假難辨	551	a			
置身其中	551	v			
老淚縱橫	551	a,v	idiom		
老當益壯	551	a	idiom		
能歌善舞	551	a	idiom		
自取其辱	551	v	idiom		
虛無飄渺	551	a	idiom		
衣衫襤褸	551	a	idiom		
視頻節目	551	n			
請君入甕	551	v	idiom		
通融	551	n,v			
醍醐灌頂	551	v	idiom		
顧此失彼	551	v	idiom		
鮮血淋漓	551	a	idiom		
一刀兩斷	550	v	idiom		
不惜犧牲	550	v			
侵略戰爭	550	n			
偃旗息鼓	550	v	idiom		
出庭作證	550	v			
南昌起義	550	n			
口若懸河	550	a	idiom		
同牀共枕	550	v	idiom		
哭喪着臉	550	a,v			
喧賓奪主	550	v	idiom		
塞翁失馬	550	n,v	idiom		
年久失修	550	a			
患難與共	550	v	idiom		
情意綿綿	550	a	idiom		
掃地出門	550	v	idiom		
暗渡陳倉	550	v	idiom		
望穿秋水	550	v	idiom		
男才女貌	550	a,n	idiom		
略知一二	550	a,v			
看不過去	550	a,v			
碎片整理	550	n,v			
細枝末節	550	n	idiom		
老大不小	550	a	idiom		
老少皆宜	550	a			
評頭論足	550	v	idiom		
遊行示威	550	n,v			
雄性激素	550	n			
一直往前	549	r,v			
三國時代	549	n			
不敢苟同	549	v			
不讓鬚眉	549	a,v	idiom		
不辭辛苦	549	a,v			
交通意外	549	n			
人間地獄	549	n			
伸手不見五指	549	a	idiom		
克什米爾	549	n			
壽終正寢	549	v	idiom		
平白無故	549	a,r	idiom		
怡然自得	549	a	idiom		
應用物理	549	n			
文藝活動	549	n			
新來乍到	549	a,v	idiom		
春華秋實	549	n,v	idiom		
有關各方	549	n			
殿後	549	v			
烏茲別克	549	n			
登門拜訪	549	v			
睡眼惺忪	549	a	idiom		
等一會兒	549	r,v			
誓師大會	549	n			
資訊科技	549	n			
軟弱無力	549	a	idiom		
金髮碧眼	549	a			
闖蕩江湖	549	v	idiom		
魚與熊掌	549	n	idiom		
黃道吉日	549	n			
黑白電視	549	n			
一般貿易	548	n			
一錘定音	548	v	idiom		
三腳貓	548	n			
不可限量	548	a			
任人宰割	548	a,v	idiom		
動人心魄	548	a	idiom		
危重病人	548	n			
名目繁多	548	a			
尊老愛幼	548	v	idiom		
對立統一	548	n,v			
屢試不爽	548	a,v	idiom		
左右搖擺	548	a,v			
席地而坐	548	v	idiom		
張燈結綵	548	v	idiom		
拼圖遊戲	548	n			
武裝警察	548	n			
死於非命	548	v	idiom		
河東獅吼	548	n,v	idiom		
浪子回頭	548	v	idiom		
燃氣輪機	548	n			
生產勞動	548	n			
百聽不厭	548	a,v	idiom		
睡袍	548	n			
空手而歸	548	v	idiom		
粗茶淡飯	548	n	idiom		
耗散	548	n,v			
自動恢復	548	n,v			
自命不凡	548	a	idiom		
蓋世英雄	548	n			
轟動效應	548	n			
退避三舍	548	v	idiom		
長年累月	548	n,r	idiom		
降職	548	n,v			
順藤摸瓜	548	v	idiom		
顛倒黑白	548	v	idiom		
鹹魚翻身	548	v	idiom		
麥田怪圈	548	n			
齜牙咧嘴	548	a,v	idiom		
一式兩份	547	n,r			
事過境遷	547	a,v	idiom		
傳播媒介	547	n			
分析處理	547	n,v			
十惡不赦	547	a	idiom		
口誅筆伐	547	v	idiom		
大快朵頤	547	v	idiom		
守恆定律	547	n			
懷恨在心	547	v			
披頭散髮	547	a			
毫無用處	547	a			
物盡其用	547	v	idiom		
瓢潑大雨	547	n			
男左女右	547	n,r			
監管體制	547	n			
看家本領	547	n			
眼淚汪汪	547	a			
秋水伊人	547	n	idiom		
網絡語言	547	n			
臨牀特徵	547	n			
自愧不如	547	a,v	idiom		
載入史冊	547	v			
騰雲駕霧	547	v	idiom		
一鍋粥	546	n			
互不相讓	546	a,v			
仁厚	546	a			
作踐	546	v			
依然如故	546	a,r	idiom		
催化裂化	546	n,v			
全心投入	546	v			
刻苦鑽研	546	v			
口齒伶俐	546	a	idiom		
唯物論	546	n			
夜不歸宿	546	a,v			
好景不長	546	a	idiom		
心馳神往	546	a,v	idiom		
志趣相投	546	a	idiom		
憨態可掬	546	a	idiom		
有口皆碑	546	a	idiom		
歷久彌新	546	a	idiom		
比翼雙飛	546	v	idiom		
深受感動	546	a,v			
潤腸通便	546	a,v			
生物材料	546	n			
瞻前顧後	546	a,v	idiom		
細嚼慢嚥	546	v	idiom		
行使職權	546	v			
連滾帶爬	546	v	idiom		
開放政策	546	n			
高壽	546	a,n			
鬼哭狼嚎	546	a,v	idiom		
俗不可耐	545	a	idiom		
偷天換日	545	v	idiom		
共同基金	545	n			
初等教育	545	n			
十八羅漢	545	n			
大興土木	545	v	idiom		
孤魂野鬼	545	n			
工人運動	545	n			
情真意切	545	a	idiom		
應用科學	545	n			
收復失地	545	v			
放任自流	545	a,v	idiom		
斬草除根	545	v	idiom		
春花秋月	545	n	idiom		
武裝部隊	545	n			
汪洋大海	545	n			
淡泊名利	545	a,v	idiom		
滿山遍野	545	a,r	idiom		
現代五項	545	n			
生產工具	545	n			
笑掉大牙	545	v	idiom		
納米比亞	545	n			
結婚證書	545	n			
自卑心理	545	n			
觸礁	545	n,v			
謹小慎微	545	a	idiom		
越王勾踐	545	n			
造福人類	545	v			
遊戲人間	545	v	idiom		
陰陽怪氣	545	a	idiom		
隻字不提	545	v	idiom		
鴛鴦戲水	545	n,v			
鼓舞人心	545	a,v			
乙腦	544	n			
來者不善	544	a	idiom		
出師不利	544	a,v	idiom		
加拿大人	544	n			
危機重重	544	a			
名不副實	544	a	idiom		
地震預報	544	n			
墨守成規	544	a,v	idiom		
大勢已去	544	a	idiom		
孩提時代	544	n			
小麥胚芽	544	n			
心無旁騖	544	a	idiom		
心胸狹窄	544	a			
才貌雙全	544	a	idiom		
有色眼鏡	544	n			
有限元法	544	n			
欺人太甚	544	a,v			
民族舞蹈	544	n			
氣勢如虹	544	a	idiom		
物極必反	544	a,v	idiom		
盤古開天	544	n,v	idiom		
第二職業	544	n			
約束條件	544	n			
能源危機	544	n			
腰纏萬貫	544	a	idiom		
自學成才	544	v			
自行決定	544	v			
苦思冥想	544	v	idiom		
著名人物	544	n			
虛浮	544	a			
超級鏈接	544	n			
達斡爾族	544	n			
重新做人	544	v			
雅俗共賞	544	a	idiom		
雙重標準	544	n			
面目猙獰	544	a			
飲食起居	544	n			
魑魅魍魎	544	n	idiom		
一潭死水	543	n	idiom		
丹霞地貌	543	n			
主機板	543	n			
以訛傳訛	543	v	idiom		
你追我趕	543	a,v			
刑責	543	n			
