literal	scope	current_family	proposed_family	source	evidence	confidence	verdict	review_note	audit_verdict	audit_note
一呼百應	lexicon-pos-gap		chengyu	china-idiom+agent	external-membership;missing-project-pos;rich-record;agent-review	high	accept	family reviewed; SSOT deferred until project POS exists	OK	fixed form plus reviewed definition/derivation evidence
一時半晌	lexicon-pos-gap		chengyu	china-idiom+agent	external-membership;missing-project-pos;rich-record;agent-review	high	accept	family reviewed; SSOT deferred until project POS exists	OK	fixed form plus reviewed definition/derivation evidence
一木難支	lexicon-pos-gap		chengyu	china-idiom+agent	external-membership;missing-project-pos;rich-record;agent-review	high	accept	family reviewed; SSOT deferred until project POS exists	OK	fixed form plus reviewed definition/derivation evidence
一鱗半爪	lexicon-pos-gap		chengyu	china-idiom+agent	external-membership;missing-project-pos;rich-record;agent-review	high	accept	family reviewed; SSOT deferred until project POS exists	OK	fixed form plus reviewed definition/derivation evidence
下回分解	lexicon-pos-gap		chengyu	china-idiom+agent	external-membership;missing-project-pos;rich-record;agent-review	high	accept	family reviewed; SSOT deferred until project POS exists	OK	fixed form plus reviewed definition/derivation evidence
不共戴天	lexicon-pos-gap		chengyu	china-idiom+agent	external-membership;missing-project-pos;rich-record;agent-review	high	accept	family reviewed; SSOT deferred until project POS exists	OK	fixed form plus reviewed definition/derivation evidence
不分軒輊	lexicon-pos-gap		chengyu	china-idiom+agent	external-membership;missing-project-pos;rich-record;agent-review	high	accept	family reviewed; SSOT deferred until project POS exists	OK	fixed form plus reviewed definition/derivation evidence
不名一文	lexicon-pos-gap		chengyu	china-idiom+agent	external-membership;missing-project-pos;rich-record;agent-review	high	accept	family reviewed; SSOT deferred until project POS exists	OK	fixed form plus reviewed definition/derivation evidence
不經之談	lexicon-pos-gap		chengyu	china-idiom+agent	external-membership;missing-project-pos;rich-record;agent-review	high	accept	family reviewed; SSOT deferred until project POS exists	OK	fixed form plus reviewed definition/derivation evidence
不速之客	lexicon-pos-gap		chengyu	china-idiom+agent	external-membership;missing-project-pos;rich-record;agent-review	high	accept	family reviewed; SSOT deferred until project POS exists	OK	fixed form plus reviewed definition/derivation evidence
不顧前後	lexicon-pos-gap		chengyu	china-idiom+agent	external-membership;missing-project-pos;rich-record;agent-review	high	accept	family reviewed; SSOT deferred until project POS exists	OK	fixed form plus reviewed definition/derivation evidence
五十步笑百步	lexicon-pos-gap		chengyu	china-idiom+agent	external-membership;missing-project-pos;rich-record;agent-review	high	accept	family reviewed; SSOT deferred until project POS exists	SOFT	reviewed source-backed non-four-character fixed expression
五體投地	lexicon-pos-gap		chengyu	china-idiom+agent	external-membership;missing-project-pos;rich-record;agent-review	high	accept	family reviewed; SSOT deferred until project POS exists	OK	fixed form plus reviewed definition/derivation evidence
人心惶惶	lexicon-pos-gap		chengyu	china-idiom+agent	external-membership;missing-project-pos;rich-record;agent-review	high	accept	family reviewed; SSOT deferred until project POS exists	OK	fixed form plus reviewed definition/derivation evidence
人模狗樣	lexicon-pos-gap		chengyu	china-idiom+agent	external-membership;missing-project-pos;rich-record;agent-review	high	accept	family reviewed; SSOT deferred until project POS exists	OK	fixed form plus reviewed definition/derivation evidence
以其人之道還治其人之身	lexicon-pos-gap		chengyu	china-idiom+agent	external-membership;missing-project-pos;rich-record;agent-review	high	accept	family reviewed; SSOT deferred until project POS exists	SOFT	reviewed source-backed non-four-character fixed expression
以力服人	lexicon-pos-gap		chengyu	china-idiom+agent	external-membership;missing-project-pos;rich-record;agent-review	high	accept	family reviewed; SSOT deferred until project POS exists	OK	fixed form plus reviewed definition/derivation evidence
依樣畫葫蘆	lexicon-pos-gap		chengyu	china-idiom+agent	external-membership;missing-project-pos;rich-record;agent-review	high	accept	family reviewed; SSOT deferred until project POS exists	SOFT	reviewed source-backed non-four-character fixed expression
保殘守缺	lexicon-pos-gap		chengyu	china-idiom+agent	external-membership;missing-project-pos;rich-record;agent-review	high	accept	family reviewed; SSOT deferred until project POS exists	OK	fixed form plus reviewed definition/derivation evidence
信口雌黃	lexicon-pos-gap		chengyu	china-idiom+agent	external-membership;missing-project-pos;rich-record;agent-review	high	accept	family reviewed; SSOT deferred until project POS exists	OK	fixed form plus reviewed definition/derivation evidence
修橋補路	lexicon-pos-gap		chengyu	china-idiom+agent	external-membership;missing-project-pos;rich-record;agent-review	high	accept	family reviewed; SSOT deferred until project POS exists	OK	fixed form plus reviewed definition/derivation evidence
俯拾即是	lexicon-pos-gap		chengyu	china-idiom+agent	external-membership;missing-project-pos;rich-record;agent-review	high	accept	family reviewed; SSOT deferred until project POS exists	OK	fixed form plus reviewed definition/derivation evidence
元惡大憝	lexicon-pos-gap		chengyu	china-idiom+agent	external-membership;missing-project-pos;rich-record;agent-review	high	accept	family reviewed; SSOT deferred until project POS exists	OK	fixed form plus reviewed definition/derivation evidence
光彩奪目	lexicon-pos-gap		chengyu	china-idiom+agent	external-membership;missing-project-pos;rich-record;agent-review	high	accept	family reviewed; SSOT deferred until project POS exists	OK	fixed form plus reviewed definition/derivation evidence
內柔外剛	lexicon-pos-gap		chengyu	china-idiom+agent	external-membership;missing-project-pos;rich-record;agent-review	high	accept	family reviewed; SSOT deferred until project POS exists	OK	fixed form plus reviewed definition/derivation evidence
冤有頭債有主	lexicon-pos-gap		chengyu	china-idiom+agent	external-membership;missing-project-pos;rich-record;agent-review	high	accept	family reviewed; SSOT deferred until project POS exists	SOFT	reviewed source-backed non-four-character fixed expression
分門別類	lexicon-pos-gap		chengyu	china-idiom+agent	external-membership;missing-project-pos;rich-record;agent-review	high	accept	family reviewed; SSOT deferred until project POS exists	OK	fixed form plus reviewed definition/derivation evidence
列祖列宗	lexicon-pos-gap		chengyu	china-idiom+agent	external-membership;missing-project-pos;rich-record;agent-review	high	accept	family reviewed; SSOT deferred until project POS exists	OK	fixed form plus reviewed definition/derivation evidence
前所未聞	lexicon-pos-gap		chengyu	china-idiom+agent	external-membership;missing-project-pos;rich-record;agent-review	high	accept	family reviewed; SSOT deferred until project POS exists	OK	fixed form plus reviewed definition/derivation evidence
包羅萬象	lexicon-pos-gap		chengyu	china-idiom+agent	external-membership;missing-project-pos;rich-record;agent-review	high	accept	family reviewed; SSOT deferred until project POS exists	OK	fixed form plus reviewed definition/derivation evidence
化腐朽為神奇	lexicon-pos-gap		chengyu	china-idiom+agent	external-membership;missing-project-pos;rich-record;agent-review	high	accept	family reviewed; SSOT deferred until project POS exists	SOFT	reviewed source-backed non-four-character fixed expression
古為今用	lexicon-pos-gap		chengyu	china-idiom+agent	external-membership;missing-project-pos;rich-record;agent-review	high	accept	family reviewed; SSOT deferred until project POS exists	OK	fixed form plus reviewed definition/derivation evidence
可乘之機	lexicon-pos-gap		chengyu	china-idiom+agent	external-membership;missing-project-pos;rich-record;agent-review	high	accept	family reviewed; SSOT deferred until project POS exists	OK	fixed form plus reviewed definition/derivation evidence
各得其所	lexicon-pos-gap		chengyu	china-idiom+agent	external-membership;missing-project-pos;rich-record;agent-review	high	accept	family reviewed; SSOT deferred until project POS exists	OK	fixed form plus reviewed definition/derivation evidence
吹毛求疵	lexicon-pos-gap		chengyu	china-idiom+agent	external-membership;missing-project-pos;rich-record;agent-review	high	accept	family reviewed; SSOT deferred until project POS exists	OK	fixed form plus reviewed definition/derivation evidence
哀鴻遍野	lexicon-pos-gap		chengyu	china-idiom+agent	external-membership;missing-project-pos;rich-record;agent-review	high	accept	family reviewed; SSOT deferred until project POS exists	OK	fixed form plus reviewed definition/derivation evidence
唯唯諾諾	lexicon-pos-gap		chengyu	china-idiom+agent	external-membership;missing-project-pos;rich-record;agent-review	high	accept	family reviewed; SSOT deferred until project POS exists	OK	fixed form plus reviewed definition/derivation evidence
圓顱方趾	lexicon-pos-gap		chengyu	china-idiom+agent	external-membership;missing-project-pos;rich-record;agent-review	high	accept	family reviewed; SSOT deferred until project POS exists	OK	fixed form plus reviewed definition/derivation evidence
土雞瓦狗	lexicon-pos-gap		chengyu	china-idiom+agent	external-membership;missing-project-pos;rich-record;agent-review	high	accept	family reviewed; SSOT deferred until project POS exists	OK	fixed form plus reviewed definition/derivation evidence
地久天長	lexicon-pos-gap		chengyu	china-idiom+agent	external-membership;missing-project-pos;rich-record;agent-review	high	accept	family reviewed; SSOT deferred until project POS exists	OK	fixed form plus reviewed definition/derivation evidence
垂涎三尺	lexicon-pos-gap		chengyu	china-idiom+agent	external-membership;missing-project-pos;rich-record;agent-review	high	accept	family reviewed; SSOT deferred until project POS exists	OK	fixed form plus reviewed definition/derivation evidence
執牛耳	lexicon-pos-gap		chengyu	china-idiom+agent	external-membership;missing-project-pos;rich-record;agent-review	high	accept	family reviewed; SSOT deferred until project POS exists	SOFT	reviewed source-backed non-four-character fixed expression
堅如磐石	lexicon-pos-gap		chengyu	china-idiom+agent	external-membership;missing-project-pos;rich-record;agent-review	high	accept	family reviewed; SSOT deferred until project POS exists	OK	fixed form plus reviewed definition/derivation evidence
堅苦卓絕	lexicon-pos-gap		chengyu	china-idiom+agent	external-membership;missing-project-pos;rich-record;agent-review	high	accept	family reviewed; SSOT deferred until project POS exists	OK	fixed form plus reviewed definition/derivation evidence
報仇雪恥	lexicon-pos-gap		chengyu	china-idiom+agent	external-membership;missing-project-pos;rich-record;agent-review	high	accept	family reviewed; SSOT deferred until project POS exists	OK	fixed form plus reviewed definition/derivation evidence
多錢善賈	lexicon-pos-gap		chengyu	china-idiom+agent	external-membership;missing-project-pos;rich-record;agent-review	high	accept	family reviewed; SSOT deferred until project POS exists	OK	fixed form plus reviewed definition/derivation evidence
夜郎自大	lexicon-pos-gap		chengyu	china-idiom+agent	external-membership;missing-project-pos;rich-record;agent-review	high	accept	family reviewed; SSOT deferred until project POS exists	OK	fixed form plus reviewed definition/derivation evidence
大有作為	lexicon-pos-gap		chengyu	china-idiom+agent	external-membership;missing-project-pos;rich-record;agent-review	high	accept	family reviewed; SSOT deferred until project POS exists	OK	fixed form plus reviewed definition/derivation evidence
天南地北	lexicon-pos-gap		chengyu	china-idiom+agent	external-membership;missing-project-pos;rich-record;agent-review	high	accept	family reviewed; SSOT deferred until project POS exists	OK	fixed form plus reviewed definition/derivation evidence
奮勇當先	lexicon-pos-gap		chengyu	china-idiom+agent	external-membership;missing-project-pos;rich-record;agent-review	high	accept	family reviewed; SSOT deferred until project POS exists	OK	fixed form plus reviewed definition/derivation evidence
如墮煙海	lexicon-pos-gap		chengyu	china-idiom+agent	external-membership;missing-project-pos;rich-record;agent-review	high	accept	family reviewed; SSOT deferred until project POS exists	OK	fixed form plus reviewed definition/derivation evidence
如法炮製	lexicon-pos-gap		chengyu	china-idiom+agent	external-membership;missing-project-pos;rich-record;agent-review	high	accept	family reviewed; SSOT deferred until project POS exists	OK	fixed form plus reviewed definition/derivation evidence
如蠅逐臭	lexicon-pos-gap		chengyu	china-idiom+agent	external-membership;missing-project-pos;rich-record;agent-review	high	accept	family reviewed; SSOT deferred until project POS exists	OK	fixed form plus reviewed definition/derivation evidence
委靡不振	lexicon-pos-gap		chengyu	china-idiom+agent	external-membership;missing-project-pos;rich-record;agent-review	high	accept	family reviewed; SSOT deferred until project POS exists	OK	fixed form plus reviewed definition/derivation evidence
孺子可教	lexicon-pos-gap		chengyu	china-idiom+agent	external-membership;missing-project-pos;rich-record;agent-review	high	accept	family reviewed; SSOT deferred until project POS exists	OK	fixed form plus reviewed definition/derivation evidence
宴安鴆毒	lexicon-pos-gap		chengyu	china-idiom+agent	external-membership;missing-project-pos;rich-record;agent-review	high	accept	family reviewed; SSOT deferred until project POS exists	OK	fixed form plus reviewed definition/derivation evidence
家常便飯	lexicon-pos-gap		chengyu	china-idiom+agent	external-membership;missing-project-pos;rich-record;agent-review	high	accept	family reviewed; SSOT deferred until project POS exists	OK	fixed form plus reviewed definition/derivation evidence
寅支卯糧	lexicon-pos-gap		chengyu	china-idiom+agent	external-membership;missing-project-pos;rich-record;agent-review	high	accept	family reviewed; SSOT deferred until project POS exists	OK	fixed form plus reviewed definition/derivation evidence
寒來暑往	lexicon-pos-gap		chengyu	china-idiom+agent	external-membership;missing-project-pos;rich-record;agent-review	high	accept	family reviewed; SSOT deferred until project POS exists	OK	fixed form plus reviewed definition/derivation evidence
屈打成招	lexicon-pos-gap		chengyu	china-idiom+agent	external-membership;missing-project-pos;rich-record;agent-review	high	accept	family reviewed; SSOT deferred until project POS exists	OK	fixed form plus reviewed definition/derivation evidence
履險如夷	lexicon-pos-gap		chengyu	china-idiom+agent	external-membership;missing-project-pos;rich-record;agent-review	high	accept	family reviewed; SSOT deferred until project POS exists	OK	fixed form plus reviewed definition/derivation evidence
山南海北	lexicon-pos-gap		chengyu	china-idiom+agent	external-membership;missing-project-pos;rich-record;agent-review	high	accept	family reviewed; SSOT deferred until project POS exists	OK	fixed form plus reviewed definition/derivation evidence
左輔右弼	lexicon-pos-gap		chengyu	china-idiom+agent	external-membership;missing-project-pos;rich-record;agent-review	high	accept	family reviewed; SSOT deferred until project POS exists	OK	fixed form plus reviewed definition/derivation evidence
席珍待聘	lexicon-pos-gap		chengyu	china-idiom+agent	external-membership;missing-project-pos;rich-record;agent-review	high	accept	family reviewed; SSOT deferred until project POS exists	OK	fixed form plus reviewed definition/derivation evidence
引線穿針	lexicon-pos-gap		chengyu	china-idiom+agent	external-membership;missing-project-pos;rich-record;agent-review	high	accept	family reviewed; SSOT deferred until project POS exists	OK	fixed form plus reviewed definition/derivation evidence
引而不發	lexicon-pos-gap		chengyu	china-idiom+agent	external-membership;missing-project-pos;rich-record;agent-review	high	accept	family reviewed; SSOT deferred until project POS exists	OK	fixed form plus reviewed definition/derivation evidence
弦外之響	lexicon-pos-gap		chengyu	china-idiom+agent	external-membership;missing-project-pos;rich-record;agent-review	high	accept	family reviewed; SSOT deferred until project POS exists	OK	fixed form plus reviewed definition/derivation evidence
得失參半	lexicon-pos-gap		chengyu	china-idiom+agent	external-membership;missing-project-pos;rich-record;agent-review	high	accept	family reviewed; SSOT deferred until project POS exists	OK	fixed form plus reviewed definition/derivation evidence
得道多助	lexicon-pos-gap		chengyu	china-idiom+agent	external-membership;missing-project-pos;rich-record;agent-review	high	accept	family reviewed; SSOT deferred until project POS exists	OK	fixed form plus reviewed definition/derivation evidence
心勞日拙	lexicon-pos-gap		chengyu	china-idiom+agent	external-membership;missing-project-pos;rich-record;agent-review	high	accept	family reviewed; SSOT deferred until project POS exists	OK	fixed form plus reviewed definition/derivation evidence
心心相印	lexicon-pos-gap		chengyu	china-idiom+agent	external-membership;missing-project-pos;rich-record;agent-review	high	accept	family reviewed; SSOT deferred until project POS exists	OK	fixed form plus reviewed definition/derivation evidence
心慌意亂	lexicon-pos-gap		chengyu	china-idiom+agent	external-membership;missing-project-pos;rich-record;agent-review	high	accept	family reviewed; SSOT deferred until project POS exists	OK	fixed form plus reviewed definition/derivation evidence
必不得已	lexicon-pos-gap		chengyu	china-idiom+agent	external-membership;missing-project-pos;rich-record;agent-review	high	accept	family reviewed; SSOT deferred until project POS exists	OK	fixed form plus reviewed definition/derivation evidence
快人快事	lexicon-pos-gap		chengyu	china-idiom+agent	external-membership;missing-project-pos;rich-record;agent-review	high	accept	family reviewed; SSOT deferred until project POS exists	OK	fixed form plus reviewed definition/derivation evidence
快馬加鞭	lexicon-pos-gap		chengyu	china-idiom+agent	external-membership;missing-project-pos;rich-record;agent-review	high	accept	family reviewed; SSOT deferred until project POS exists	OK	fixed form plus reviewed definition/derivation evidence
恨之入骨	lexicon-pos-gap		chengyu	china-idiom+agent	external-membership;missing-project-pos;rich-record;agent-review	high	accept	family reviewed; SSOT deferred until project POS exists	OK	fixed form plus reviewed definition/derivation evidence
情隨事遷	lexicon-pos-gap		chengyu	china-idiom+agent	external-membership;missing-project-pos;rich-record;agent-review	high	accept	family reviewed; SSOT deferred until project POS exists	OK	fixed form plus reviewed definition/derivation evidence
惶恐不安	lexicon-pos-gap		chengyu	china-idiom+agent	external-membership;missing-project-pos;rich-record;agent-review	high	accept	family reviewed; SSOT deferred until project POS exists	OK	fixed form plus reviewed definition/derivation evidence
惹火燒身	lexicon-pos-gap		chengyu	china-idiom+agent	external-membership;missing-project-pos;rich-record;agent-review	high	accept	family reviewed; SSOT deferred until project POS exists	OK	fixed form plus reviewed definition/derivation evidence
憑軾結轍	lexicon-pos-gap		chengyu	china-idiom+agent	external-membership;missing-project-pos;rich-record;agent-review	high	accept	family reviewed; SSOT deferred until project POS exists	OK	fixed form plus reviewed definition/derivation evidence
應天承運	lexicon-pos-gap		chengyu	china-idiom+agent	external-membership;missing-project-pos;rich-record;agent-review	high	accept	family reviewed; SSOT deferred until project POS exists	OK	fixed form plus reviewed definition/derivation evidence
手舞足蹈	lexicon-pos-gap		chengyu	china-idiom+agent	external-membership;missing-project-pos;rich-record;agent-review	high	accept	family reviewed; SSOT deferred until project POS exists	OK	fixed form plus reviewed definition/derivation evidence
投閒置散	lexicon-pos-gap		chengyu	china-idiom+agent	external-membership;missing-project-pos;rich-record;agent-review	high	accept	family reviewed; SSOT deferred until project POS exists	OK	fixed form plus reviewed definition/derivation evidence
披沙揀金	lexicon-pos-gap		chengyu	china-idiom+agent	external-membership;missing-project-pos;rich-record;agent-review	high	accept	family reviewed; SSOT deferred until project POS exists	OK	fixed form plus reviewed definition/derivation evidence
指桑罵槐	lexicon-pos-gap		chengyu	china-idiom+agent	external-membership;missing-project-pos;rich-record;agent-review	high	accept	family reviewed; SSOT deferred until project POS exists	OK	fixed form plus reviewed definition/derivation evidence
捨生取義	lexicon-pos-gap		chengyu	china-idiom+agent	external-membership;missing-project-pos;rich-record;agent-review	high	accept	family reviewed; SSOT deferred until project POS exists	OK	fixed form plus reviewed definition/derivation evidence
捶胸頓足	lexicon-pos-gap		chengyu	china-idiom+agent	external-membership;missing-project-pos;rich-record;agent-review	high	accept	family reviewed; SSOT deferred until project POS exists	OK	fixed form plus reviewed definition/derivation evidence
撥亂反治	lexicon-pos-gap		chengyu	china-idiom+agent	external-membership;missing-project-pos;rich-record;agent-review	high	accept	family reviewed; SSOT deferred until project POS exists	OK	fixed form plus reviewed definition/derivation evidence
攀龍附鳳	lexicon-pos-gap		chengyu	china-idiom+agent	external-membership;missing-project-pos;rich-record;agent-review	high	accept	family reviewed; SSOT deferred until project POS exists	OK	fixed form plus reviewed definition/derivation evidence
攻無不克	lexicon-pos-gap		chengyu	china-idiom+agent	external-membership;missing-project-pos;rich-record;agent-review	high	accept	family reviewed; SSOT deferred until project POS exists	OK	fixed form plus reviewed definition/derivation evidence
放虎歸山	lexicon-pos-gap		chengyu	china-idiom+agent	external-membership;missing-project-pos;rich-record;agent-review	high	accept	family reviewed; SSOT deferred until project POS exists	OK	fixed form plus reviewed definition/derivation evidence
故弄玄虛	lexicon-pos-gap		chengyu	china-idiom+agent	external-membership;missing-project-pos;rich-record;agent-review	high	accept	family reviewed; SSOT deferred until project POS exists	OK	fixed form plus reviewed definition/derivation evidence
散兵遊勇	lexicon-pos-gap		chengyu	china-idiom+agent	external-membership;missing-project-pos;rich-record;agent-review	high	accept	family reviewed; SSOT deferred until project POS exists	OK	fixed form plus reviewed definition/derivation evidence
方頭不律	lexicon-pos-gap		chengyu	china-idiom+agent	external-membership;missing-project-pos;rich-record;agent-review	high	accept	family reviewed; SSOT deferred until project POS exists	OK	fixed form plus reviewed definition/derivation evidence
既有今日何必當初	lexicon-pos-gap		chengyu	china-idiom+agent	external-membership;missing-project-pos;rich-record;agent-review	high	accept	family reviewed; SSOT deferred until project POS exists	SOFT	reviewed source-backed non-four-character fixed expression
明人不做暗事	lexicon-pos-gap		chengyu	china-idiom+agent	external-membership;missing-project-pos;rich-record;agent-review	high	accept	family reviewed; SSOT deferred until project POS exists	SOFT	reviewed source-backed non-four-character fixed expression
暴虐無道	lexicon-pos-gap		chengyu	china-idiom+agent	external-membership;missing-project-pos;rich-record;agent-review	high	accept	family reviewed; SSOT deferred until project POS exists	OK	fixed form plus reviewed definition/derivation evidence
曠日持久	lexicon-pos-gap		chengyu	china-idiom+agent	external-membership;missing-project-pos;rich-record;agent-review	high	accept	family reviewed; SSOT deferred until project POS exists	OK	fixed form plus reviewed definition/derivation evidence
更上一層樓	lexicon-pos-gap		chengyu	china-idiom+agent	external-membership;missing-project-pos;rich-record;agent-review	high	accept	family reviewed; SSOT deferred until project POS exists	SOFT	reviewed source-backed non-four-character fixed expression
月暈而風	lexicon-pos-gap		chengyu	china-idiom+agent	external-membership;missing-project-pos;rich-record;agent-review	high	accept	family reviewed; SSOT deferred until project POS exists	OK	fixed form plus reviewed definition/derivation evidence
有無相通	lexicon-pos-gap		chengyu	china-idiom+agent	external-membership;missing-project-pos;rich-record;agent-review	high	accept	family reviewed; SSOT deferred until project POS exists	OK	fixed form plus reviewed definition/derivation evidence
有錢能使鬼推磨	lexicon-pos-gap		chengyu	china-idiom+agent	external-membership;missing-project-pos;rich-record;agent-review	high	accept	family reviewed; SSOT deferred until project POS exists	SOFT	reviewed source-backed non-four-character fixed expression
有隙可乘	lexicon-pos-gap		chengyu	china-idiom+agent	external-membership;missing-project-pos;rich-record;agent-review	high	accept	family reviewed; SSOT deferred until project POS exists	OK	fixed form plus reviewed definition/derivation evidence
札手舞腳	lexicon-pos-gap		chengyu	china-idiom+agent	external-membership;missing-project-pos;rich-record;agent-review	high	accept	family reviewed; SSOT deferred until project POS exists	OK	fixed form plus reviewed definition/derivation evidence
杳無音信	lexicon-pos-gap		chengyu	china-idiom+agent	external-membership;missing-project-pos;rich-record;agent-review	high	accept	family reviewed; SSOT deferred until project POS exists	OK	fixed form plus reviewed definition/derivation evidence
枯樹開花	lexicon-pos-gap		chengyu	china-idiom+agent	external-membership;missing-project-pos;rich-record;agent-review	high	accept	family reviewed; SSOT deferred until project POS exists	OK	fixed form plus reviewed definition/derivation evidence
柳煙花霧	lexicon-pos-gap		chengyu	china-idiom+agent	external-membership;missing-project-pos;rich-record;agent-review	high	accept	family reviewed; SSOT deferred until project POS exists	OK	fixed form plus reviewed definition/derivation evidence
桃腮粉臉	lexicon-pos-gap		chengyu	china-idiom+agent	external-membership;missing-project-pos;rich-record;agent-review	high	accept	family reviewed; SSOT deferred until project POS exists	OK	fixed form plus reviewed definition/derivation evidence
樂而不淫	lexicon-pos-gap		chengyu	china-idiom+agent	external-membership;missing-project-pos;rich-record;agent-review	high	accept	family reviewed; SSOT deferred until project POS exists	OK	fixed form plus reviewed definition/derivation evidence
橫掃千軍	lexicon-pos-gap		chengyu	china-idiom+agent	external-membership;missing-project-pos;rich-record;agent-review	high	accept	family reviewed; SSOT deferred until project POS exists	OK	fixed form plus reviewed definition/derivation evidence
欲益反損	lexicon-pos-gap		chengyu	china-idiom+agent	external-membership;missing-project-pos;rich-record;agent-review	high	accept	family reviewed; SSOT deferred until project POS exists	OK	fixed form plus reviewed definition/derivation evidence
歸心如箭	lexicon-pos-gap		chengyu	china-idiom+agent	external-membership;missing-project-pos;rich-record;agent-review	high	accept	family reviewed; SSOT deferred until project POS exists	OK	fixed form plus reviewed definition/derivation evidence
死去活來	lexicon-pos-gap		chengyu	china-idiom+agent	external-membership;missing-project-pos;rich-record;agent-review	high	accept	family reviewed; SSOT deferred until project POS exists	OK	fixed form plus reviewed definition/derivation evidence
殊途同歸	lexicon-pos-gap		chengyu	china-idiom+agent	external-membership;missing-project-pos;rich-record;agent-review	high	accept	family reviewed; SSOT deferred until project POS exists	OK	fixed form plus reviewed definition/derivation evidence
殫精極慮	lexicon-pos-gap		chengyu	china-idiom+agent	external-membership;missing-project-pos;rich-record;agent-review	high	accept	family reviewed; SSOT deferred until project POS exists	OK	fixed form plus reviewed definition/derivation evidence
殺人如麻	lexicon-pos-gap		chengyu	china-idiom+agent	external-membership;missing-project-pos;rich-record;agent-review	high	accept	family reviewed; SSOT deferred until project POS exists	OK	fixed form plus reviewed definition/derivation evidence
殺彘教子	lexicon-pos-gap		chengyu	china-idiom+agent	external-membership;missing-project-pos;rich-record;agent-review	high	accept	family reviewed; SSOT deferred until project POS exists	OK	fixed form plus reviewed definition/derivation evidence
比手劃腳	lexicon-pos-gap		chengyu	china-idiom+agent	external-membership;missing-project-pos;rich-record;agent-review	high	accept	family reviewed; SSOT deferred until project POS exists	OK	fixed form plus reviewed definition/derivation evidence
求人不如求己	lexicon-pos-gap		chengyu	china-idiom+agent	external-membership;missing-project-pos;rich-record;agent-review	high	accept	family reviewed; SSOT deferred until project POS exists	SOFT	reviewed source-backed non-four-character fixed expression
求神問卜	lexicon-pos-gap		chengyu	china-idiom+agent	external-membership;missing-project-pos;rich-record;agent-review	high	accept	family reviewed; SSOT deferred until project POS exists	OK	fixed form plus reviewed definition/derivation evidence
沒齒不忘	lexicon-pos-gap		chengyu	china-idiom+agent	external-membership;missing-project-pos;rich-record;agent-review	high	accept	family reviewed; SSOT deferred until project POS exists	OK	fixed form plus reviewed definition/derivation evidence
泰山北斗	lexicon-pos-gap		chengyu	china-idiom+agent	external-membership;missing-project-pos;rich-record;agent-review	high	accept	family reviewed; SSOT deferred until project POS exists	OK	fixed form plus reviewed definition/derivation evidence
洋洋灑灑	lexicon-pos-gap		chengyu	china-idiom+agent	external-membership;missing-project-pos;rich-record;agent-review	high	accept	family reviewed; SSOT deferred until project POS exists	OK	fixed form plus reviewed definition/derivation evidence
流離顛沛	lexicon-pos-gap		chengyu	china-idiom+agent	external-membership;missing-project-pos;rich-record;agent-review	high	accept	family reviewed; SSOT deferred until project POS exists	OK	fixed form plus reviewed definition/derivation evidence
浮雲朝露	lexicon-pos-gap		chengyu	china-idiom+agent	external-membership;missing-project-pos;rich-record;agent-review	high	accept	family reviewed; SSOT deferred until project POS exists	OK	fixed form plus reviewed definition/derivation evidence
海底撈月	lexicon-pos-gap		chengyu	china-idiom+agent	external-membership;missing-project-pos;rich-record;agent-review	high	accept	family reviewed; SSOT deferred until project POS exists	OK	fixed form plus reviewed definition/derivation evidence
混為一談	lexicon-pos-gap		chengyu	china-idiom+agent	external-membership;missing-project-pos;rich-record;agent-review	high	accept	family reviewed; SSOT deferred until project POS exists	OK	fixed form plus reviewed definition/derivation evidence
滿天飛	lexicon-pos-gap		chengyu	china-idiom+agent	external-membership;missing-project-pos;rich-record;agent-review	high	accept	family reviewed; SSOT deferred until project POS exists	SOFT	reviewed source-backed non-four-character fixed expression
無家可歸	lexicon-pos-gap		chengyu	china-idiom+agent	external-membership;missing-project-pos;rich-record;agent-review	high	accept	family reviewed; SSOT deferred until project POS exists	OK	fixed form plus reviewed definition/derivation evidence
無毒不丈夫	lexicon-pos-gap		chengyu	china-idiom+agent	external-membership;missing-project-pos;rich-record;agent-review	high	accept	family reviewed; SSOT deferred until project POS exists	SOFT	reviewed source-backed non-four-character fixed expression
無風不起浪	lexicon-pos-gap		chengyu	china-idiom+agent	external-membership;missing-project-pos;rich-record;agent-review	high	accept	family reviewed; SSOT deferred until project POS exists	SOFT	reviewed source-backed non-four-character fixed expression
熙熙壤壤	lexicon-pos-gap		chengyu	china-idiom+agent	external-membership;missing-project-pos;rich-record;agent-review	high	accept	family reviewed; SSOT deferred until project POS exists	OK	fixed form plus reviewed definition/derivation evidence
爭先恐後	lexicon-pos-gap		chengyu	china-idiom+agent	external-membership;missing-project-pos;rich-record;agent-review	high	accept	family reviewed; SSOT deferred until project POS exists	OK	fixed form plus reviewed definition/derivation evidence
牛衣對泣	lexicon-pos-gap		chengyu	china-idiom+agent	external-membership;missing-project-pos;rich-record;agent-review	high	accept	family reviewed; SSOT deferred until project POS exists	OK	fixed form plus reviewed definition/derivation evidence
物腐蟲生	lexicon-pos-gap		chengyu	china-idiom+agent	external-membership;missing-project-pos;rich-record;agent-review	high	accept	family reviewed; SSOT deferred until project POS exists	OK	fixed form plus reviewed definition/derivation evidence
牽一髮而動全身	lexicon-pos-gap		chengyu	china-idiom+agent	external-membership;missing-project-pos;rich-record;agent-review	high	accept	family reviewed; SSOT deferred until project POS exists	SOFT	reviewed source-backed non-four-character fixed expression
狗苟蠅營	lexicon-pos-gap		chengyu	china-idiom+agent	external-membership;missing-project-pos;rich-record;agent-review	high	accept	family reviewed; SSOT deferred until project POS exists	OK	fixed form plus reviewed definition/derivation evidence
現世現報	lexicon-pos-gap		chengyu	china-idiom+agent	external-membership;missing-project-pos;rich-record;agent-review	high	accept	family reviewed; SSOT deferred until project POS exists	OK	fixed form plus reviewed definition/derivation evidence
甘拜下風	lexicon-pos-gap		chengyu	china-idiom+agent	external-membership;missing-project-pos;rich-record;agent-review	high	accept	family reviewed; SSOT deferred until project POS exists	OK	fixed form plus reviewed definition/derivation evidence
甜言美語	lexicon-pos-gap		chengyu	china-idiom+agent	external-membership;missing-project-pos;rich-record;agent-review	high	accept	family reviewed; SSOT deferred until project POS exists	OK	fixed form plus reviewed definition/derivation evidence
當機立斷	lexicon-pos-gap		chengyu	china-idiom+agent	external-membership;missing-project-pos;rich-record;agent-review	high	accept	family reviewed; SSOT deferred until project POS exists	OK	fixed form plus reviewed definition/derivation evidence
盡善盡美	lexicon-pos-gap		chengyu	china-idiom+agent	external-membership;missing-project-pos;rich-record;agent-review	high	accept	family reviewed; SSOT deferred until project POS exists	OK	fixed form plus reviewed definition/derivation evidence
直捷了當	lexicon-pos-gap		chengyu	china-idiom+agent	external-membership;missing-project-pos;rich-record;agent-review	high	accept	family reviewed; SSOT deferred until project POS exists	OK	fixed form plus reviewed definition/derivation evidence
直認不諱	lexicon-pos-gap		chengyu	china-idiom+agent	external-membership;missing-project-pos;rich-record;agent-review	high	accept	family reviewed; SSOT deferred until project POS exists	OK	fixed form plus reviewed definition/derivation evidence
眾寡懸殊	lexicon-pos-gap		chengyu	china-idiom+agent	external-membership;missing-project-pos;rich-record;agent-review	high	accept	family reviewed; SSOT deferred until project POS exists	OK	fixed form plus reviewed definition/derivation evidence
眾星攢月	lexicon-pos-gap		chengyu	china-idiom+agent	external-membership;missing-project-pos;rich-record;agent-review	high	accept	family reviewed; SSOT deferred until project POS exists	OK	fixed form plus reviewed definition/derivation evidence
瞞天大謊	lexicon-pos-gap		chengyu	china-idiom+agent	external-membership;missing-project-pos;rich-record;agent-review	high	accept	family reviewed; SSOT deferred until project POS exists	OK	fixed form plus reviewed definition/derivation evidence
矯枉過正	lexicon-pos-gap		chengyu	china-idiom+agent	external-membership;missing-project-pos;rich-record;agent-review	high	accept	family reviewed; SSOT deferred until project POS exists	OK	fixed form plus reviewed definition/derivation evidence
確鑿不移	lexicon-pos-gap		chengyu	china-idiom+agent	external-membership;missing-project-pos;rich-record;agent-review	high	accept	family reviewed; SSOT deferred until project POS exists	OK	fixed form plus reviewed definition/derivation evidence
磨穿鐵硯	lexicon-pos-gap		chengyu	china-idiom+agent	external-membership;missing-project-pos;rich-record;agent-review	high	accept	family reviewed; SSOT deferred until project POS exists	OK	fixed form plus reviewed definition/derivation evidence
稱賢薦能	lexicon-pos-gap		chengyu	china-idiom+agent	external-membership;missing-project-pos;rich-record;agent-review	high	accept	family reviewed; SSOT deferred until project POS exists	OK	fixed form plus reviewed definition/derivation evidence
窮寇勿追	lexicon-pos-gap		chengyu	china-idiom+agent	external-membership;missing-project-pos;rich-record;agent-review	high	accept	family reviewed; SSOT deferred until project POS exists	OK	fixed form plus reviewed definition/derivation evidence
管見所及	lexicon-pos-gap		chengyu	china-idiom+agent	external-membership;missing-project-pos;rich-record;agent-review	high	accept	family reviewed; SSOT deferred until project POS exists	OK	fixed form plus reviewed definition/derivation evidence
築室反耕	lexicon-pos-gap		chengyu	china-idiom+agent	external-membership;missing-project-pos;rich-record;agent-review	high	accept	family reviewed; SSOT deferred until project POS exists	OK	fixed form plus reviewed definition/derivation evidence
素未謀面	lexicon-pos-gap		chengyu	china-idiom+agent	external-membership;missing-project-pos;rich-record;agent-review	high	accept	family reviewed; SSOT deferred until project POS exists	OK	fixed form plus reviewed definition/derivation evidence
綆短汲深	lexicon-pos-gap		chengyu	china-idiom+agent	external-membership;missing-project-pos;rich-record;agent-review	high	accept	family reviewed; SSOT deferred until project POS exists	OK	fixed form plus reviewed definition/derivation evidence
經一事長一智	lexicon-pos-gap		chengyu	china-idiom+agent	external-membership;missing-project-pos;rich-record;agent-review	high	accept	family reviewed; SSOT deferred until project POS exists	SOFT	reviewed source-backed non-four-character fixed expression
緊箍咒	lexicon-pos-gap		chengyu	china-idiom+agent	external-membership;missing-project-pos;rich-record;agent-review	high	accept	family reviewed; SSOT deferred until project POS exists	SOFT	reviewed source-backed non-four-character fixed expression
羌無故實	lexicon-pos-gap		chengyu	china-idiom+agent	external-membership;missing-project-pos;rich-record;agent-review	high	accept	family reviewed; SSOT deferred until project POS exists	OK	fixed form plus reviewed definition/derivation evidence
義憤填胸	lexicon-pos-gap		chengyu	china-idiom+agent	external-membership;missing-project-pos;rich-record;agent-review	high	accept	family reviewed; SSOT deferred until project POS exists	OK	fixed form plus reviewed definition/derivation evidence
義正辭嚴	lexicon-pos-gap		chengyu	china-idiom+agent	external-membership;missing-project-pos;rich-record;agent-review	high	accept	family reviewed; SSOT deferred until project POS exists	OK	fixed form plus reviewed definition/derivation evidence
習以成俗	lexicon-pos-gap		chengyu	china-idiom+agent	external-membership;missing-project-pos;rich-record;agent-review	high	accept	family reviewed; SSOT deferred until project POS exists	OK	fixed form plus reviewed definition/derivation evidence
聰明才智	lexicon-pos-gap		chengyu	china-idiom+agent	external-membership;missing-project-pos;rich-record;agent-review	high	accept	family reviewed; SSOT deferred until project POS exists	OK	fixed form plus reviewed definition/derivation evidence
胡里胡塗	lexicon-pos-gap		chengyu	china-idiom+agent	external-membership;missing-project-pos;rich-record;agent-review	high	accept	family reviewed; SSOT deferred until project POS exists	OK	fixed form plus reviewed definition/derivation evidence
胸有丘壑	lexicon-pos-gap		chengyu	china-idiom+agent	external-membership;missing-project-pos;rich-record;agent-review	high	accept	family reviewed; SSOT deferred until project POS exists	OK	fixed form plus reviewed definition/derivation evidence
自身難保	lexicon-pos-gap		chengyu	china-idiom+agent	external-membership;missing-project-pos;rich-record;agent-review	high	accept	family reviewed; SSOT deferred until project POS exists	OK	fixed form plus reviewed definition/derivation evidence
苟延殘喘	lexicon-pos-gap		chengyu	china-idiom+agent	external-membership;missing-project-pos;rich-record;agent-review	high	accept	family reviewed; SSOT deferred until project POS exists	OK	fixed form plus reviewed definition/derivation evidence
英雄所見略同	lexicon-pos-gap		chengyu	china-idiom+agent	external-membership;missing-project-pos;rich-record;agent-review	high	accept	family reviewed; SSOT deferred until project POS exists	SOFT	reviewed source-backed non-four-character fixed expression
英雄無用武之地	lexicon-pos-gap		chengyu	china-idiom+agent	external-membership;missing-project-pos;rich-record;agent-review	high	accept	family reviewed; SSOT deferred until project POS exists	SOFT	reviewed source-backed non-four-character fixed expression
荊棘滿途	lexicon-pos-gap		chengyu	china-idiom+agent	external-membership;missing-project-pos;rich-record;agent-review	high	accept	family reviewed; SSOT deferred until project POS exists	OK	fixed form plus reviewed definition/derivation evidence
萬里長城	lexicon-pos-gap		chengyu	china-idiom+agent	external-membership;missing-project-pos;rich-record;agent-review	high	accept	family reviewed; SSOT deferred until project POS exists	OK	fixed form plus reviewed definition/derivation evidence
落落難合	lexicon-pos-gap		chengyu	china-idiom+agent	external-membership;missing-project-pos;rich-record;agent-review	high	accept	family reviewed; SSOT deferred until project POS exists	OK	fixed form plus reviewed definition/derivation evidence
蒸蒸日上	lexicon-pos-gap		chengyu	china-idiom+agent	external-membership;missing-project-pos;rich-record;agent-review	high	accept	family reviewed; SSOT deferred until project POS exists	OK	fixed form plus reviewed definition/derivation evidence
虎尾春冰	lexicon-pos-gap		chengyu	china-idiom+agent	external-membership;missing-project-pos;rich-record;agent-review	high	accept	family reviewed; SSOT deferred until project POS exists	OK	fixed form plus reviewed definition/derivation evidence
蜻蜓點水	lexicon-pos-gap		chengyu	china-idiom+agent	external-membership;missing-project-pos;rich-record;agent-review	high	accept	family reviewed; SSOT deferred until project POS exists	OK	fixed form plus reviewed definition/derivation evidence
襟懷坦白	lexicon-pos-gap		chengyu	china-idiom+agent	external-membership;missing-project-pos;rich-record;agent-review	high	accept	family reviewed; SSOT deferred until project POS exists	OK	fixed form plus reviewed definition/derivation evidence
見事生風	lexicon-pos-gap		chengyu	china-idiom+agent	external-membership;missing-project-pos;rich-record;agent-review	high	accept	family reviewed; SSOT deferred until project POS exists	OK	fixed form plus reviewed definition/derivation evidence
見貌辨色	lexicon-pos-gap		chengyu	china-idiom+agent	external-membership;missing-project-pos;rich-record;agent-review	high	accept	family reviewed; SSOT deferred until project POS exists	OK	fixed form plus reviewed definition/derivation evidence
觸目傷心	lexicon-pos-gap		chengyu	china-idiom+agent	external-membership;missing-project-pos;rich-record;agent-review	high	accept	family reviewed; SSOT deferred until project POS exists	OK	fixed form plus reviewed definition/derivation evidence
計窮力屈	lexicon-pos-gap		chengyu	china-idiom+agent	external-membership;missing-project-pos;rich-record;agent-review	high	accept	family reviewed; SSOT deferred until project POS exists	OK	fixed form plus reviewed definition/derivation evidence
豁然開朗	lexicon-pos-gap		chengyu	china-idiom+agent	external-membership;missing-project-pos;rich-record;agent-review	high	accept	family reviewed; SSOT deferred until project POS exists	OK	fixed form plus reviewed definition/derivation evidence
貧無立錐之地	lexicon-pos-gap		chengyu	china-idiom+agent	external-membership;missing-project-pos;rich-record;agent-review	high	accept	family reviewed; SSOT deferred until project POS exists	SOFT	reviewed source-backed non-four-character fixed expression
販夫俗子	lexicon-pos-gap		chengyu	china-idiom+agent	external-membership;missing-project-pos;rich-record;agent-review	high	accept	family reviewed; SSOT deferred until project POS exists	OK	fixed form plus reviewed definition/derivation evidence
貪猥無厭	lexicon-pos-gap		chengyu	china-idiom+agent	external-membership;missing-project-pos;rich-record;agent-review	high	accept	family reviewed; SSOT deferred until project POS exists	OK	fixed form plus reviewed definition/derivation evidence
超然物外	lexicon-pos-gap		chengyu	china-idiom+agent	external-membership;missing-project-pos;rich-record;agent-review	high	accept	family reviewed; SSOT deferred until project POS exists	OK	fixed form plus reviewed definition/derivation evidence
載舟覆舟	lexicon-pos-gap		chengyu	china-idiom+agent	external-membership;missing-project-pos;rich-record;agent-review	high	accept	family reviewed; SSOT deferred until project POS exists	OK	fixed form plus reviewed definition/derivation evidence
輕重緩急	lexicon-pos-gap		chengyu	china-idiom+agent	external-membership;missing-project-pos;rich-record;agent-review	high	accept	family reviewed; SSOT deferred until project POS exists	OK	fixed form plus reviewed definition/derivation evidence
道殣相望	lexicon-pos-gap		chengyu	china-idiom+agent	external-membership;missing-project-pos;rich-record;agent-review	high	accept	family reviewed; SSOT deferred until project POS exists	OK	fixed form plus reviewed definition/derivation evidence
違時絕俗	lexicon-pos-gap		chengyu	china-idiom+agent	external-membership;missing-project-pos;rich-record;agent-review	high	accept	family reviewed; SSOT deferred until project POS exists	OK	fixed form plus reviewed definition/derivation evidence
遷善改過	lexicon-pos-gap		chengyu	china-idiom+agent	external-membership;missing-project-pos;rich-record;agent-review	high	accept	family reviewed; SSOT deferred until project POS exists	OK	fixed form plus reviewed definition/derivation evidence
醉生夢死	lexicon-pos-gap		chengyu	china-idiom+agent	external-membership;missing-project-pos;rich-record;agent-review	high	accept	family reviewed; SSOT deferred until project POS exists	OK	fixed form plus reviewed definition/derivation evidence
金剛怒目	lexicon-pos-gap		chengyu	china-idiom+agent	external-membership;missing-project-pos;rich-record;agent-review	high	accept	family reviewed; SSOT deferred until project POS exists	OK	fixed form plus reviewed definition/derivation evidence
銘心鏤骨	lexicon-pos-gap		chengyu	china-idiom+agent	external-membership;missing-project-pos;rich-record;agent-review	high	accept	family reviewed; SSOT deferred until project POS exists	OK	fixed form plus reviewed definition/derivation evidence
長生久視	lexicon-pos-gap		chengyu	china-idiom+agent	external-membership;missing-project-pos;rich-record;agent-review	high	accept	family reviewed; SSOT deferred until project POS exists	OK	fixed form plus reviewed definition/derivation evidence
阿諛奉承	lexicon-pos-gap		chengyu	china-idiom+agent	external-membership;missing-project-pos;rich-record;agent-review	high	accept	family reviewed; SSOT deferred until project POS exists	OK	fixed form plus reviewed definition/derivation evidence
隱隱約約	lexicon-pos-gap		chengyu	china-idiom+agent	external-membership;missing-project-pos;rich-record;agent-review	high	accept	family reviewed; SSOT deferred until project POS exists	OK	fixed form plus reviewed definition/derivation evidence
雕蟲小技	lexicon-pos-gap		chengyu	china-idiom+agent	external-membership;missing-project-pos;rich-record;agent-review	high	accept	family reviewed; SSOT deferred until project POS exists	OK	fixed form plus reviewed definition/derivation evidence
青梅竹馬	lexicon-pos-gap		chengyu	china-idiom+agent	external-membership;missing-project-pos;rich-record;agent-review	high	accept	family reviewed; SSOT deferred until project POS exists	OK	fixed form plus reviewed definition/derivation evidence
頂名冒姓	lexicon-pos-gap		chengyu	china-idiom+agent	external-membership;missing-project-pos;rich-record;agent-review	high	accept	family reviewed; SSOT deferred until project POS exists	OK	fixed form plus reviewed definition/derivation evidence
顛倒是非	lexicon-pos-gap		chengyu	china-idiom+agent	external-membership;missing-project-pos;rich-record;agent-review	high	accept	family reviewed; SSOT deferred until project POS exists	OK	fixed form plus reviewed definition/derivation evidence
食前方丈	lexicon-pos-gap		chengyu	china-idiom+agent	external-membership;missing-project-pos;rich-record;agent-review	high	accept	family reviewed; SSOT deferred until project POS exists	OK	fixed form plus reviewed definition/derivation evidence
飢寒交迫	lexicon-pos-gap		chengyu	china-idiom+agent	external-membership;missing-project-pos;rich-record;agent-review	high	accept	family reviewed; SSOT deferred until project POS exists	OK	fixed form plus reviewed definition/derivation evidence
養兵千日用在一朝	lexicon-pos-gap		chengyu	china-idiom+agent	external-membership;missing-project-pos;rich-record;agent-review	high	accept	family reviewed; SSOT deferred until project POS exists	SOFT	reviewed source-backed non-four-character fixed expression
馬翻人仰	lexicon-pos-gap		chengyu	china-idiom+agent	external-membership;missing-project-pos;rich-record;agent-review	high	accept	family reviewed; SSOT deferred until project POS exists	OK	fixed form plus reviewed definition/derivation evidence
魂牽夢縈	lexicon-pos-gap		chengyu	china-idiom+agent	external-membership;missing-project-pos;rich-record;agent-review	high	accept	family reviewed; SSOT deferred until project POS exists	OK	fixed form plus reviewed definition/derivation evidence
鱗次櫛比	lexicon-pos-gap		chengyu	china-idiom+agent	external-membership;missing-project-pos;rich-record;agent-review	high	accept	family reviewed; SSOT deferred until project POS exists	OK	fixed form plus reviewed definition/derivation evidence
麻痹大意	lexicon-pos-gap		chengyu	china-idiom+agent	external-membership;missing-project-pos;rich-record;agent-review	high	accept	family reviewed; SSOT deferred until project POS exists	OK	fixed form plus reviewed definition/derivation evidence
龍吟虎嘯	lexicon-pos-gap		chengyu	china-idiom+agent	external-membership;missing-project-pos;rich-record;agent-review	high	accept	family reviewed; SSOT deferred until project POS exists	OK	fixed form plus reviewed definition/derivation evidence
一命嗚呼	mother-external-match	idiom	chengyu	china-idiom+agent	external-membership;rich-record;agent-review	high	accept	family reviewed from definition and derivation	OK	fixed form plus reviewed definition/derivation evidence
一望無際	mother-external-match	idiom	chengyu	china-idiom+agent	external-membership;rich-record;agent-review	high	accept	family reviewed from definition and derivation	OK	fixed form plus reviewed definition/derivation evidence
一箭雙鵰	mother-external-match	idiom	chengyu	china-idiom+agent	external-membership;rich-record;agent-review	high	accept	family reviewed from definition and derivation	OK	fixed form plus reviewed definition/derivation evidence
一鳴驚人	mother-external-match	idiom	chengyu	china-idiom+manual	external-membership;canonical-four-character-form	high	accept	unambiguous canonical chengyu	OK	fixed form plus reviewed definition/derivation evidence
七情六慾	mother-external-match	idiom	chengyu	china-idiom+agent	external-membership;rich-record;agent-review	high	accept	family reviewed from definition and derivation	OK	fixed form plus reviewed definition/derivation evidence
三十而立	mother-external-match	idiom	chengyu	china-idiom+agent	external-membership;rich-record;agent-review	high	accept	family reviewed from definition and derivation	OK	fixed form plus reviewed definition/derivation evidence
三教九流	mother-external-match	idiom	chengyu	china-idiom+agent	external-membership;rich-record;agent-review	high	accept	family reviewed from definition and derivation	OK	fixed form plus reviewed definition/derivation evidence
不動聲色	mother-external-match	idiom	chengyu	china-idiom+agent	external-membership;rich-record;agent-review	high	accept	family reviewed from definition and derivation	OK	fixed form plus reviewed definition/derivation evidence
不卑不亢	mother-external-match	idiom	chengyu	china-idiom+agent	external-membership;rich-record;agent-review	high	accept	family reviewed from definition and derivation	OK	fixed form plus reviewed definition/derivation evidence
不可收拾	mother-external-match	idiom	chengyu	china-idiom+agent	external-membership;rich-record;agent-review	high	accept	family reviewed from definition and derivation	OK	fixed form plus reviewed definition/derivation evidence
不稂不莠	mother-external-match	idiom	chengyu	china-idiom+agent	external-membership;rich-record;agent-review	high	accept	family reviewed from definition and derivation	OK	fixed form plus reviewed definition/derivation evidence
不約而同	mother-external-match	idiom	chengyu	china-idiom+manual	external-membership;canonical-four-character-form	high	accept	unambiguous canonical chengyu	OK	fixed form plus reviewed definition/derivation evidence
不言而喻	mother-external-match	idiom	chengyu	china-idiom+agent	external-membership;rich-record;agent-review	high	accept	family reviewed from definition and derivation	OK	fixed form plus reviewed definition/derivation evidence
不識泰山	mother-external-match	idiom	chengyu	china-idiom+agent	external-membership;rich-record;agent-review	high	accept	family reviewed from definition and derivation	OK	fixed form plus reviewed definition/derivation evidence
乍暖還寒	mother-external-match	idiom	chengyu	china-idiom+agent	external-membership;rich-record;agent-review	high	accept	family reviewed from definition and derivation	OK	fixed form plus reviewed definition/derivation evidence
乘興而來	mother-external-match	idiom	chengyu	china-idiom+agent	external-membership;rich-record;agent-review	high	accept	family reviewed from definition and derivation	OK	fixed form plus reviewed definition/derivation evidence
仗義執言	mother-external-match	idiom	chengyu	china-idiom+agent	external-membership;rich-record;agent-review	high	accept	family reviewed from definition and derivation	OK	fixed form plus reviewed definition/derivation evidence
以卵擊石	mother-external-match	idiom	chengyu	china-idiom+agent	external-membership;rich-record;agent-review	high	accept	family reviewed from definition and derivation	OK	fixed form plus reviewed definition/derivation evidence
依山傍水	mother-external-match	idiom	chengyu	china-idiom+agent	external-membership;rich-record;agent-review	high	accept	family reviewed from definition and derivation	OK	fixed form plus reviewed definition/derivation evidence
借屍還魂	mother-external-match	idiom	chengyu	china-idiom+agent	external-membership;rich-record;agent-review	high	accept	family reviewed from definition and derivation	OK	fixed form plus reviewed definition/derivation evidence
僧多粥少	mother-external-match	idiom	chengyu	china-idiom+agent	external-membership;rich-record;agent-review	high	accept	family reviewed from definition and derivation	OK	fixed form plus reviewed definition/derivation evidence
光宗耀祖	mother-external-match	idiom	chengyu	china-idiom+agent	external-membership;rich-record;agent-review	high	accept	family reviewed from definition and derivation	OK	fixed form plus reviewed definition/derivation evidence
免開尊口	mother-external-match	idiom	chengyu	china-idiom+agent	external-membership;rich-record;agent-review	high	accept	family reviewed from definition and derivation	OK	fixed form plus reviewed definition/derivation evidence
全力以赴	mother-external-match	idiom	chengyu	china-idiom+manual	external-membership;canonical-four-character-form	high	accept	unambiguous canonical chengyu	OK	fixed form plus reviewed definition/derivation evidence
兩手空空	mother-external-match	idiom	chengyu	china-idiom+agent	external-membership;rich-record;agent-review	high	accept	family reviewed from definition and derivation	OK	fixed form plus reviewed definition/derivation evidence
兩肋插刀	mother-external-match	idiom	chengyu	china-idiom+agent	external-membership;rich-record;agent-review	high	accept	family reviewed from definition and derivation	OK	fixed form plus reviewed definition/derivation evidence
兵臨城下	mother-external-match	idiom	chengyu	china-idiom+agent	external-membership;rich-record;agent-review	high	accept	family reviewed from definition and derivation	OK	fixed form plus reviewed definition/derivation evidence
劈風斬浪	mother-external-match	idiom	chengyu	china-idiom+agent	external-membership;rich-record;agent-review	high	accept	family reviewed from definition and derivation	OK	fixed form plus reviewed definition/derivation evidence
功德圓滿	mother-external-match	idiom	chengyu	china-idiom+agent	external-membership;rich-record;agent-review	high	accept	family reviewed from definition and derivation	OK	fixed form plus reviewed definition/derivation evidence
可歌可泣	mother-external-match	idiom	chengyu	china-idiom+agent	external-membership;rich-record;agent-review	high	accept	family reviewed from definition and derivation	OK	fixed form plus reviewed definition/derivation evidence
各取所需	mother-external-match	idiom	chengyu	china-idiom+agent	external-membership;rich-record;agent-review	high	accept	family reviewed from definition and derivation	OK	fixed form plus reviewed definition/derivation evidence
同歸於盡	mother-external-match	idiom	chengyu	china-idiom+agent	external-membership;rich-record;agent-review	high	accept	family reviewed from definition and derivation	OK	fixed form plus reviewed definition/derivation evidence
四分五裂	mother-external-match	idiom	chengyu	china-idiom+agent	external-membership;rich-record;agent-review	high	accept	family reviewed from definition and derivation	OK	fixed form plus reviewed definition/derivation evidence
坐享其成	mother-external-match	idiom	chengyu	china-idiom+agent	external-membership;rich-record;agent-review	high	accept	family reviewed from definition and derivation	OK	fixed form plus reviewed definition/derivation evidence
大塊朵頤	mother-external-match	idiom	chengyu	china-idiom+agent	external-membership;rich-record;agent-review	high	accept	family reviewed from definition and derivation	OK	fixed form plus reviewed definition/derivation evidence
大材小用	mother-external-match	idiom	chengyu	china-idiom+agent	external-membership;rich-record;agent-review	high	accept	family reviewed from definition and derivation	OK	fixed form plus reviewed definition/derivation evidence
天網恢恢	mother-external-match	idiom	chengyu	china-idiom+agent	external-membership;rich-record;agent-review	high	accept	family reviewed from definition and derivation	OK	fixed form plus reviewed definition/derivation evidence
天誅地滅	mother-external-match	idiom	chengyu	china-idiom+agent	external-membership;rich-record;agent-review	high	accept	family reviewed from definition and derivation	OK	fixed form plus reviewed definition/derivation evidence
好聲好氣	mother-external-match	idiom	chengyu	china-idiom+agent	external-membership;rich-record;agent-review	high	accept	family reviewed from definition and derivation	OK	fixed form plus reviewed definition/derivation evidence
如火如荼	mother-external-match	idiom	chengyu	china-idiom+agent	external-membership;rich-record;agent-review	high	accept	family reviewed from definition and derivation	OK	fixed form plus reviewed definition/derivation evidence
如願以償	mother-external-match	idiom	chengyu	china-idiom+agent	external-membership;rich-record;agent-review	high	accept	family reviewed from definition and derivation	OK	fixed form plus reviewed definition/derivation evidence
如魚得水	mother-external-match	idiom	chengyu	china-idiom+agent	external-membership;rich-record;agent-review	high	accept	family reviewed from definition and derivation	OK	fixed form plus reviewed definition/derivation evidence
妙手空空	mother-external-match	idiom	chengyu	china-idiom+agent	external-membership;rich-record;agent-review	high	accept	family reviewed from definition and derivation	OK	fixed form plus reviewed definition/derivation evidence
威武不屈	mother-external-match	idiom	chengyu	china-idiom+agent	external-membership;rich-record;agent-review	high	accept	family reviewed from definition and derivation	OK	fixed form plus reviewed definition/derivation evidence
嫉惡如仇	mother-external-match	idiom	chengyu	china-idiom+agent	external-membership;rich-record;agent-review	high	accept	family reviewed from definition and derivation	OK	fixed form plus reviewed definition/derivation evidence
官報私仇	mother-external-match	idiom	chengyu	china-idiom+agent	external-membership;rich-record;agent-review	high	accept	family reviewed from definition and derivation	OK	fixed form plus reviewed definition/derivation evidence
寅吃卯糧	mother-external-match	idiom	chengyu	china-idiom+agent	external-membership;rich-record;agent-review	high	accept	family reviewed from definition and derivation	OK	fixed form plus reviewed definition/derivation evidence
寸土必爭	mother-external-match	idiom	chengyu	china-idiom+agent	external-membership;rich-record;agent-review	high	accept	family reviewed from definition and derivation	OK	fixed form plus reviewed definition/derivation evidence
就事論事	mother-external-match	idiom	chengyu	china-idiom+agent	external-membership;rich-record;agent-review	high	accept	family reviewed from definition and derivation	OK	fixed form plus reviewed definition/derivation evidence
巍然屹立	mother-external-match	idiom	chengyu	china-idiom+agent	external-membership;rich-record;agent-review	high	accept	family reviewed from definition and derivation	OK	fixed form plus reviewed definition/derivation evidence
平心靜氣	mother-external-match	idiom	chengyu	china-idiom+agent	external-membership;rich-record;agent-review	high	accept	family reviewed from definition and derivation	OK	fixed form plus reviewed definition/derivation evidence
引以為戒	mother-external-match	idiom	chengyu	china-idiom+agent	external-membership;rich-record;agent-review	high	accept	family reviewed from definition and derivation	OK	fixed form plus reviewed definition/derivation evidence
得過且過	mother-external-match	idiom	chengyu	china-idiom+agent	external-membership;rich-record;agent-review	high	accept	family reviewed from definition and derivation	OK	fixed form plus reviewed definition/derivation evidence
心如刀絞	mother-external-match	idiom	chengyu	china-idiom+agent	external-membership;rich-record;agent-review	high	accept	family reviewed from definition and derivation	OK	fixed form plus reviewed definition/derivation evidence
怒火中燒	mother-external-match	idiom	chengyu	china-idiom+agent	external-membership;rich-record;agent-review	high	accept	family reviewed from definition and derivation	OK	fixed form plus reviewed definition/derivation evidence
情真意切	mother-external-match	idiom	chengyu	china-idiom+agent	external-membership;rich-record;agent-review	high	accept	family reviewed from definition and derivation	OK	fixed form plus reviewed definition/derivation evidence
惡有惡報	mother-external-match	idiom	chengyu	china-idiom+agent	external-membership;rich-record;agent-review	high	accept	family reviewed from definition and derivation	OK	fixed form plus reviewed definition/derivation evidence
慈眉善目	mother-external-match	idiom	chengyu	china-idiom+agent	external-membership;rich-record;agent-review	high	accept	family reviewed from definition and derivation	OK	fixed form plus reviewed definition/derivation evidence
懷璧其罪	mother-external-match	idiom	chengyu	china-idiom+agent	external-membership;rich-record;agent-review	high	accept	family reviewed from definition and derivation	OK	fixed form plus reviewed definition/derivation evidence
成千上萬	mother-external-match	idiom	chengyu	china-idiom+agent	external-membership;rich-record;agent-review	high	accept	family reviewed from definition and derivation	OK	fixed form plus reviewed definition/derivation evidence
手忙腳亂	mother-external-match	idiom	chengyu	china-idiom+agent	external-membership;rich-record;agent-review	high	accept	family reviewed from definition and derivation	OK	fixed form plus reviewed definition/derivation evidence
打成一片	mother-external-match	idiom	chengyu	china-idiom+agent	external-membership;rich-record;agent-review	high	accept	family reviewed from definition and derivation	OK	fixed form plus reviewed definition/derivation evidence
抱薪救火	mother-external-match	idiom	chengyu	china-idiom+agent	external-membership;rich-record;agent-review	high	accept	family reviewed from definition and derivation	OK	fixed form plus reviewed definition/derivation evidence
捨我其誰	mother-external-match	idiom	chengyu	china-idiom+agent	external-membership;rich-record;agent-review	high	accept	family reviewed from definition and derivation	OK	fixed form plus reviewed definition/derivation evidence
搖頭晃腦	mother-external-match	idiom	chengyu	china-idiom+agent	external-membership;rich-record;agent-review	high	accept	family reviewed from definition and derivation	OK	fixed form plus reviewed definition/derivation evidence
故步自封	mother-external-match	idiom	chengyu	china-idiom+agent	external-membership;rich-record;agent-review	high	accept	family reviewed from definition and derivation	OK	fixed form plus reviewed definition/derivation evidence
教學相長	mother-external-match	idiom	chengyu	china-idiom+agent	external-membership;rich-record;agent-review	high	accept	family reviewed from definition and derivation	OK	fixed form plus reviewed definition/derivation evidence
文武雙全	mother-external-match	idiom	chengyu	china-idiom+agent	external-membership;rich-record;agent-review	high	accept	family reviewed from definition and derivation	OK	fixed form plus reviewed definition/derivation evidence
方寸已亂	mother-external-match	idiom	chengyu	china-idiom+agent	external-membership;rich-record;agent-review	high	accept	family reviewed from definition and derivation	OK	fixed form plus reviewed definition/derivation evidence
旅進旅退	mother-external-match	idiom	chengyu	china-idiom+agent	external-membership;rich-record;agent-review	high	accept	family reviewed from definition and derivation	OK	fixed form plus reviewed definition/derivation evidence
春意盎然	mother-external-match	idiom	chengyu	china-idiom+agent	external-membership;rich-record;agent-review	high	accept	family reviewed from definition and derivation	OK	fixed form plus reviewed definition/derivation evidence
月黑風高	mother-external-match	idiom	chengyu	china-idiom+agent	external-membership;rich-record;agent-review	high	accept	family reviewed from definition and derivation	OK	fixed form plus reviewed definition/derivation evidence
朽木糞土	mother-external-match	idiom	chengyu	china-idiom+agent	external-membership;rich-record;agent-review	high	accept	family reviewed from definition and derivation	OK	fixed form plus reviewed definition/derivation evidence
東奔西跑	mother-external-match	idiom	chengyu	china-idiom+agent	external-membership;rich-record;agent-review	high	accept	family reviewed from definition and derivation	OK	fixed form plus reviewed definition/derivation evidence
欲蓋彌彰	mother-external-match	idiom	chengyu	china-idiom+agent	external-membership;rich-record;agent-review	high	accept	family reviewed from definition and derivation	OK	fixed form plus reviewed definition/derivation evidence
死不瞑目	mother-external-match	idiom	chengyu	china-idiom+agent	external-membership;rich-record;agent-review	high	accept	family reviewed from definition and derivation	OK	fixed form plus reviewed definition/derivation evidence
殺身之禍	mother-external-match	idiom	chengyu	china-idiom+agent	external-membership;rich-record;agent-review	high	accept	family reviewed from definition and derivation	OK	fixed form plus reviewed definition/derivation evidence
水土不服	mother-external-match	idiom	chengyu	china-idiom+agent	external-membership;rich-record;agent-review	high	accept	family reviewed from definition and derivation	OK	fixed form plus reviewed definition/derivation evidence
活龍活現	mother-external-match	idiom	chengyu	china-idiom+agent	external-membership;rich-record;agent-review	high	accept	family reviewed from definition and derivation	OK	fixed form plus reviewed definition/derivation evidence
淋漓盡致	mother-external-match	idiom	chengyu	china-idiom+agent	external-membership;rich-record;agent-review	high	accept	family reviewed from definition and derivation	OK	fixed form plus reviewed definition/derivation evidence
清心寡慾	mother-external-match	idiom	chengyu	china-idiom+agent	external-membership;rich-record;agent-review	high	accept	family reviewed from definition and derivation	OK	fixed form plus reviewed definition/derivation evidence
渾水摸魚	mother-external-match	idiom	chengyu	china-idiom+agent	external-membership;rich-record;agent-review	high	accept	family reviewed from definition and derivation	OK	fixed form plus reviewed definition/derivation evidence
渾然天成	mother-external-match	idiom	chengyu	china-idiom+agent	external-membership;rich-record;agent-review	high	accept	family reviewed from definition and derivation	OK	fixed form plus reviewed definition/derivation evidence
滿城風雨	mother-external-match	idiom	chengyu	china-idiom+agent	external-membership;rich-record;agent-review	high	accept	family reviewed from definition and derivation	OK	fixed form plus reviewed definition/derivation evidence
潑婦罵街	mother-external-match	idiom	chengyu	china-idiom+agent	external-membership;rich-record;agent-review	high	accept	family reviewed from definition and derivation	OK	fixed form plus reviewed definition/derivation evidence
無機可乘	mother-external-match	idiom	chengyu	china-idiom+agent	external-membership;rich-record;agent-review	high	accept	family reviewed from definition and derivation	OK	fixed form plus reviewed definition/derivation evidence
無聲無息	mother-external-match	idiom	chengyu	china-idiom+agent	external-membership;rich-record;agent-review	high	accept	family reviewed from definition and derivation	OK	fixed form plus reviewed definition/derivation evidence
玄之又玄	mother-external-match	idiom	chengyu	china-idiom+agent	external-membership;rich-record;agent-review	high	accept	family reviewed from definition and derivation	OK	fixed form plus reviewed definition/derivation evidence
甜酸苦辣	mother-external-match	idiom	chengyu	china-idiom+agent	external-membership;rich-record;agent-review	high	accept	family reviewed from definition and derivation	OK	fixed form plus reviewed definition/derivation evidence
異口同聲	mother-external-match	idiom	chengyu	china-idiom+agent	external-membership;rich-record;agent-review	high	accept	family reviewed from definition and derivation	OK	fixed form plus reviewed definition/derivation evidence
當頭棒喝	mother-external-match	idiom	chengyu	china-idiom+agent	external-membership;rich-record;agent-review	high	accept	family reviewed from definition and derivation	OK	fixed form plus reviewed definition/derivation evidence
百折不回	mother-external-match	idiom	chengyu	china-idiom+agent	external-membership;rich-record;agent-review	high	accept	family reviewed from definition and derivation	OK	fixed form plus reviewed definition/derivation evidence
直抒己見	mother-external-match	idiom	chengyu	china-idiom+agent	external-membership;rich-record;agent-review	high	accept	family reviewed from definition and derivation	OK	fixed form plus reviewed definition/derivation evidence
眼疾手快	mother-external-match	idiom	chengyu	china-idiom+agent	external-membership;rich-record;agent-review	high	accept	family reviewed from definition and derivation	OK	fixed form plus reviewed definition/derivation evidence
瞎子摸象	mother-external-match	idiom	chengyu	china-idiom+agent	external-membership;rich-record;agent-review	high	accept	family reviewed from definition and derivation	OK	fixed form plus reviewed definition/derivation evidence
瞭如指掌	mother-external-match	idiom	chengyu	china-idiom+agent	external-membership;rich-record;agent-review	high	accept	family reviewed from definition and derivation	OK	fixed form plus reviewed definition/derivation evidence
笨嘴拙舌	mother-external-match	idiom	chengyu	china-idiom+agent	external-membership;rich-record;agent-review	high	accept	family reviewed from definition and derivation	OK	fixed form plus reviewed definition/derivation evidence
約定俗成	mother-external-match	idiom	chengyu	china-idiom+agent	external-membership;rich-record;agent-review	high	accept	family reviewed from definition and derivation	OK	fixed form plus reviewed definition/derivation evidence
細枝末節	mother-external-match	idiom	chengyu	china-idiom+agent	external-membership;rich-record;agent-review	high	accept	family reviewed from definition and derivation	OK	fixed form plus reviewed definition/derivation evidence
罄竹難書	mother-external-match	idiom	chengyu	china-idiom+agent	external-membership;rich-record;agent-review	high	accept	family reviewed from definition and derivation	OK	fixed form plus reviewed definition/derivation evidence
翻江倒海	mother-external-match	idiom	chengyu	china-idiom+agent	external-membership;rich-record;agent-review	high	accept	family reviewed from definition and derivation	OK	fixed form plus reviewed definition/derivation evidence
自慚形穢	mother-external-match	idiom	chengyu	china-idiom+agent	external-membership;rich-record;agent-review	high	accept	family reviewed from definition and derivation	OK	fixed form plus reviewed definition/derivation evidence
興味索然	mother-external-match	idiom	chengyu	china-idiom+agent	external-membership;rich-record;agent-review	high	accept	family reviewed from definition and derivation	OK	fixed form plus reviewed definition/derivation evidence
花花世界	mother-external-match	idiom	chengyu	china-idiom+agent	external-membership;rich-record;agent-review	high	accept	family reviewed from definition and derivation	OK	fixed form plus reviewed definition/derivation evidence
落地生根	mother-external-match	idiom	chengyu	china-idiom+agent	external-membership;rich-record;agent-review	high	accept	family reviewed from definition and derivation	OK	fixed form plus reviewed definition/derivation evidence
虎踞龍蟠	mother-external-match	idiom	chengyu	china-idiom+agent	external-membership;rich-record;agent-review	high	accept	family reviewed from definition and derivation	OK	fixed form plus reviewed definition/derivation evidence
虛應故事	mother-external-match	idiom	chengyu	china-idiom+agent	external-membership;rich-record;agent-review	high	accept	family reviewed from definition and derivation	OK	fixed form plus reviewed definition/derivation evidence
虛有其表	mother-external-match	idiom	chengyu	china-idiom+agent	external-membership;rich-record;agent-review	high	accept	family reviewed from definition and derivation	OK	fixed form plus reviewed definition/derivation evidence
蠅頭小利	mother-external-match	idiom	chengyu	china-idiom+agent	external-membership;rich-record;agent-review	high	accept	family reviewed from definition and derivation	OK	fixed form plus reviewed definition/derivation evidence
裝神弄鬼	mother-external-match	idiom	chengyu	china-idiom+agent	external-membership;rich-record;agent-review	high	accept	family reviewed from definition and derivation	OK	fixed form plus reviewed definition/derivation evidence
裹足不前	mother-external-match	idiom	chengyu	china-idiom+agent	external-membership;rich-record;agent-review	high	accept	family reviewed from definition and derivation	OK	fixed form plus reviewed definition/derivation evidence
見怪不怪	mother-external-match	idiom	chengyu	china-idiom+agent	external-membership;rich-record;agent-review	high	accept	family reviewed from definition and derivation	OK	fixed form plus reviewed definition/derivation evidence
視若無睹	mother-external-match	idiom	chengyu	china-idiom+agent	external-membership;rich-record;agent-review	high	accept	family reviewed from definition and derivation	OK	fixed form plus reviewed definition/derivation evidence
言之成理	mother-external-match	idiom	chengyu	china-idiom+agent	external-membership;rich-record;agent-review	high	accept	family reviewed from definition and derivation	OK	fixed form plus reviewed definition/derivation evidence
言而無信	mother-external-match	idiom	chengyu	china-idiom+agent	external-membership;rich-record;agent-review	high	accept	family reviewed from definition and derivation	OK	fixed form plus reviewed definition/derivation evidence
認祖歸宗	mother-external-match	idiom	chengyu	china-idiom+agent	external-membership;rich-record;agent-review	high	accept	family reviewed from definition and derivation	OK	fixed form plus reviewed definition/derivation evidence
變幻莫測	mother-external-match	idiom	chengyu	china-idiom+agent	external-membership;rich-record;agent-review	high	accept	family reviewed from definition and derivation	OK	fixed form plus reviewed definition/derivation evidence
豆蔻年華	mother-external-match	idiom	chengyu	china-idiom+agent	external-membership;rich-record;agent-review	high	accept	family reviewed from definition and derivation	OK	fixed form plus reviewed definition/derivation evidence
豐功偉績	mother-external-match	idiom	chengyu	china-idiom+agent	external-membership;rich-record;agent-review	high	accept	family reviewed from definition and derivation	OK	fixed form plus reviewed definition/derivation evidence
近在咫尺	mother-external-match	idiom	chengyu	china-idiom+agent	external-membership;rich-record;agent-review	high	accept	family reviewed from definition and derivation	OK	fixed form plus reviewed definition/derivation evidence
迷途知返	mother-external-match	idiom	chengyu	china-idiom+agent	external-membership;rich-record;agent-review	high	accept	family reviewed from definition and derivation	OK	fixed form plus reviewed definition/derivation evidence
醍醐灌頂	mother-external-match	idiom	chengyu	china-idiom+agent	external-membership;rich-record;agent-review	high	accept	family reviewed from definition and derivation	OK	fixed form plus reviewed definition/derivation evidence
重振旗鼓	mother-external-match	idiom	chengyu	china-idiom+agent	external-membership;rich-record;agent-review	high	accept	family reviewed from definition and derivation	OK	fixed form plus reviewed definition/derivation evidence
銖兩悉稱	mother-external-match	idiom	chengyu	china-idiom+agent	external-membership;rich-record;agent-review	high	accept	family reviewed from definition and derivation	OK	fixed form plus reviewed definition/derivation evidence
銘心刻骨	mother-external-match	idiom	chengyu	china-idiom+agent	external-membership;rich-record;agent-review	high	accept	family reviewed from definition and derivation	OK	fixed form plus reviewed definition/derivation evidence
鋪天蓋地	mother-external-match	idiom	chengyu	china-idiom+agent	external-membership;rich-record;agent-review	high	accept	family reviewed from definition and derivation	OK	fixed form plus reviewed definition/derivation evidence
長命百歲	mother-external-match	idiom	chengyu	china-idiom+agent	external-membership;rich-record;agent-review	high	accept	family reviewed from definition and derivation	OK	fixed form plus reviewed definition/derivation evidence
門庭若市	mother-external-match	idiom	chengyu	china-idiom+agent	external-membership;rich-record;agent-review	high	accept	family reviewed from definition and derivation	OK	fixed form plus reviewed definition/derivation evidence
閉口不言	mother-external-match	idiom	chengyu	china-idiom+agent	external-membership;rich-record;agent-review	high	accept	family reviewed from definition and derivation	OK	fixed form plus reviewed definition/derivation evidence
陳詞濫調	mother-external-match	idiom	chengyu	china-idiom+agent	external-membership;rich-record;agent-review	high	accept	family reviewed from definition and derivation	OK	fixed form plus reviewed definition/derivation evidence
養生之道	mother-external-match	idiom	chengyu	china-idiom+agent	external-membership;rich-record;agent-review	high	accept	family reviewed from definition and derivation	OK	fixed form plus reviewed definition/derivation evidence
麻木不仁	mother-external-match	idiom	chengyu	china-idiom+agent	external-membership;rich-record;agent-review	high	accept	family reviewed from definition and derivation	OK	fixed form plus reviewed definition/derivation evidence
默不作聲	mother-external-match	idiom	chengyu	china-idiom+agent	external-membership;rich-record;agent-review	high	accept	family reviewed from definition and derivation	OK	fixed form plus reviewed definition/derivation evidence
鼎足之勢	mother-external-match	idiom	chengyu	china-idiom+agent	external-membership;rich-record;agent-review	high	accept	family reviewed from definition and derivation	OK	fixed form plus reviewed definition/derivation evidence
鼓鼓囊囊	mother-external-match	idiom	chengyu	china-idiom+agent	external-membership;rich-record;agent-review	high	accept	family reviewed from definition and derivation	OK	fixed form plus reviewed definition/derivation evidence
龍蛇混雜	mother-external-match	idiom	chengyu	china-idiom+agent	external-membership;rich-record;agent-review	high	accept	family reviewed from definition and derivation	OK	fixed form plus reviewed definition/derivation evidence
一夕之間	mother-unmatched	idiom	idiom	agent	fixed-expression;insufficient-leaf-evidence	high	keep_idiom	reviewed; no defensible leaf evidence	OK	conservative umbrella terminal; no unsupported leaf claim
一夜之間	mother-unmatched	idiom	idiom	agent	fixed-expression;insufficient-leaf-evidence	high	keep_idiom	reviewed; no defensible leaf evidence	OK	conservative umbrella terminal; no unsupported leaf claim
一線之隔	mother-unmatched	idiom	idiom	agent	fixed-expression;insufficient-leaf-evidence	high	keep_idiom	reviewed; no defensible leaf evidence	OK	conservative umbrella terminal; no unsupported leaf claim
不治而癒	mother-unmatched	idiom	idiom	agent	fixed-expression;insufficient-leaf-evidence	high	keep_idiom	reviewed; no defensible leaf evidence	OK	conservative umbrella terminal; no unsupported leaf claim
不眠不休	mother-unmatched	idiom	idiom	agent	fixed-expression;insufficient-leaf-evidence	high	keep_idiom	reviewed; no defensible leaf evidence	OK	conservative umbrella terminal; no unsupported leaf claim
不知廉恥	mother-unmatched	idiom	idiom	agent	fixed-expression;insufficient-leaf-evidence	high	keep_idiom	reviewed; no defensible leaf evidence	OK	conservative umbrella terminal; no unsupported leaf claim
人無完人	mother-unmatched	idiom	idiom	agent	fixed-expression;insufficient-leaf-evidence	high	keep_idiom	reviewed; no defensible leaf evidence	OK	conservative umbrella terminal; no unsupported leaf claim
何時何地	mother-unmatched	idiom	idiom	agent	fixed-expression;insufficient-leaf-evidence	high	keep_idiom	reviewed; no defensible leaf evidence	OK	conservative umbrella terminal; no unsupported leaf claim
修身養性	mother-unmatched	idiom	idiom	agent	fixed-expression;insufficient-leaf-evidence	high	keep_idiom	reviewed; no defensible leaf evidence	OK	conservative umbrella terminal; no unsupported leaf claim
冰釋前嫌	mother-unmatched	idiom	idiom	agent	fixed-expression;insufficient-leaf-evidence	high	keep_idiom	reviewed; no defensible leaf evidence	OK	conservative umbrella terminal; no unsupported leaf claim
只欠東風	mother-unmatched	idiom	idiom	agent	fixed-expression;insufficient-leaf-evidence	high	keep_idiom	reviewed; no defensible leaf evidence	OK	conservative umbrella terminal; no unsupported leaf claim
各顯神通	mother-unmatched	idiom	idiom	agent	fixed-expression;insufficient-leaf-evidence	high	keep_idiom	reviewed; no defensible leaf evidence	OK	conservative umbrella terminal; no unsupported leaf claim
告一段落	mother-unmatched	idiom	idiom	agent	fixed-expression;insufficient-leaf-evidence	high	keep_idiom	reviewed; no defensible leaf evidence	OK	conservative umbrella terminal; no unsupported leaf claim
嚴以律己	mother-unmatched	idiom	idiom	agent	fixed-expression;insufficient-leaf-evidence	high	keep_idiom	reviewed; no defensible leaf evidence	OK	conservative umbrella terminal; no unsupported leaf claim
大放異彩	mother-unmatched	idiom	chengyu	project-pos-note+agent	existing-reviewed-note;agent-review	high	accept	existing note explicitly identifies chengyu	OK	fixed form plus reviewed definition/derivation evidence
夾手夾腳	mother-unmatched	idiom	idiom	agent	fixed-expression;insufficient-leaf-evidence	high	keep_idiom	reviewed; no defensible leaf evidence	OK	conservative umbrella terminal; no unsupported leaf claim
學有所長	mother-unmatched	idiom	idiom	agent	fixed-expression;insufficient-leaf-evidence	high	keep_idiom	reviewed; no defensible leaf evidence	OK	conservative umbrella terminal; no unsupported leaf claim
少之又少	mother-unmatched	idiom	idiom	agent	fixed-expression;insufficient-leaf-evidence	high	keep_idiom	reviewed; no defensible leaf evidence	OK	conservative umbrella terminal; no unsupported leaf claim
年年有餘	mother-unmatched	idiom	idiom	agent	fixed-expression;insufficient-leaf-evidence	high	keep_idiom	reviewed; no defensible leaf evidence	OK	conservative umbrella terminal; no unsupported leaf claim
張三李四	mother-unmatched	idiom	idiom	agent	fixed-expression;insufficient-leaf-evidence	high	keep_idiom	reviewed; no defensible leaf evidence	OK	conservative umbrella terminal; no unsupported leaf claim
後事之師	mother-unmatched	idiom	idiom	agent	fixed-expression;insufficient-leaf-evidence	high	keep_idiom	reviewed; no defensible leaf evidence	OK	conservative umbrella terminal; no unsupported leaf claim
後院起火	mother-unmatched	idiom	idiom	agent	fixed-expression;insufficient-leaf-evidence	high	keep_idiom	reviewed; no defensible leaf evidence	OK	conservative umbrella terminal; no unsupported leaf claim
必不可少	mother-unmatched	idiom	idiom	agent	fixed-expression;insufficient-leaf-evidence	high	keep_idiom	reviewed; no defensible leaf evidence	OK	conservative umbrella terminal; no unsupported leaf claim
恍若隔世	mother-unmatched	idiom	chengyu	project-pos-note+agent	existing-reviewed-note;agent-review	high	accept	existing note explicitly identifies chengyu	OK	fixed form plus reviewed definition/derivation evidence
援助之手	mother-unmatched	idiom	idiom	agent	fixed-expression;insufficient-leaf-evidence	high	keep_idiom	reviewed; no defensible leaf evidence	OK	conservative umbrella terminal; no unsupported leaf claim
撒手人寰	mother-unmatched	idiom	chengyu	project-pos-note+agent	existing-reviewed-note;agent-review	high	accept	existing note explicitly identifies chengyu	OK	fixed form plus reviewed definition/derivation evidence
明槍易躲	mother-unmatched	idiom	chengyu	project-pos-note+agent	existing-reviewed-note;agent-review	high	accept	existing note explicitly identifies chengyu	OK	fixed form plus reviewed definition/derivation evidence
時斷時續	mother-unmatched	idiom	idiom	agent	fixed-expression;insufficient-leaf-evidence	high	keep_idiom	reviewed; no defensible leaf evidence	OK	conservative umbrella terminal; no unsupported leaf claim
晃晃悠悠	mother-unmatched	idiom	idiom	agent	fixed-expression;insufficient-leaf-evidence	high	keep_idiom	reviewed; no defensible leaf evidence	OK	conservative umbrella terminal; no unsupported leaf claim
晴空萬裏	mother-unmatched	idiom	idiom	agent	fixed-expression;insufficient-leaf-evidence	high	keep_idiom	reviewed; no defensible leaf evidence	OK	conservative umbrella terminal; no unsupported leaf claim
欲振乏力	mother-unmatched	idiom	idiom	agent	fixed-expression;insufficient-leaf-evidence	high	keep_idiom	reviewed; no defensible leaf evidence	OK	conservative umbrella terminal; no unsupported leaf claim
殺出重圍	mother-unmatched	idiom	idiom	agent	fixed-expression;insufficient-leaf-evidence	high	keep_idiom	reviewed; no defensible leaf evidence	OK	conservative umbrella terminal; no unsupported leaf claim
氣定神閒	mother-unmatched	idiom	idiom	agent	fixed-expression;insufficient-leaf-evidence	high	keep_idiom	reviewed; no defensible leaf evidence	OK	conservative umbrella terminal; no unsupported leaf claim
無仇無怨	mother-unmatched	idiom	idiom	agent	fixed-expression;insufficient-leaf-evidence	high	keep_idiom	reviewed; no defensible leaf evidence	OK	conservative umbrella terminal; no unsupported leaf claim
物我兩忘	mother-unmatched	idiom	idiom	agent	fixed-expression;insufficient-leaf-evidence	high	keep_idiom	reviewed; no defensible leaf evidence	OK	conservative umbrella terminal; no unsupported leaf claim
理虧心虛	mother-unmatched	idiom	idiom	agent	fixed-expression;insufficient-leaf-evidence	high	keep_idiom	reviewed; no defensible leaf evidence	OK	conservative umbrella terminal; no unsupported leaf claim
生不如死	mother-unmatched	idiom	idiom	agent	fixed-expression;insufficient-leaf-evidence	high	keep_idiom	reviewed; no defensible leaf evidence	OK	conservative umbrella terminal; no unsupported leaf claim
男男女女	mother-unmatched	idiom	idiom	agent	fixed-expression;insufficient-leaf-evidence	high	keep_idiom	reviewed; no defensible leaf evidence	OK	conservative umbrella terminal; no unsupported leaf claim
知根知底	mother-unmatched	idiom	idiom	agent	fixed-expression;insufficient-leaf-evidence	high	keep_idiom	reviewed; no defensible leaf evidence	OK	conservative umbrella terminal; no unsupported leaf claim
空手而回	mother-unmatched	idiom	idiom	agent	fixed-expression;insufficient-leaf-evidence	high	keep_idiom	reviewed; no defensible leaf evidence	OK	conservative umbrella terminal; no unsupported leaf claim
絕口不提	mother-unmatched	idiom	chengyu	project-pos-note+agent	existing-reviewed-note;agent-review	high	accept	existing note explicitly identifies chengyu	OK	fixed form plus reviewed definition/derivation evidence
經久不衰	mother-unmatched	idiom	idiom	agent	fixed-expression;insufficient-leaf-evidence	high	keep_idiom	reviewed; no defensible leaf evidence	OK	conservative umbrella terminal; no unsupported leaf claim
老夫老妻	mother-unmatched	idiom	idiom	agent	fixed-expression;insufficient-leaf-evidence	high	keep_idiom	reviewed; no defensible leaf evidence	OK	conservative umbrella terminal; no unsupported leaf claim
老而彌堅	mother-unmatched	idiom	chengyu	project-pos-note+agent	existing-reviewed-note;agent-review	high	accept	existing note explicitly identifies chengyu	OK	fixed form plus reviewed definition/derivation evidence
自動自發	mother-unmatched	idiom	idiom	agent	fixed-expression;insufficient-leaf-evidence	high	keep_idiom	reviewed; no defensible leaf evidence	OK	conservative umbrella terminal; no unsupported leaf claim
自取其辱	mother-unmatched	idiom	idiom	agent	fixed-expression;insufficient-leaf-evidence	high	keep_idiom	reviewed; no defensible leaf evidence	OK	conservative umbrella terminal; no unsupported leaf claim
蓄勢待發	mother-unmatched	idiom	idiom	agent	fixed-expression;insufficient-leaf-evidence	high	keep_idiom	reviewed; no defensible leaf evidence	OK	conservative umbrella terminal; no unsupported leaf claim
視同己出	mother-unmatched	idiom	idiom	agent	fixed-expression;insufficient-leaf-evidence	high	keep_idiom	reviewed; no defensible leaf evidence	OK	conservative umbrella terminal; no unsupported leaf claim
豪情萬丈	mother-unmatched	idiom	idiom	agent	fixed-expression;insufficient-leaf-evidence	high	keep_idiom	reviewed; no defensible leaf evidence	OK	conservative umbrella terminal; no unsupported leaf claim
遠近馳名	mother-unmatched	idiom	idiom	agent	fixed-expression;insufficient-leaf-evidence	high	keep_idiom	reviewed; no defensible leaf evidence	OK	conservative umbrella terminal; no unsupported leaf claim
陰盛陽衰	mother-unmatched	idiom	idiom	agent	fixed-expression;insufficient-leaf-evidence	high	keep_idiom	reviewed; no defensible leaf evidence	OK	conservative umbrella terminal; no unsupported leaf claim
順風順水	mother-unmatched	idiom	idiom	agent	fixed-expression;insufficient-leaf-evidence	high	keep_idiom	reviewed; no defensible leaf evidence	OK	conservative umbrella terminal; no unsupported leaf claim
鬱鬱而終	mother-unmatched	idiom	idiom	agent	fixed-expression;insufficient-leaf-evidence	high	keep_idiom	reviewed; no defensible leaf evidence	OK	conservative umbrella terminal; no unsupported leaf claim
傾盆大雨	project-pos-expansion		chengyu	china-idiom+agent	external-membership;family-unset;rich-record;agent-review	high	accept	family reviewed from definition and derivation	OK	fixed form plus reviewed definition/derivation evidence
優柔寡斷	project-pos-expansion		chengyu	china-idiom+agent	external-membership;family-unset;rich-record;agent-review	high	accept	family reviewed from definition and derivation	OK	fixed form plus reviewed definition/derivation evidence
內外夾攻	project-pos-expansion		chengyu	china-idiom+agent	external-membership;family-unset;rich-record;agent-review	high	accept	family reviewed from definition and derivation	OK	fixed form plus reviewed definition/derivation evidence
出乎意外	project-pos-expansion		chengyu	china-idiom+agent	external-membership;family-unset;rich-record;agent-review	high	accept	family reviewed from definition and derivation	OK	fixed form plus reviewed definition/derivation evidence
切中要害	project-pos-expansion		chengyu	china-idiom+agent	external-membership;family-unset;rich-record;agent-review	high	accept	family reviewed from definition and derivation	OK	fixed form plus reviewed definition/derivation evidence
加減乘除	project-pos-expansion		chengyu	china-idiom+agent	external-membership;family-unset;rich-record;agent-review	high	accept	family reviewed from definition and derivation	OK	fixed form plus reviewed definition/derivation evidence
十字街口	project-pos-expansion		chengyu	china-idiom+agent	external-membership;family-unset;rich-record;agent-review	high	accept	family reviewed from definition and derivation	OK	fixed form plus reviewed definition/derivation evidence
危言聳聽	project-pos-expansion		chengyu	china-idiom+agent	external-membership;family-unset;rich-record;agent-review	high	accept	family reviewed from definition and derivation	OK	fixed form plus reviewed definition/derivation evidence
國計民生	project-pos-expansion		chengyu	china-idiom+agent	external-membership;family-unset;rich-record;agent-review	high	accept	family reviewed from definition and derivation	OK	fixed form plus reviewed definition/derivation evidence
夕陽西下	project-pos-expansion		chengyu	china-idiom+agent	external-membership;family-unset;rich-record;agent-review	high	accept	family reviewed from definition and derivation	OK	fixed form plus reviewed definition/derivation evidence
奄奄一息	project-pos-expansion		chengyu	china-idiom+agent	external-membership;family-unset;rich-record;agent-review	high	accept	family reviewed from definition and derivation	OK	fixed form plus reviewed definition/derivation evidence
奇花異卉	project-pos-expansion		chengyu	china-idiom+agent	external-membership;family-unset;rich-record;agent-review	high	accept	family reviewed from definition and derivation	OK	fixed form plus reviewed definition/derivation evidence
奪門而出	project-pos-expansion		chengyu	china-idiom+agent	external-membership;family-unset;rich-record;agent-review	high	accept	family reviewed from definition and derivation	OK	fixed form plus reviewed definition/derivation evidence
孤兒寡婦	project-pos-expansion		chengyu	china-idiom+agent	external-membership;family-unset;rich-record;agent-review	high	accept	family reviewed from definition and derivation	OK	fixed form plus reviewed definition/derivation evidence
容光煥發	project-pos-expansion		chengyu	china-idiom+agent	external-membership;family-unset;rich-record;agent-review	high	accept	family reviewed from definition and derivation	OK	fixed form plus reviewed definition/derivation evidence
心膽俱裂	project-pos-expansion		chengyu	china-idiom+agent	external-membership;family-unset;rich-record;agent-review	high	accept	family reviewed from definition and derivation	OK	fixed form plus reviewed definition/derivation evidence
成敗得失	project-pos-expansion		chengyu	china-idiom+agent	external-membership;family-unset;rich-record;agent-review	high	accept	family reviewed from definition and derivation	OK	fixed form plus reviewed definition/derivation evidence
打入冷宮	project-pos-expansion		chengyu	china-idiom+agent	external-membership;family-unset;rich-record;agent-review	high	accept	family reviewed from definition and derivation	OK	fixed form plus reviewed definition/derivation evidence
抑鬱寡歡	project-pos-expansion		chengyu	china-idiom+agent	external-membership;family-unset;rich-record;agent-review	high	accept	family reviewed from definition and derivation	OK	fixed form plus reviewed definition/derivation evidence
攻其不備	project-pos-expansion		chengyu	china-idiom+agent	external-membership;family-unset;rich-record;agent-review	high	accept	family reviewed from definition and derivation	OK	fixed form plus reviewed definition/derivation evidence
明升暗降	project-pos-expansion		chengyu	china-idiom+agent	external-membership;family-unset;rich-record;agent-review	high	accept	family reviewed from definition and derivation	OK	fixed form plus reviewed definition/derivation evidence
暮鼓晨鐘	project-pos-expansion		chengyu	china-idiom+agent	external-membership;family-unset;rich-record;agent-review	high	accept	family reviewed from definition and derivation	OK	fixed form plus reviewed definition/derivation evidence
暴虎馮河	project-pos-expansion		chengyu	china-idiom+agent	external-membership;family-unset;rich-record;agent-review	high	accept	family reviewed from definition and derivation	OK	fixed form plus reviewed definition/derivation evidence
渙然冰釋	project-pos-expansion		chengyu	china-idiom+agent	external-membership;family-unset;rich-record;agent-review	high	accept	family reviewed from definition and derivation	OK	fixed form plus reviewed definition/derivation evidence
猶豫不決	project-pos-expansion		chengyu	china-idiom+agent	external-membership;family-unset;rich-record;agent-review	high	accept	family reviewed from definition and derivation	OK	fixed form plus reviewed definition/derivation evidence
略知一二	project-pos-expansion		chengyu	china-idiom+agent	external-membership;family-unset;rich-record;agent-review	high	accept	family reviewed from definition and derivation	OK	fixed form plus reviewed definition/derivation evidence
眼花繚亂	project-pos-expansion		chengyu	china-idiom+agent	external-membership;family-unset;rich-record;agent-review	high	accept	family reviewed from definition and derivation	OK	fixed form plus reviewed definition/derivation evidence
粥少僧多	project-pos-expansion		chengyu	china-idiom+agent	external-membership;family-unset;rich-record;agent-review	high	accept	family reviewed from definition and derivation	OK	fixed form plus reviewed definition/derivation evidence
絢麗多彩	project-pos-expansion		chengyu	china-idiom+agent	external-membership;family-unset;rich-record;agent-review	high	accept	family reviewed from definition and derivation	OK	fixed form plus reviewed definition/derivation evidence
聲名狼藉	project-pos-expansion		chengyu	china-idiom+agent	external-membership;family-unset;rich-record;agent-review	high	accept	family reviewed from definition and derivation	OK	fixed form plus reviewed definition/derivation evidence
親臨其境	project-pos-expansion		chengyu	china-idiom+agent	external-membership;family-unset;rich-record;agent-review	high	accept	family reviewed from definition and derivation	OK	fixed form plus reviewed definition/derivation evidence
通風報信	project-pos-expansion		chengyu	china-idiom+agent	external-membership;family-unset;rich-record;agent-review	high	accept	family reviewed from definition and derivation	OK	fixed form plus reviewed definition/derivation evidence
關門大吉	project-pos-expansion		chengyu	china-idiom+agent	external-membership;family-unset;rich-record;agent-review	high	accept	family reviewed from definition and derivation	OK	fixed form plus reviewed definition/derivation evidence
顏面掃地	project-pos-expansion		chengyu	china-idiom+agent	external-membership;family-unset;rich-record;agent-review	high	accept	family reviewed from definition and derivation	OK	fixed form plus reviewed definition/derivation evidence
高頭大馬	project-pos-expansion		chengyu	china-idiom+agent	external-membership;family-unset;rich-record;agent-review	high	accept	family reviewed from definition and derivation	OK	fixed form plus reviewed definition/derivation evidence
