rank	head	essay_frequency	batch_index
1	我	12831921	1
2	你	7032017	1
3	唔	6114739	1
4	呢	4602584	1
5	都	3753292	1
6	個	3599078	1
7	就	3287801	1
8	啦	2911475	1
9	到	2317932	1
10	呀	2028280	1
11	既	1998113	1
12	又	1370310	1
13	度	1329643	1
14	一	1321901	1
15	住	1273581	1
16	要	1269577	1
17	會	1159055	1
18	的	1107709	1
19	話	1068911	1
20	做	1068377	1
21	啊	970758	1
22	可以	885687	1
23	乜	875008	1
24	食	873763	1
25	自己	868601	1
26	講	853563	1
27	知	828646	1
28	想	822239	1
29	因爲	713185	1
30	之後	702285	1
31	一個	700861	1
32	比	676300	1
33	已經	637057	1
34	見	620417	1
35	好似	600929	1
36	再	590962	1
37	但	556791	1
38	走	552876	1
39	聽	549583	1
40	不過	543799	1
41	叫	531786	1
42	仲	517370	1
43	玩	517370	1
44	而	490407	1
45	哦	487114	1
46	了	485512	1
47	所以	481063	1
48	喂	480529	1
49	幫	479817	1
50	姐姐	475813	1
51	諗	473588	1
52	打	468961	1
53	完	467092	1
54	未	449295	1
55	埋	444845	1
56	著	443600	1
57	其實	428828	1
58	倒	422154	1
59	覺得	398483	1
60	用	389762	1
61	坐	380597	1
62	只	380151	1
63	識	379707	1
64	落	376414	1
65	然後	374724	1
66	如果	370986	1
67	向	353723	1
68	洗	346693	1
69	應該	342510	1
70	事	336281	1
71	時候	331743	1
72	兩	322755	1
73	嘛	322132	1
74	衫	314746	1
75	個人	312967	1
76	拎	308428	1
77	飲	306649	1
78	知道	299085	1
79	點	298017	1
80	可能	297483	1
81	一齊	289563	1
82	亦	281643	1
83	邊	281109	1
84	等	278974	1
85	搞	269007	1
86	被	259308	1
87	擺	257884	1
88	幾	251922	1
89	車	243201	1
90	仔	242489	1
91	在	239196	1
92	驚	235815	1
93	最	231188	1
94	一樣	225759	1
95	雖然	225759	1
96	原來	224247	1
97	阿	219263	1
98	一定	217929	1
99	番	217662	1
100	間	214102	1
101	黎	212500	1
102	就是	211922	1
103	今日	208763	1
104	整	206805	1
105	帶	203335	1
106	時間	203335	1
107	感覺	200576	1
108	說	199774	1
109	聲	198974	1
110	電話	198707	1
111	不	194881	1
112	即刻	193902	1
113	即	191233	1
114	她	190610	1
115	三	190343	1
116	突然	188207	1
117	第一	186961	1
118	大家	186605	1
119	不如	186071	1
120	爲	184291	1
121	時	183046	1
122	條	180821	1
123	跌	180732	1
124	把	179130	1
125	由	177262	1
126	繼續	176016	1
127	思	171655	1
128	最後	171566	1
129	錢	170588	1
130	之前	168007	1
131	架	167384	1
132	爸爸	167295	1
133	都會	166939	1
134	一直	166672	1
135	一陣	162668	1
136	上面	162134	1
137	陣	162134	1
138	駛	161422	1
139	您	159286	1
140	朋友	159108	1
141	成日	158574	1
142	慢慢	156795	1
143	放	153235	1
144	其他	152701	1
145	哂	150654	1
146	問題	150565	1
147	或者	149053	1
148	面	148341	1
149	覺	146739	1
150	終於	146294	1
151	幾多	146205	1
152	嗯	143002	1
153	月	142379	1
154	寫	141845	1
155	令	139442	1
156	字	139175	1
157	一路	138018	1
158	爛	135972	1
159	抹	131166	1
160	咦	129743	1
161	喊	129476	1
162	樣	128764	1
163	完全	127963	1
164	二	127251	1
165	搭	127251	1
166	若	126984	1
167	地方	125827	1
168	哥哥	122446	1
169	年	122446	1
170	咋	121912	1
171	定	121645	1
172	凝	121200	1
173	另	120933	1
174	以爲	119613	1
175	竟然	119064	1
176	耐	118886	1
177	太	117818	1
178	痛	117818	1
179	過去	117818	1
180	就算	117729	1
181	捉	117195	1
182	發現	117106	1
183	世界	116216	1
184	件	114793	1
185	學校	114526	1
186	男人	113814	1
187	當然	113369	1
188	嗎	113013	1
189	媽媽	112746	1
190	心	112212	1
191	跟	112034	1
192	喀	111589	1
193	鬼	110788	1
194	地下	110521	1
195	下面	110254	1
196	中間	109809	1
197	眼	109276	1
198	身	108920	1
199	出去	106339	1
200	出現	106161	1
201	算	106161	1
202	砌	105538	1
203	色	105271	1
204	可	104737	1
205	班	104737	1
206	發生	104470	1
207	拍	104025	1
208	丫	103224	1
209	街	102512	1
210	平時	101979	1
211	所有	101979	1
212	而且	101979	1
213	根本	100555	1
214	書	100021	1
215	也	99843	1
216	五	99665	1
217	以前	99042	1
218	希望	98953	1
219	同學	98330	1
220	畫	97440	1
221	於是	95749	1
222	口	94860	1
223	身邊	94148	1
224	所	93881	1
225	狗	93792	1
226	更	93703	1
227	響	93258	1
228	多謝	92724	1
229	轉	92546	1
230	跑	92368	1
231	於	92012	1
232	全部	90855	1
233	一邊	90410	1
234	房	90232	1
235	唉	89431	1
236	準備	89342	1
237	一刻	88897	1
238	陪	88631	1
239	撞	88542	1
240	記得	88097	1
241	四	88008	1
242	說話	87385	1
243	估	87296	1
244	面前	86406	1
245	起身	86317	1
246	力	85961	1
247	同時	85249	1
248	企	85071	1
249	妹妹	85071	1
250	女人	84982	1
251	戴	84270	1
252	句	84092	1
253	一下	83914	1
254	身體	83024	1
255	道	81690	1
256	黃	81601	1
257	跳	81156	1
258	怕	80711	1
259	十	80444	1
260	需要	80355	1
261	門	79910	1
262	抱	79732	1
263	咬	79554	1
264	請	79020	1
265	似	78931	1
266	成爲	78857	1
267	更加	78664	1
268	決定	77774	1
269	嘞	77685	1
270	打開	76706	1
271	經過	75816	1
272	有時	75193	1
273	當	74927	1
274	讀	74482	1
275	明白	74037	1
276	相	73948	1
277	嘉	73859	1
278	他	73681	1
279	聲音	73681	1
280	殺	73503	1
281	老母	73414	1
282	只有	73058	1
283	停	72435	1
284	摸	71990	1
285	理	71901	1
286	任何	71812	1
287	反應	71812	1
288	學生	71278	1
289	救	71278	1
290	以	71100	1
291	不斷	70922	1
292	情況	70477	1
293	頭髮	70032	1
294	巴士	69498	1
295	究竟	69498	1
296	之	69409	1
297	兜	69320	1
298	作爲	68969	1
299	歲	68964	1
300	隔離	68786	1
301	拖	68430	1
302	關係	68341	1
303	乖	67897	1
304	插	67897	1
305	變	67363	1
306	幾時	65761	1
307	鞋	65761	1
308	吾	65672	1
309	喫	65597	1
310	辦法	65494	1
311	飛	65494	1
312	夠	65316	1
313	男朋友	65316	1
314	越	64871	1
315	門口	64871	1
316	塊	64782	1
317	聽到	64782	1
318	每	64337	1
319	嬲	64248	1
320	揀	64248	1
321	上去	64159	1
322	剪	64159	1
323	約	64159	1
324	之間	64070	1
325	到底	63981	1
326	非常	63892	1
327	攬	63803	1
328	先生	63714	1
329	今晚	63536	1
330	位	63358	1
331	傻	63002	1
332	吧	63002	1
333	生活	62646	1
334	吹	61845	1
335	粒	61845	1
336	着	61756	1
337	後面	61667	1
338	香港	61578	1
339	點頭	61401	1
340	妖	61223	1
341	沒有	61223	1
342	波	61223	1
343	傾	60867	1
344	老師	60511	1
345	頂	60511	1
346	醫生	60422	1
347	香	60422	1
348	生日	60333	1
349	錫	60155	1
350	呃	59977	1
351	陳	59977	1
352	呆	59888	1
353	不停	59710	1
354	雞	59621	1
355	明明	59532	1
356	分鐘	59443	1
357	認爲	59402	1
358	梳	59354	1
359	仍然	59265	1
360	當時	59265	1
361	變成	59087	1
362	只是	58959	1
363	煮	58909	1
364	回應	58820	1
365	只要	58464	1
366	哈	58019	1
367	眼前	58019	1
368	得意	57930	1
369	飯	57663	1
370	便	57307	1
371	連	57307	1
372	凍	57218	1
373	袋	57218	1
374	拜拜	57129	1
375	廁所	57040	1
376	手指	56862	1
377	添	56773	1
378	直接	56684	1
379	六	56595	1
380	女朋友	56328	1
381	同一	56239	1
382	機會	56150	1
383	哥	56061	1
384	爲什麼	55937	1
385	哈哈	55705	1
386	路	55705	1
387	重要	55705	1
388	哇	55438	1
389	肯定	54904	1
390	啖	54815	1
391	刷	54460	1
392	怪	54460	1
393	敢	54460	1
394	然	54371	1
395	小心	54282	1
396	很	54193	1
397	咯	54015	1
398	勤	53926	1
399	杯	53837	1
400	彈	53481	1
401	本身	53481	1
402	公園	53303	1
403	刀	53303	1
404	家	53125	1
405	忍	53036	1
406	怪物	52591	1
407	大概	52502	1
408	辛苦	52502	1
409	味	52324	1
410	九	52235	1
411	歌	52235	1
412	前面	52146	1
413	線	52146	1
414	位置	52057	1
415	部	52057	1
416	比較	51879	1
417	周圍	51612	1
418	擠	51523	1
419	屋	51434	1
420	再次	51345	1
421	公司	51256	1
422	立即	51256	1
423	眼神	51167	1
424	舒服	51167	1
425	翻	51078	1
426	訓	50989	1
427	白色	50722	1
428	擰	50633	1
429	乾淨	50277	1
430	能力	50188	1
431	以後	50010	1
432	閂	50010	1
433	飛機	50010	1
434	褲	49921	1
435	方法	49832	1
436	加上	49565	1
437	第二	49565	1
438	阿媽	49476	1
439	阿妹	49387	1
440	故事	49298	1
441	爲了	49292	1
442	爬	49031	1
443	穿	49031	1
444	對方	48942	1
445	本來	48942	1
446	者	48942	1
447	份	48853	1
448	我們	48764	1
449	嗚	48497	1
450	馬	48408	1
451	扮	48319	1
452	一切	48141	1
453	得到	48141	1
454	難	47963	1
455	至	47697	1
456	試	47697	1
457	好奇	47430	1
458	指	47341	1
459	之外	47252	1
460	執	47252	1
461	表情	47252	1
462	樹	47163	1
463	勁	47074	1
464	級	46985	1
465	結果	46807	1
466	亂	46718	1
467	等等	46718	1
468	掉	46629	1
469	唯有	46273	1
470	婆婆	46273	1
471	恐怖	46184	1
472	奶奶	45828	1
473	紅色	45828	1
474	電視	45828	1
475	果然	45205	1
476	踢	45116	1
477	意思	45027	1
478	哩	44938	1
479	山	44938	1
480	臭	44938	1
481	反而	44849	1
482	中學	44493	1
483	其中	44404	1
484	俊	44048	1
485	方向	43959	1
486	燈	43959	1
487	一早	43870	1
488	從來	43781	1
489	似乎	43158	1
490	看	43158	1
491	卻	42980	1
492	是不是	42945	1
493	大叫	42624	1
494	始終	42446	1
495	踩	42179	1
496	大聲	42090	1
497	遊戲	42090	1
498	火車	42001	1
499	曾經	41823	1
500	種	41823	1
501	裏面	41761	2
502	樓梯	41734	2
503	站	41734	2
504	牙	41645	2
505	永遠	41467	2
506	蚊	41378	2
507	啥	41314	2
508	出面	41289	2
509	解釋	41200	2
510	包	41111	2
511	扯	41022	2
512	甚至	41022	2
513	放學	40845	2
514	屙	40667	2
515	機	40667	2
516	直到	40578	2
517	雪糕	40489	2
518	曬	40400	2
519	秒	40400	2
520	興奮	40400	2
521	鬧	40400	2
522	選擇	40311	2
523	保護	40222	2
524	肉	40222	2
525	手機	40044	2
526	蘋果	39866	2
527	手上	39777	2
528	發出	39777	2
529	個個	39599	2
530	無論	39599	2
531	行爲	39505	2
532	血	39332	2
533	警察	39332	2
534	搽	39243	2
535	筆	39243	2
536	原因	39154	2
537	堂	39154	2
538	呵	38976	2
539	那	38976	2
540	哪裏	38748	2
541	叫做	38709	2
542	玩具	38709	2
543	魚	38709	2
544	拿	38620	2
545	奇怪	38531	2
546	距離	38531	2
547	真的	38505	2
548	改變	38442	2
549	眼淚	38442	2
550	叔叔	38353	2
551	師父	38353	2
552	瑜	38264	2
553	嘴	38175	2
554	掂	38086	2
555	神	38086	2
556	佬	37908	2
557	掛	37908	2
558	流	37908	2
559	留	37819	2
560	差	37641	2
561	自殺	37641	2
562	擒	37552	2
563	甩	37552	2
564	能夠	37552	2
565	八	37463	2
566	熄	37463	2
567	開口	37196	2
568	自然	37107	2
569	尷尬	36840	2
570	半	36751	2
571	總之	36751	2
572	之中	36662	2
573	臉	36662	2
574	並	36395	2
575	譬如	36395	2
576	既然	36306	2
577	處	36306	2
578	即使	36217	2
579	實在	36128	2
580	幫手	36128	2
581	與	36128	2
582	紙	36039	2
583	感	35683	2
584	夜晚	35594	2
585	班長	35505	2
586	糖	35505	2
587	雲	35505	2
588	毒	35416	2
589	盒	35416	2
590	奶	35327	2
591	性	35327	2
592	抽	35327	2
593	穿過	35327	2
594	裙	35327	2
595	政	35149	2
596	好玩	34971	2
597	攻擊	34971	2
598	旅行	34882	2
599	屎	34793	2
600	心情	34615	2
601	由於	34615	2
602	遮	34615	2
603	消失	34526	2
604	賢	34437	2
605	左右	34348	2
606	皓	34259	2
607	口水	34170	2
608	雨	34170	2
609	病	34082	2
610	那裏	34029	2
611	工作	33993	2
612	意	33993	2
613	的士	33993	2
614	第	33993	2
615	旁邊	33904	2
616	啞	33726	2
617	存在	33726	2
618	左邊	33726	2
619	電腦	33726	2
620	七	33637	2
621	分別	33637	2
622	面對	33637	2
623	絕對	33548	2
624	日子	33459	2
625	聯繫	33397	2
626	回憶	33370	2
627	垃圾	33370	2
628	室	33370	2
629	理由	33370	2
630	小姐	33192	2
631	留意	33103	2
632	人類	33014	2
633	讓	33014	2
634	盡	32925	2
635	一手	32836	2
636	咀	32836	2
637	蛋糕	32836	2
638	到時	32747	2
639	太陽	32747	2
640	底	32747	2
641	角	32747	2
642	早餐	32658	2
643	現實	32658	2
644	用力	32658	2
645	像	32569	2
646	最好	32569	2
647	緊要	32480	2
648	馬上	32480	2
649	努力	32391	2
650	十分	32391	2
651	動作	32302	2
652	樓	32302	2
653	返工	32302	2
654	星期	32213	2
655	興趣	32213	2
656	介紹	32124	2
657	麻煩	32124	2
658	的確	32035	2
659	感情	31946	2
660	眼鏡	31857	2
661	喫飯	31690	2
662	愈	31679	2
663	少女	31590	2
664	真正	31590	2
665	魔法	31590	2
666	休息	31501	2
667	可惜	31412	2
668	使	31323	2
669	依然	31323	2
670	的話	31268	2
671	忽然	31234	2
672	段	31234	2
673	照顧	31234	2
674	花	31234	2
675	詩	31234	2
676	代表	31145	2
677	熊	31145	2
678	爆	31056	2
679	精神	31056	2
680	至於	31056	2
681	上次	30967	2
682	原本	30967	2
683	失去	30878	2
684	阿婆	30878	2
685	夢	30700	2
686	環境	30700	2
687	無奈	30611	2
688	身上	30611	2
689	切	30522	2
690	追	30522	2
691	政府	30433	2
692	牆	30344	2
693	之下	30166	2
694	意識	30166	2
695	襪	30077	2
696	打算	29988	2
697	排	29899	2
698	瞬間	29899	2
699	讀書	29899	2
700	影響	29810	2
701	記憶	29810	2
702	分手	29721	2
703	套	29721	2
704	錄	29721	2
705	剛纔	29663	2
706	痕	29632	2
707	腰	29632	2
708	射	29543	2
709	主動	29365	2
710	全身	29365	2
711	型	29365	2
712	微笑	29365	2
713	已	29187	2
714	笑容	29187	2
715	橙	29098	2
716	港	29098	2
717	居然	29009	2
718	洞	29009	2
719	控制	28831	2
720	靚女	28831	2
721	另外	28653	2
722	唯一	28653	2
723	沙漠	28475	2
724	副	28386	2
725	外面	28386	2
726	語氣	28297	2
727	靠	28297	2
728	夾	28119	2
729	醫院	28119	2
730	隊	28119	2
731	書包	28030	2
732	換	27941	2
733	明顯	27941	2
734	正當	27941	2
735	龍	27941	2
736	冷靜	27763	2
737	場	27763	2
738	嘻	27674	2
739	快樂	27674	2
740	樽	27674	2
741	光	27585	2
742	解	27585	2
743	女神	27496	2
744	砰	27496	2
745	禮物	27496	2
746	終點	27496	2
747	茵	27496	2
748	嘗試	27407	2
749	搶	27407	2
750	呼吸	27319	2
751	回	27319	2
752	日本	27319	2
753	窿	27319	2
754	響度	27319	2
755	喲	27230	2
756	校服	27230	2
757	電	27230	2
758	劍	27141	2
759	爹爹	27141	2
760	進入	27141	2
761	大個	27052	2
762	放棄	26963	2
763	有錢	26963	2
764	貼	26785	2
765	樓下	26696	2
766	只不過	26607	2
767	鴨	26607	2
768	出發	26518	2
769	反正	26518	2
770	米	26518	2
771	基本上	26429	2
772	照	26429	2
773	同人	26340	2
774	沙	26340	2
775	溫柔	26340	2
776	右邊	26251	2
777	遇到	26251	2
778	介意	26162	2
779	零	26162	2
780	廚房	26073	2
781	轉頭	26073	2
782	兄弟	25984	2
783	氣	25984	2
784	犀利	25984	2
785	哎	25895	2
786	大哥	25895	2
787	今年	25717	2
788	內心	25717	2
789	哼	25717	2
790	沖涼	25717	2
791	每次	25628	2
792	裝	25628	2
793	校長	25539	2
794	豬	25539	2
795	園	25450	2
796	背	25450	2
797	充滿	25361	2
798	現在	25361	2
799	鐸	25361	2
800	對面	25183	2
801	發	25183	2
802	除了	25136	2
803	串	25094	2
804	左手	25094	2
805	性格	25094	2
806	起碼	25094	2
807	尿	25005	2
808	愛情	25005	2
809	綁	25005	2
810	動物	24916	2
811	應承	24916	2
812	片	24916	2
813	經歷	24916	2
814	凳	24827	2
815	感到	24827	2
816	拆	24827	2
817	綠色	24827	2
818	這個	24827	2
819	借	24738	2
820	剩	24649	2
821	如	24560	2
822	船	24560	2
823	好過	24382	2
824	教授	24382	2
825	後生	24293	2
826	一時	24204	2
827	傷害	24204	2
828	祖先	24026	2
829	金	24026	2
830	傳	23937	2
831	幻想	23937	2
832	梗	23937	2
833	遺書	23937	2
834	完成	23848	2
835	朗	23759	2
836	大約	23670	2
837	一點	23581	2
838	情緒	23581	2
839	派	23581	2
840	要求	23581	2
841	輕輕	23581	2
842	享受	23492	2
843	發覺	23492	2
844	一半	23403	2
845	小朋友	23403	2
846	腦海	23403	2
847	失蹤	23314	2
848	忘記	23314	2
849	故	23314	2
850	習慣	23314	2
851	滿足	23225	2
852	父母	23225	2
853	背後	23225	2
854	解決	23225	2
855	負責	23136	2
856	中心	23047	2
857	叮	23047	2
858	地鐵	23047	2
859	收到	23047	2
860	玻璃	23047	2
861	接近	22958	2
862	槍	22958	2
863	最多	22869	2
864	毛巾	22869	2
865	粉紅	22869	2
866	結婚	22869	2
867	阿爸	22780	2
868	雙眼	22780	2
869	扣	22691	2
870	及	22602	2
871	吸引	22602	2
872	塔	22602	2
873	茶	22602	2
874	手臂	22513	2
875	癡	22512	2
876	一口氣	22424	2
877	對話	22424	2
878	成績	22424	2
879	目光	22424	2
880	阿哥	22424	2
881	大話	22335	2
882	變態	22335	2
883	通常	22335	2
884	鏡	22335	2
885	右手	22246	2
886	同樣	22246	2
887	出口	22157	2
888	今朝	22068	2
889	全	22068	2
890	出來	22068	2
891	期待	22068	2
892	小學	21979	2
893	方面	21979	2
894	處理	21979	2
895	酒	21979	2
896	大力	21890	2
897	窗	21890	2
898	考	21890	2
899	乾	21801	2
900	味道	21801	2
901	背脊	21801	2
902	畫面	21712	2
903	阻止	21712	2
904	豆	21623	2
905	大陸	21534	2
906	棵	21534	2
907	眼睛	21534	2
908	狀態	21445	2
909	有機	21356	2
910	法	21356	2
911	行動	21356	2
912	起來	21356	2
913	速度	21356	2
914	數	21267	2
915	答案	21267	2
916	層	21178	2
917	氣氛	21178	2
918	姨	21089	2
919	某	21089	2
920	自	21089	2
921	震	21089	2
922	搬	21000	2
923	藍色	21000	2
924	話題	21000	2
925	嚇	20911	2
926	大叔	20911	2
927	目標	20911	2
928	蛇	20911	2
929	記住	20911	2
930	回答	20822	2
931	跪	20822	2
932	運動	20822	2
933	地點	20733	2
934	計劃	20733	2
935	靈	20733	2
936	龜	20733	2
937	有種	20644	2
938	朱古力	20644	2
939	煙	20644	2
940	生存	20644	2
941	事實	20555	2
942	互相	20555	2
943	活動	20555	2
944	淫	20555	2
945	逼	20555	2
946	一世	20467	2
947	咳	20467	2
948	有點	20467	2
949	池	20467	2
950	鼻	20467	2
951	溫書	20466	2
952	走廊	20378	2
953	還是	20378	2
954	可是	20289	2
955	好聽	20289	2
956	戲	20289	2
957	武器	20289	2
958	祕密	20279	2
959	後悔	20200	2
960	易	20200	2
961	杞	20200	2
962	才	20111	2
963	扶	20111	2
964	曦	20111	2
965	立刻	20111	2
966	至少	20111	2
967	屬於	20022	2
968	無聊	20022	2
969	酒店	20022	2
970	地圖	19933	2
971	汁	19933	2
972	生命	19933	2
973	計	19933	2
974	這	19933	2
975	服務器	19845	2
976	單車	19844	2
977	妖怪	19844	2
978	汗	19844	2
979	激動	19844	2
980	好好	19833	2
981	慘	19755	2
982	王	19755	2
983	關心	19755	2
984	風	19755	2
985	攪	19666	2
986	最近	19666	2
987	碟	19666	2
988	響起	19666	2
989	事情	19577	2
990	吻	19577	2
991	毫無	19577	2
992	班房	19577	2
993	媽	19488	2
994	刺激	19399	2
995	想像	19399	2
996	揭	19399	2
997	支持	19399	2
998	伸手	19310	2
999	其	19310	2
1000	安慰	19310	2
1001	按	19310	3
1002	自從	19310	3
1003	功課	19221	3
1004	屍體	19132	3
1005	方便	19132	3
1006	皮	19132	3
1007	幾乎	19043	3
1008	林	19043	3
1009	自由	19043	3
1010	茅屋	19043	3
1011	重新	19043	3
1012	家裏	19040	3
1013	他們	18954	3
1014	真心	18954	3
1015	老婆	18954	3
1016	伯伯	18865	3
1017	分開	18865	3
1018	掃	18865	3
1019	再見	18776	3
1020	大大	18776	3
1021	渣	18776	3
1022	聞	18776	3
1023	肚	18776	3
1024	頸	18687	3
1025	店	18598	3
1026	食物	18598	3
1027	或	18509	3
1028	油	18509	3
1029	當初	18509	3
1030	考試	18509	3
1031	蛋	18509	3
1032	要是	18453	3
1033	塞	18420	3
1034	未必	18420	3
1035	各位	18331	3
1036	戰鬥	18331	3
1037	早晨	18331	3
1038	當日	18331	3
1039	高潮	18331	3
1040	房子	18320	3
1041	女性	18242	3
1042	辮	18242	3
1043	願意	18242	3
1044	叉	18153	3
1045	較	18153	3
1046	泳池	18064	3
1047	牛奶	18064	3
1048	秦	18064	3
1049	姊妹	17975	3
1050	老鼠	17975	3
1051	化	17886	3
1052	圈	17886	3
1053	打電話	17886	3
1054	暫時	17886	3
1055	炒	17886	3
1056	羅	17886	3
1057	藥	17886	3
1058	接觸	17797	3
1059	部分	17797	3
1060	嘆	17708	3
1061	嘿	17708	3
1062	將來	17708	3
1063	可憐	17619	3
1064	撲	17619	3
1065	簡直	17619	3
1066	號	17619	3
1067	提	17530	3
1068	聖誕	17530	3
1069	若果	17530	3
1070	阻	17530	3
1071	未來	17441	3
1072	枕頭	17441	3
1073	空間	17441	3
1074	衝	17441	3
1075	首領	17441	3
1076	大門	17352	3
1077	心裏	17286	3
1078	出手	17263	3
1079	團	17263	3
1080	客人	17263	3
1081	放過	17263	3
1082	格	17263	3
1083	理解	17263	3
1084	隔	17263	3
1085	咖啡	17174	3
1086	地面	17174	3
1087	斬	17174	3
1088	禮拜	17174	3
1089	電影	17174	3
1090	含	17085	3
1091	情侶	17085	3
1092	目的	17085	3
1093	顯得	17085	3
1094	老闆	17036	3
1095	後來	16996	3
1096	抄	16996	3
1097	版	16996	3
1098	誤會	16996	3
1099	傑	16907	3
1100	嬸	16907	3
1101	推開	16907	3
1102	整個	16907	3
1103	小丑	16818	3
1104	步	16818	3
1105	同事	16729	3
1106	新聞	16729	3
1107	畢業	16729	3
1108	不安	16640	3
1109	當中	16640	3
1110	蓋	16640	3
1111	靜靜	16640	3
1112	封	16551	3
1113	自信	16551	3
1114	顏色	16551	3
1115	如此	16462	3
1116	擁有	16462	3
1117	日日	16462	3
1118	信心	16373	3
1119	握	16373	3
1120	救命	16373	3
1121	水晶	16373	3
1122	煩	16373	3
1123	示意	16373	3
1124	騎	16373	3
1125	多次	16284	3
1126	對手	16284	3
1127	式	16284	3
1128	海	16284	3
1129	老實	16284	3
1130	肯	16284	3
1131	見面	16284	3
1132	這樣	16284	3
1133	隨時	16284	3
1134	魔王	16284	3
1135	怎麼樣	16225	3
1136	出門	16195	3
1137	刻	16195	3
1138	心口	16195	3
1139	掙扎	16195	3
1140	包括	16106	3
1141	印	16106	3
1142	噢	16106	3
1143	夢想	16106	3
1144	懶	16106	3
1145	考慮	16106	3
1146	聽講	16106	3
1147	上前	16017	3
1148	劉	16017	3
1149	好人	16017	3
1150	左面	16017	3
1151	有關	16017	3
1152	漸漸	16017	3
1153	開門	16017	3
1154	主角	15928	3
1155	反抗	15928	3
1156	將軍	15928	3
1157	棒	15928	3
1158	覆	15928	3
1159	餐	15928	3
1160	交叉	15839	3
1161	房間	15839	3
1162	耳	15839	3
1163	中文	15750	3
1164	冷氣	15750	3
1165	受到	15750	3
1166	只見	15750	3
1167	司機	15750	3
1168	當年	15750	3
1169	胸	15750	3
1170	腳步	15750	3
1171	蝦	15750	3
1172	輪	15661	3
1173	而已	15633	3
1174	好在	15572	3
1175	形容	15572	3
1176	過程	15572	3
1177	好多	15545	3
1178	下來	15483	3
1179	值得	15483	3
1180	湖	15483	3
1181	發展	15483	3
1182	範圍	15483	3
1183	身份	15483	3
1184	毛	15394	3
1185	發佈	15363	3
1186	星星	15305	3
1187	結	15305	3
1188	經驗	15305	3
1189	誰	15305	3
1190	雪	15305	3
1191	臺灣	15274	3
1192	一面	15216	3
1193	戀	15216	3
1194	死人	15216	3
1195	沉默	15216	3
1196	疑惑	15216	3
1197	關於	15216	3
1198	壓力	15127	3
1199	意外	15127	3
1200	技能	15038	3
1201	程度	15038	3
1202	資料	15038	3
1203	一起	14949	3
1204	勇氣	14949	3
1205	微	14949	3
1206	效果	14949	3
1207	表示	14949	3
1208	訓練	14949	3
1209	避開	14949	3
1210	黎明	14949	3
1211	主要	14860	3
1212	凡	14860	3
1213	招	14860	3
1214	生物	14860	3
1215	科技	14860	3
1216	認	14860	3
1217	身材	14860	3
1218	們	14771	3
1219	正式	14771	3
1220	馬戲	14771	3
1221	平臺	14708	3
1222	圖	14682	3
1223	森林	14682	3
1224	女生	14593	3
1225	少年	14593	3
1226	要好	14593	3
1227	護士	14593	3
1228	釣	14593	3
1229	白癡	14531	3
1230	上身	14504	3
1231	大人	14504	3
1232	樂	14504	3
1233	綠	14504	3
1234	餐廳	14504	3
1235	堆	14415	3
1236	腿	14415	3
1237	順便	14415	3
1238	初	14326	3
1239	印象	14326	3
1240	只好	14326	3
1241	回頭	14326	3
1242	捐	14326	3
1243	擘	14326	3
1244	改	14326	3
1245	滑	14326	3
1246	超	14326	3
1247	不可	14237	3
1248	不禁	14237	3
1249	之際	14237	3
1250	圖書館	14237	3
1251	多數	14237	3
1252	好笑	14237	3
1253	而是	14231	3
1254	例如	14148	3
1255	右面	14148	3
1256	太太	14148	3
1257	廟	14148	3
1258	扭	14148	3
1259	找	14148	3
1260	捉住	14148	3
1261	界	14148	3
1262	畢竟	14148	3
1263	籃球	14148	3
1264	葡萄	14148	3
1265	雪櫃	14148	3
1266	偷	14059	3
1267	搖	14059	3
1268	來自	13976	3
1269	地球	13970	3
1270	座	13970	3
1271	強姦	13970	3
1272	石頭	13970	3
1273	養	13970	3
1274	馬路	13970	3
1275	擋	13881	3
1276	放開	13881	3
1277	粥	13881	3
1278	總	13881	3
1279	何況	13792	3
1280	啜	13792	3
1281	狂	13792	3
1282	使用	13703	3
1283	直至	13703	3
1284	碼頭	13703	3
1285	韻	13703	3
1286	思考	13615	3
1287	認得	13615	3
1288	醉	13615	3
1289	觀衆	13551	3
1290	交換	13526	3
1291	宅	13526	3
1292	條件	13526	3
1293	湯	13526	3
1294	皮膚	13526	3
1295	研究	13526	3
1296	聯絡	13526	3
1297	腦	13526	3
1298	其它	13451	3
1299	好感	13437	3
1300	西裝	13437	3
1301	請問	13437	3
1302	代碼	13418	3
1303	丸	13348	3
1304	任務	13348	3
1305	專心	13348	3
1306	注意	13348	3
1307	年紀	13259	3
1308	恐懼	13259	3
1309	情	13259	3
1310	會話	13259	3
1311	柒	13259	3
1312	鋪	13259	3
1313	隨即	13259	3
1314	什麼	13170	3
1315	傷口	13170	3
1316	劈	13170	3
1317	捱	13170	3
1318	消息	13170	3
1319	相處	13170	3
1320	自覺	13170	3
1321	表現	13170	3
1322	道歉	13170	3
1323	道理	13170	3
1324	遲到	13170	3
1325	劫	13081	3
1326	揮手	13081	3
1327	枉	13081	3
1328	樹林	13081	3
1329	滴	13081	3
1330	無數	13081	3
1331	燒	13081	3
1332	破壞	13081	3
1333	補習	13081	3
1334	餅	13081	3
1335	農民	13047	3
1336	尤其	12992	3
1337	拳頭	12992	3
1338	掣	12992	3
1339	星期六	12992	3
1340	服務	12992	3
1341	款	12992	3
1342	石	12992	3
1343	要點	12992	3
1344	爲止	12971	3
1345	參加	12903	3
1346	外國	12903	3
1347	巴	12903	3
1348	幼稚園	12903	3
1349	撳	12903	3
1350	放鬆	12903	3
1351	敏感	12903	3
1352	答應	12903	3
1353	老公	12903	3
1354	衝動	12903	3
1355	長老	12903	3
1356	身爲	12820	3
1357	原諒	12814	3
1358	引	12814	3
1359	調查	12814	3
1360	就要	12780	3
1361	出名	12725	3
1362	喝	12725	3
1363	家人	12725	3
1364	次次	12725	3
1365	牛	12725	3
1366	藍	12725	3
1367	域名	12679	3
1368	入口	12636	3
1369	吱	12636	3
1370	幾年	12636	3
1371	廢	12636	3
1372	態度	12636	3
1373	此時	12636	3
1374	球場	12636	3
1375	禮貌	12636	3
1376	英雄	12636	3
1377	證明	12636	3
1378	車站	12636	3
1379	啓動	12615	3
1380	呻吟	12547	3
1381	國	12547	3
1382	超人	12547	3
1383	遞	12547	3
1384	爲主	12488	3
1385	價值	12458	3
1386	月亮	12458	3
1387	溝通	12458	3
1388	角度	12458	3
1389	迷宮	12458	3
1390	進行	12458	3
1391	青蛙	12458	3
1392	領	12458	3
1393	利用	12369	3
1394	嘿嘿	12369	3
1395	瘋	12369	3
1396	禮堂	12369	3
1397	科	12369	3
1398	趁	12369	3
1399	難得	12369	3
1400	之上	12280	3
1401	估計	12280	3
1402	傷	12280	3
1403	內容	12280	3
1404	加入	12280	3
1405	勉強	12280	3
1406	客氣	12280	3
1407	露出	12280	3
1408	消費者	12260	3
1409	保持	12191	3
1410	國家	12191	3
1411	寶	12191	3
1412	心跳	12191	3
1413	有心	12191	3
1414	身影	12191	3
1415	配合	12191	3
1416	馬甲	12104	3
1417	不能	12102	3
1418	不要	12102	3
1419	卡	12102	3
1420	女孩	12102	3
1421	牙刷	12102	3
1422	體驗	12102	3
1423	要不	12039	3
1424	中意	12013	3
1425	做人	12013	3
1426	自我	12013	3
1427	資格	12013	3
1428	體	12013	3
1429	之一	11924	3
1430	大廈	11924	3
1431	幅	11924	3
1432	意義	11924	3
1433	提議	11924	3
1434	灰	11924	3
1435	薯條	11924	3
1436	透過	11924	3
1437	乖乖	11835	3
1438	值	11835	3
1439	同班	11835	3
1440	商場	11835	3
1441	小雪	11835	3
1442	心理	11835	3
1443	微微	11746	3
1444	方式	11746	3
1445	無意	11746	3
1446	瘋狂	11746	3
1447	百	11746	3
1448	精靈	11746	3
1449	解開	11746	3
1450	討論	11746	3
1451	陽光	11746	3
1452	再說	11681	3
1453	喔	11657	3
1454	報紙	11657	3
1455	工廠	11657	3
1456	撐	11657	3
1457	木	11657	3
1458	灣	11657	3
1459	爸	11657	3
1460	表白	11657	3
1461	閃	11657	3
1462	南京	11577	3
1463	好話	11568	3
1464	暑假	11568	3
1465	比起	11568	3
1466	白兔	11568	3
1467	眯	11568	3
1468	篤	11568	3
1469	總算	11568	3
1470	噗	11479	3
1471	好像	11479	3
1472	明知	11479	3
1473	此刻	11479	3
1474	空	11479	3
1475	一時間	11390	3
1476	家庭	11390	3
1477	必須	11390	3
1478	檢查	11390	3
1479	集中	11390	3
1480	尖叫	11301	3
1481	擦	11301	3
1482	千秋	11212	3
1483	受傷	11212	3
1484	城市	11212	3
1485	報警	11212	3
1486	扔	11212	3
1487	抖	11212	3
1488	比賽	11212	3
1489	蟲	11212	3
1490	越來越	11148	3
1491	吸	11123	3
1492	基本	11123	3
1493	娃娃	11123	3
1494	張開	11123	3
1495	樣子	11123	3
1496	測試	11123	3
1497	爽	11123	3
1498	趕	11123	3
1499	隊長	11123	3
1500	咱們	11055	3
1501	一生	11034	4
1502	不同	11034	4
1503	以上	11034	4
1504	壓	11034	4
1505	洲	11034	4
1506	相當	11034	4
1507	確實	11034	4
1508	練	11034	4
1509	臨	11034	4
1510	華	11034	4
1511	觀察	11034	4
1512	錄音	11034	4
1513	乳頭	10945	4
1514	出奇	10945	4
1515	單位	10945	4
1516	待續	10945	4
1517	悶	10945	4
1518	正在	10945	4
1519	爭	10945	4
1520	節目	10945	4
1521	維持	10945	4
1522	踹	10945	4
1523	陰間	10945	4
1524	下午	10856	4
1525	作出	10856	4
1526	報	10856	4
1527	感動	10856	4
1528	拗	10856	4
1529	睬	10856	4
1530	自動	10856	4
1531	遺憾	10856	4
1532	金字塔	10856	4
1533	不了	10841	4
1534	之類	10767	4
1535	偷偷	10767	4
1536	堅持	10767	4
1537	峻	10767	4
1538	戒指	10767	4
1539	最終	10767	4
1540	歷史	10767	4
1541	碰	10767	4
1542	等待	10767	4
1543	銀	10767	4
1544	成都	10700	4
1545	任	10678	4
1546	低頭	10678	4
1547	傳出	10678	4
1548	先知	10678	4
1549	剝	10678	4
1550	守護	10678	4
1551	安排	10678	4
1552	成熟	10678	4
1553	手掌	10678	4
1554	新年	10678	4
1555	空氣	10678	4
1556	舐	10678	4
1557	開學	10678	4
1558	傳來	10589	4
1559	到達	10589	4
1560	承諾	10589	4
1561	橙色	10589	4
1562	滿	10589	4
1563	移動	10589	4
1564	起點	10589	4
1565	順利	10589	4
1566	願望	10589	4
1567	底下	10500	4
1568	摟	10500	4
1569	敵人	10500	4
1570	眼見	10500	4
1571	磅	10500	4
1572	適合	10500	4
1573	鈴	10500	4
1574	骷髏	10500	4
1575	及其	10438	4
1576	下身	10411	4
1577	意見	10411	4
1578	拉開	10411	4
1579	星	10411	4
1580	書生	10411	4
1581	有意	10411	4
1582	校	10411	4
1583	根據	10411	4
1584	生意	10411	4
1585	白白	10411	4
1586	職員	10411	4
1587	蔣	10411	4
1588	足夠	10411	4
1589	電視機	10411	4
1590	共	10322	4
1591	原	10322	4
1592	滑雪	10322	4
1593	純	10322	4
1594	萍	10322	4
1595	賺	10322	4
1596	魔力	10322	4
1597	作	10233	4
1598	各自	10233	4
1599	屁股	10233	4
1600	相反	10233	4
1601	碎	10233	4
1602	組織	10233	4
1603	菜	10233	4
1604	萬	10233	4
1605	藥水	10233	4
1606	衣	10233	4
1607	人家	10144	4
1608	命	10144	4
1609	啤酒	10144	4
1610	嘔	10144	4
1611	忽	10144	4
1612	文字	10144	4
1613	聖賢	10144	4
1614	一下子	10055	4
1615	下去	10055	4
1616	口氣	10055	4
1617	希	10055	4
1618	戰士	10055	4
1619	期間	10055	4
1620	深深	10055	4
1621	真實	10055	4
1622	簿	10055	4
1623	鎖	10055	4
1624	偏偏	9966	4
1625	分享	9966	4
1626	可樂	9966	4
1627	弟弟	9966	4
1628	時空	9966	4
1629	有用	9966	4
1630	號碼	9966	4
1631	責任	9966	4
1632	途中	9966	4
1633	從而	9930	4
1634	事件	9877	4
1635	力量	9877	4
1636	多少	9877	4
1637	手下	9877	4
1638	技術	9877	4
1639	插入	9877	4
1640	煲	9877	4
1641	脾氣	9877	4
1642	過來	9877	4
1643	那個	9877	4
1644	爲何	9825	4
1645	心態	9788	4
1646	搓	9788	4
1647	死亡	9788	4
1648	無比	9788	4
1649	積木	9788	4
1650	顯示	9788	4
1651	餓	9788	4
1652	用於	9732	4
1653	稱爲	9728	4
1654	應當	9711	4
1655	命運	9699	4
1656	如何	9699	4
1657	尖	9699	4
1658	指示	9699	4
1659	澄	9699	4
1660	走過	9699	4
1661	開頭	9699	4
1662	來到	9694	4
1663	一方面	9610	4
1664	一道	9610	4
1665	北方	9610	4
1666	天氣	9610	4
1667	強烈	9610	4
1668	心中	9610	4
1669	抓	9610	4
1670	淚	9610	4
1671	親人	9610	4
1672	講話	9610	4
1673	透明	9610	4
1674	大部分	9555	4
1675	不知不覺	9521	4
1676	加快	9521	4
1677	擁	9521	4
1678	斜	9521	4
1679	殭屍	9521	4
1680	泳衣	9521	4
1681	燕	9521	4
1682	牌	9521	4
1683	費事	9521	4
1684	隱約	9521	4
1685	類似	9521	4
1686	鳳	9521	4
1687	不好意思	9506	4
1688	重慶	9481	4
1689	內存	9460	4
1690	見到	9440	4
1691	唧	9432	4
1692	家長	9432	4
1693	小弟	9432	4
1694	會考	9432	4
1695	洗手間	9432	4
1696	琪	9432	4
1697	舉起	9432	4
1698	硬盤	9393	4
1699	筆記本	9370	4
1700	今天	9343	4
1701	命令	9343	4
1702	基	9343	4
1703	精	9343	4
1704	魂	9343	4
1705	下體	9254	4
1706	制	9254	4
1707	區	9254	4
1708	嘟	9254	4
1709	彎	9254	4
1710	得罪	9254	4
1711	扁	9254	4
1712	招呼	9254	4
1713	浮現	9254	4
1714	鐵	9254	4
1715	更是	9173	4
1716	人工	9165	4
1717	內疚	9165	4
1718	初戀	9165	4
1719	回到	9165	4
1720	完結	9165	4
1721	對象	9165	4
1722	珍惜	9165	4
1723	現場	9165	4
1724	窗口	9165	4
1725	純粹	9165	4
1726	經常	9165	4
1727	莊	9165	4
1728	誇張	9165	4
1729	羣衆	9122	4
1730	付出	9076	4
1731	大腦	9076	4
1732	天地	9076	4
1733	彭	9076	4
1734	心靈	9076	4
1735	憑	9076	4
1736	撫摸	9076	4
1737	日後	9076	4
1738	淋	9076	4
1739	無力	9076	4
1740	真相	9076	4
1741	結局	9076	4
1742	這時	9076	4
1743	鑽	9076	4
1744	靠近	9076	4
1745	投資者	9071	4
1746	倒是	9034	4
1747	容	8987	4
1748	寧願	8987	4
1749	想法	8987	4
1750	撩	8987	4
1751	放工	8987	4
1752	時光	8987	4
1753	暴力	8987	4
1754	股	8987	4
1755	虐待	8987	4
1756	這麼	8987	4
1757	靈魂	8987	4
1758	魔鬼	8987	4
1759	美元	8967	4
1760	人間	8898	4
1761	出事	8898	4
1762	地盤	8898	4
1763	天空	8898	4
1764	心臟	8898	4
1765	按摩	8898	4
1766	查	8898	4
1767	滑梯	8898	4
1768	蝴蝶	8898	4
1769	通知	8898	4
1770	區別	8849	4
1771	有時候	8840	4
1772	外表	8809	4
1773	收工	8809	4
1774	月光	8809	4
1775	然而	8809	4
1776	精液	8809	4
1777	過後	8809	4
1778	額頭	8809	4
1779	風車	8809	4
1780	齊	8809	4
1781	好看	8784	4
1782	一向	8720	4
1783	交代	8720	4
1784	但是	8720	4
1785	圍	8720	4
1786	報仇	8720	4
1787	平衡	8720	4
1788	廢話	8720	4
1789	快速	8720	4
1790	探	8720	4
1791	檸檬	8720	4
1792	泥	8720	4
1793	無法	8720	4
1794	獅子	8720	4
1795	造成	8720	4
1796	預備	8720	4
1797	武漢	8636	4
1798	衆人	8635	4
1799	傳說	8631	4
1800	加油	8631	4
1801	安心	8631	4
1802	抵	8631	4
1803	樹葉	8631	4
1804	甚麼	8631	4
1805	笪	8631	4
1806	衣櫃	8631	4
1807	表達	8631	4
1808	難以	8631	4
1809	縣	8575	4
1810	上車	8542	4
1811	之內	8542	4
1812	好意	8542	4
1813	學識	8542	4
1814	對付	8542	4
1815	廳	8542	4
1816	窮	8542	4
1817	紫色	8542	4
1818	肌肉	8542	4
1819	視覺	8542	4
1820	逃走	8542	4
1821	重點	8542	4
1822	高手	8542	4
1823	編輯	8463	4
1824	假設	8453	4
1825	增加	8453	4
1826	工人	8453	4
1827	慶祝	8453	4
1828	懂	8453	4
1829	戲院	8453	4
1830	會長	8453	4
1831	歡樂	8453	4
1832	男性	8453	4
1833	皺	8453	4
1834	確定	8453	4
1835	經濟	8453	4
1836	部落	8453	4
1837	黏	8453	4
1838	鼻涕	8453	4
1839	不滿	8364	4
1840	前進	8364	4
1841	堅	8364	4
1842	大量	8364	4
1843	天光	8364	4
1844	姑娘	8364	4
1845	廣場	8364	4
1846	心意	8364	4
1847	承受	8364	4
1848	箭	8364	4
1849	行李	8364	4
1850	退後	8364	4
1851	那麼	8364	4
1852	鬆開	8364	4
1853	衆多	8344	4
1854	上漲	8324	4
1855	一塊	8275	4
1856	布	8275	4
1857	平日	8275	4
1858	怎麼	8275	4
1859	手術	8275	4
1860	旗	8275	4
1861	正面	8275	4
1862	苦笑	8275	4
1863	蘭	8275	4
1864	在家	8244	4
1865	天津	8198	4
1866	內褲	8186	4
1867	哄	8186	4
1868	大堂	8186	4
1869	天真	8186	4
1870	威	8186	4
1871	提醒	8186	4
1872	星期日	8186	4
1873	本人	8186	4
1874	歡迎	8186	4
1875	盡頭	8186	4
1876	進步	8186	4
1877	體力	8186	4
1878	幹嗎	8177	4
1879	公平	8097	4
1880	嗲	8097	4
1881	嘴角	8097	4
1882	士兵	8097	4
1883	客	8097	4
1884	復	8097	4
1885	快感	8097	4
1886	成長	8097	4
1887	拳	8097	4
1888	揮	8097	4
1889	欲	8097	4
1890	洗衣機	8097	4
1891	爆炸	8097	4
1892	眼中	8097	4
1893	練習	8097	4
1894	羞	8097	4
1895	舅父	8097	4
1896	葉	8097	4
1897	超級	8097	4
1898	基於	8096	4
1899	負責人	8086	4
1900	電信	8043	4
1901	年代	8008	4
1902	日文	8008	4
1903	箱	8008	4
1904	腳趾	8008	4
1905	足足	8008	4
1906	追問	8008	4
1907	追求	8008	4
1908	拿到	7985	4
1909	目錄	7939	4
1910	事實上	7919	4
1911	人士	7919	4
1912	凌晨	7919	4
1913	實驗	7919	4
1914	打招呼	7919	4
1915	拯救	7919	4
1916	斟	7919	4
1917	東西	7919	4
1918	正確	7919	4
1919	聯	7919	4
1920	舔	7919	4
1921	風景	7919	4
1922	參數	7851	4
1923	刻意	7830	4
1924	好幾	7830	4
1925	崩潰	7830	4
1926	恥笑	7830	4
1927	想起	7830	4
1928	料	7830	4
1929	旁	7830	4
1930	時期	7830	4
1931	無限	7830	4
1932	移	7830	4
1933	笑聲	7830	4
1934	粉	7830	4
1935	背囊	7830	4
1936	自言自語	7830	4
1937	長大	7830	4
1938	合理	7741	4
1939	回想	7741	4
1940	坦白	7741	4
1941	引起	7741	4
1942	手腳	7741	4
1943	提起	7741	4
1944	數字	7741	4
1945	混亂	7741	4
1946	爺爺	7741	4
1947	狐狸	7741	4
1948	痛楚	7741	4
1949	聰明	7741	4
1950	處於	7741	4
1951	邋遢	7741	4
1952	除非	7741	4
1953	曉得	7740	4
1954	公衆	7690	4
1955	不得	7652	4
1956	可怕	7652	4
1957	喉嚨	7652	4
1958	回覆	7652	4
1959	婚	7652	4
1960	情人	7652	4
1961	慣	7652	4
1962	打斷	7652	4
1963	浪費	7652	4
1964	消防車	7652	4
1965	產生	7652	4
1966	纜車	7652	4
1967	賴	7652	4
1968	隨	7652	4
1969	世	7563	4
1970	依舊	7563	4
1971	大戰	7563	4
1972	廣告	7563	4
1973	彼此	7563	4
1974	必要	7563	4
1975	數學	7563	4
1976	湊	7563	4
1977	炸	7563	4
1978	無視	7563	4
1979	爪	7563	4
1980	男子	7563	4
1981	短短	7563	4
1982	破	7563	4
1983	透	7563	4
1984	陰道	7563	4
1985	電梯	7563	4
1986	青春	7563	4
1987	項	7563	4
1988	飲酒	7563	4
1989	各	7474	4
1990	姓	7474	4
1991	幫助	7474	4
1992	後果	7474	4
1993	房門	7474	4
1994	手勢	7474	4
1995	星期五	7474	4
1996	瀑布	7474	4
1997	確認	7474	4
1998	聲響	7474	4
1999	背心	7474	4
2000	襯	7474	4
2001	青	7474	5
2002	有所	7405	5
2003	事發	7385	5
2004	全力	7385	5
2005	出世	7385	5
2006	千	7385	5
2007	唱歌	7385	5
2008	因此	7385	5
2009	圓形	7385	5
2010	它	7385	5
2011	惦	7385	5
2012	拜	7385	5
2013	星期一	7385	5
2014	極度	7385	5
2015	概念	7385	5
2016	淚水	7385	5
2017	激	7385	5
2018	熱情	7385	5
2019	空姐	7385	5
2020	繞	7385	5
2021	耶穌	7385	5
2022	花園	7385	5
2023	藉口	7385	5
2024	街上	7385	5
2025	踏	7385	5
2026	霸氣	7385	5
2027	時尚	7376	5
2028	轉載	7376	5
2029	檢測	7356	5
2030	一番	7296	5
2031	公公	7296	5
2032	包圍	7296	5
2033	嘭	7296	5
2034	寄	7296	5
2035	市場	7296	5
2036	心痛	7296	5
2037	愁	7296	5
2038	撈	7296	5
2039	敲	7296	5
2040	族	7296	5
2041	準時	7296	5
2042	漏	7296	5
2043	絕望	7296	5
2044	視	7296	5
2045	人民幣	7248	5
2046	乎	7207	5
2047	半年	7207	5
2048	只能	7207	5
2049	員	7207	5
2050	單身	7207	5
2051	心急	7207	5
2052	心機	7207	5
2053	怒	7207	5
2054	扭曲	7207	5
2055	殺氣	7207	5
2056	浸	7207	5
2057	漢堡包	7207	5
2058	燈光	7207	5
2059	男女	7207	5
2060	美好	7207	5
2061	能量	7207	5
2062	舅母	7207	5
2063	規則	7207	5
2064	農莊	7207	5
2065	鍾	7207	5
2066	不對	7169	5
2067	爲啥	7169	5
2068	一些	7118	5
2069	不是	7118	5
2070	中年	7118	5
2071	伯	7118	5
2072	加速	7118	5
2073	古怪	7118	5
2074	四周	7118	5
2075	弄	7118	5
2076	愈來愈	7118	5
2077	成年	7118	5
2078	柔軟	7118	5
2079	正如	7118	5
2080	犯	7118	5
2081	癲	7118	5
2082	直覺	7118	5
2083	相比	7118	5
2084	等於	7118	5
2085	聽話	7118	5
2086	蠟燭	7118	5
2087	語言	7118	5
2088	趴	7118	5
2089	鏡頭	7118	5
2090	麻	7118	5
2091	對不起	7082	5
2092	房價	7079	5
2093	大衆	7062	5
2094	報價	7037	5
2095	信任	7029	5
2096	兩邊	7029	5
2097	地址	7029	5
2098	提出	7029	5
2099	景點	7029	5
2100	泡	7029	5
2101	浴室	7029	5
2102	漆黑	7029	5
2103	瑞	7029	5
2104	私人	7029	5
2105	空白	7029	5
2106	總會	7029	5
2107	繩	7029	5
2108	老虎	7029	5
2109	舉	7029	5
2110	落地	7029	5
2111	早點	6992	5
2112	完了	6986	5
2113	上天	6940	5
2114	上年	6940	5
2115	下巴	6940	5
2116	並且	6940	5
2117	勾	6940	5
2118	單純	6940	5
2119	投入	6940	5
2120	放手	6940	5
2121	教堂	6940	5
2122	時代	6940	5
2123	暈	6940	5
2124	機械	6940	5
2125	檔	6940	5
2126	櫃	6940	5
2127	片段	6940	5
2128	理性	6940	5
2129	稍	6940	5
2130	見識	6940	5
2131	雷	6940	5
2132	界面	6859	5
2133	到手	6851	5
2134	在意	6851	5
2135	地步	6851	5
2136	場面	6851	5
2137	夢境	6851	5
2138	投訴	6851	5
2139	掌	6851	5
2140	爆發	6851	5
2141	爽身粉	6851	5
2142	男生	6851	5
2143	神情	6851	5
2144	肚臍	6851	5
2145	蠢	6851	5
2146	補充	6851	5
2147	語	6851	5
2148	鐘頭	6851	5
2149	創建	6849	5
2150	怎麼辦	6839	5
2151	四川	6837	5
2152	女孩子	6814	5
2153	快遞	6768	5
2154	下意識	6763	5
2155	司馬	6763	5
2156	國旗	6763	5
2157	地獄	6763	5
2158	天生	6763	5
2159	宇宙	6763	5
2160	憤怒	6763	5
2161	正經	6763	5
2162	氣息	6763	5
2163	矛盾	6763	5
2164	經理	6763	5
2165	背景	6763	5
2166	膠	6763	5
2167	自慰	6763	5
2168	製造	6763	5
2169	驚喜	6763	5
2170	鼓勵	6763	5
2171	浙江	6760	5
2172	小區	6718	5
2173	無所謂	6710	5
2174	人員	6674	5
2175	人物	6674	5
2176	光頭	6674	5
2177	召喚	6674	5
2178	合作	6674	5
2179	囡	6674	5
2180	師傅	6674	5
2181	思想	6674	5
2182	挨	6674	5
2183	損	6674	5
2184	水平	6674	5
2185	海洋	6674	5
2186	燈塔	6674	5
2187	疊	6674	5
2188	符	6674	5
2189	聖誕節	6674	5
2190	觀	6674	5
2191	迫	6674	5
2192	銅	6674	5
2193	默默	6674	5
2194	算是	6643	5
2195	優化	6628	5
2196	所在	6611	5
2197	一身	6585	5
2198	午餐	6585	5
2199	地道	6585	5
2200	形象	6585	5
2201	愕然	6585	5
2202	憂	6585	5
2203	故意	6585	5
2204	新鮮	6585	5
2205	晚上	6585	5
2206	有限	6585	5
2207	期	6585	5
2208	沙田	6585	5
2209	澤	6585	5
2210	煎	6585	5
2211	熊貓	6585	5
2212	理會	6585	5
2213	看來	6585	5
2214	砍	6585	5
2215	草	6585	5
2216	術	6585	5
2217	衝擊	6585	5
2218	設計	6585	5
2219	走開	6585	5
2220	下週	6579	5
2221	付款	6563	5
2222	營銷	6542	5
2223	以外	6496	5
2224	制服	6496	5
2225	剛好	6496	5
2226	厲害	6496	5
2227	只得	6496	5
2228	吼	6496	5
2229	女僕	6496	5
2230	專業	6496	5
2231	星球	6496	5
2232	棍	6496	5
2233	橋	6496	5
2234	球	6496	5
2235	疑問	6496	5
2236	舉動	6496	5
2237	說服	6496	5
2238	車頭	6496	5
2239	道門	6496	5
2240	限制	6496	5
2241	什麼樣	6422	5
2242	不時	6407	5
2243	以往	6407	5
2244	到會	6407	5
2245	前後	6407	5
2246	半空	6407	5
2247	即時	6407	5
2248	器	6407	5
2249	在場	6407	5
2250	小說	6407	5
2251	年齡	6407	5
2252	念頭	6407	5
2253	打破	6407	5
2254	挑	6407	5
2255	教育	6407	5
2256	理論	6407	5
2257	系統	6407	5
2258	絲	6407	5
2259	英國	6407	5
2260	草地	6407	5
2261	表演	6407	5
2262	親戚	6407	5
2263	躺	6407	5
2264	重視	6407	5
2265	隧道	6407	5
2266	雪條	6407	5
2267	預告	6407	5
2268	額	6407	5
2269	要麼	6388	5
2270	看起來	6351	5
2271	跟着	6339	5
2272	咱	6321	5
2273	社會主義	6320	5
2274	下手	6318	5
2275	佔	6318	5
2276	假期	6318	5
2277	吳	6318	5
2278	喘氣	6318	5
2279	地標	6318	5
2280	好比	6318	5
2281	建議	6318	5
2282	恢復	6318	5
2283	持續	6318	5
2284	提供	6318	5
2285	淨	6318	5
2286	湧	6318	5
2287	煩惱	6318	5
2288	獸	6318	5
2289	相似	6318	5
2290	突	6318	5
2291	罵	6318	5
2292	自私	6318	5
2293	良	6318	5
2294	血液	6318	5
2295	該	6318	5
2296	詳細	6318	5
2297	誠	6318	5
2298	貞	6318	5
2299	過人	6318	5
2300	高人	6318	5
2301	高大	6318	5
2302	監督	6300	5
2303	沒關係	6276	5
2304	其餘	6229	5
2305	冰	6229	5
2306	剛剛	6229	5
2307	叔	6229	5
2308	品	6229	5
2309	圖案	6229	5
2310	平安	6229	5
2311	收拾	6229	5
2312	晏	6229	5
2313	濫	6229	5
2314	盡力	6229	5
2315	看見	6229	5
2316	磨	6229	5
2317	緊緊	6229	5
2318	線索	6229	5
2319	舌頭	6229	5
2320	虛線	6229	5
2321	賭	6229	5
2322	足球	6229	5
2323	跑步	6229	5
2324	鑊	6229	5
2325	頓時	6229	5
2326	體育	6229	5
2327	早就	6213	5
2328	一會兒	6205	5
2329	似的	6159	5
2330	停車場	6140	5
2331	價錢	6140	5
2332	出自	6140	5
2333	出賣	6140	5
2334	叢林	6140	5
2335	口罩	6140	5
2336	噴	6140	5
2337	外套	6140	5
2338	威脅	6140	5
2339	屍	6140	5
2340	情感	6140	5
2341	打扮	6140	5
2342	操場	6140	5
2343	決心	6140	5
2344	眼角	6140	5
2345	穎	6140	5
2346	系	6140	5
2347	組	6140	5
2348	義工	6140	5
2349	職業	6140	5
2350	茹	6140	5
2351	超市	6140	5
2352	錄音機	6140	5
2353	震動	6140	5
2354	預	6140	5
2355	人爲	6059	5
2356	上下	6051	5
2357	久	6051	5
2358	侯	6051	5
2359	倆	6051	5
2360	兇手	6051	5
2361	冷笑	6051	5
2362	回來	6051	5
2363	多事	6051	5
2364	女友	6051	5
2365	她們	6051	5
2366	密碼	6051	5
2367	情節	6051	5
2368	技巧	6051	5
2369	拋	6051	5
2370	排隊	6051	5
2371	揪	6051	5
2372	曾	6051	5
2373	校園	6051	5
2374	煮飯	6051	5
2375	神仙	6051	5
2376	罐	6051	5
2377	翹	6051	5
2378	脾	6051	5
2379	衣服	6051	5
2380	迷	6051	5
2381	避	6051	5
2382	頹	6051	5
2383	函數	5992	5
2384	西安	5992	5
2385	不及	5962	5
2386	主任	5962	5
2387	事後	5962	5
2388	創造	5962	5
2389	即將	5962	5
2390	合格	5962	5
2391	周	5962	5
2392	大半	5962	5
2393	姿勢	5962	5
2394	娟	5962	5
2395	實現	5962	5
2396	往往	5962	5
2397	成員	5962	5
2398	改造	5962	5
2399	極	5962	5
2400	直線	5962	5
2401	眼光	5962	5
2402	眼色	5962	5
2403	肺	5962	5
2404	裏邊	5962	5
2405	認同	5962	5
2406	電子	5962	5
2407	願	5962	5
2408	類	5962	5
2409	人性	5873	5
2410	勸	5873	5
2411	危機	5873	5
2412	塵	5873	5
2413	大廳	5873	5
2414	大膽	5873	5
2415	形成	5873	5
2416	後退	5873	5
2417	復活	5873	5
2418	悠悠	5873	5
2419	情景	5873	5
2420	拜託	5873	5
2421	搖頭	5873	5
2422	散發	5873	5
2423	整理	5873	5
2424	法律	5873	5
2425	流浪	5873	5
2426	浪漫	5873	5
2427	清潔	5873	5
2428	狀	5873	5
2429	畫畫	5873	5
2430	肉體	5873	5
2431	街市	5873	5
2432	變化	5873	5
2433	豪	5873	5
2434	逐	5873	5
2435	意味着	5816	5
2436	片子	5813	5
2437	停留	5784	5
2438	別人	5784	5
2439	升降機	5784	5
2440	和平	5784	5
2441	妥	5784	5
2442	子彈	5784	5
2443	嶺	5784	5
2444	建築	5784	5
2445	手腕	5784	5
2446	攤	5784	5
2447	時刻	5784	5
2448	有些	5784	5
2449	村	5784	5
2450	溝	5784	5
2451	甜蜜	5784	5
2452	症	5784	5
2453	穩定	5784	5
2454	累	5784	5
2455	貪	5784	5
2456	這些	5784	5
2457	避免	5784	5
2458	郵差	5784	5
2459	面色	5784	5
2460	溫	5783	5
2461	簡歷	5782	5
2462	爲人	5755	5
2463	審核	5713	5
2464	伯母	5695	5
2465	例外	5695	5
2466	保險	5695	5
2467	傻瓜	5695	5
2468	別	5695	5
2469	名字	5695	5
2470	報告	5695	5
2471	士多啤梨	5695	5
2472	失眠	5695	5
2473	姑	5695	5
2474	守衛	5695	5
2475	市	5695	5
2476	心底	5695	5
2477	感應	5695	5
2478	慘叫	5695	5
2479	捧	5695	5
2480	播	5695	5
2481	日常	5695	5
2482	最少	5695	5
2483	水塘	5695	5
2484	紅綠燈	5695	5
2485	網	5695	5
2486	蕩	5695	5
2487	表	5695	5
2488	西方	5695	5
2489	詠	5695	5
2490	資訊	5695	5
2491	跳樓	5695	5
2492	轉彎	5695	5
2493	辣	5695	5
2494	釘	5695	5
2495	青島	5649	5
2496	廈門	5648	5
2497	或是	5631	5
2498	人心	5606	5
2499	以及	5606	5
2500	保安	5606	5
2501	保證	5606	6
2502	唯獨	5606	6
2503	嚴肅	5606	6
2504	失戀	5606	6
2505	實際上	5606	6
2506	對白	5606	6
2507	展開	5606	6
2508	廿	5606	6
2509	弦	5606	6
2510	挑戰	5606	6
2511	求救	5606	6
2512	火焰	5606	6
2513	炸彈	5606	6
2514	物資	5606	6
2515	狀況	5606	6
2516	狠	5606	6
2517	痾	5606	6
2518	白雪	5606	6
2519	瞪	5606	6
2520	笑話	5606	6
2521	笨	5606	6
2522	肩	5606	6
2523	表妹	5606	6
2524	裝備	5606	6
2525	記錄	5606	6
2526	足以	5606	6
2527	雙方	5606	6
2528	麥	5606	6
2529	鼓起	5606	6
2530	江蘇	5582	6
2531	鍛鍊	5518	6
2532	中國	5517	6
2533	全程	5517	6
2534	功夫	5517	6
2535	回家	5517	6
2536	墓	5517	6
2537	夫人	5517	6
2538	好處	5517	6
2539	客廳	5517	6
2540	常	5517	6
2541	徒弟	5517	6
2542	擁抱	5517	6
2543	教會	5517	6
2544	板	5517	6
2545	殘	5517	6
2546	毀滅	5517	6
2547	游水	5517	6
2548	犧牲	5517	6
2549	目的地	5517	6
2550	知識	5517	6
2551	禁	5517	6
2552	空虛	5517	6
2553	緩緩	5517	6
2554	羨慕	5517	6
2555	聚集	5517	6
2556	般	5517	6
2557	遮住	5517	6
2558	風扇	5517	6
2559	骨頭	5517	6
2560	黑人	5517	6
2561	出臺	5512	6
2562	分爲	5509	6
2563	職工	5483	6
2564	較爲	5449	6
2565	備份	5444	6
2566	人羣	5431	6
2567	一絲	5428	6
2568	不用	5428	6
2569	停手	5428	6
2570	冬天	5428	6
2571	前方	5428	6
2572	卡通片	5428	6
2573	家族	5428	6
2574	專注	5428	6
2575	工具	5428	6
2576	巧合	5428	6
2577	巴黎	5428	6
2578	彷彿	5428	6
2579	情報	5428	6
2580	抑或	5428	6
2581	擲	5428	6
2582	旗袍	5428	6
2583	昏迷	5428	6
2584	案	5428	6
2585	樂園	5428	6
2586	權	5428	6
2587	欣	5428	6
2588	漫	5428	6
2589	牛肉	5428	6
2590	發光	5428	6
2591	眉	5428	6
2592	稱呼	5428	6
2593	纏	5428	6
2594	萬一	5428	6
2595	街道	5428	6
2596	訓導	5428	6
2597	跳舞	5428	6
2598	轉變	5428	6
2599	逃避	5428	6
2600	遲早	5428	6
2601	重複	5428	6
2602	顯然	5428	6
2603	也好	5390	6
2604	何	5339	6
2605	在乎	5339	6
2606	地位	5339	6
2607	天花板	5339	6
2608	實力	5339	6
2609	征服	5339	6
2610	掌握	5339	6
2611	播放	5339	6
2612	攻	5339	6
2613	早起	5339	6
2614	注意力	5339	6
2615	猜	5339	6
2616	發脾氣	5339	6
2617	總是	5339	6
2618	英	5339	6
2619	警方	5339	6
2620	跟隨	5339	6
2621	電筒	5339	6
2622	老百姓	5325	6
2623	改爲	5276	6
2624	候	5250	6
2625	四圍	5250	6
2626	圖畫	5250	6
2627	墊	5250	6
2628	大班	5250	6
2629	天堂	5250	6
2630	形狀	5250	6
2631	應付	5250	6
2632	攝影	5250	6
2633	教訓	5250	6
2634	朵	5250	6
2635	東方	5250	6
2636	樓上	5250	6
2637	沈	5250	6
2638	沙灘	5250	6
2639	異性	5250	6
2640	發燒	5250	6
2641	皮帶	5250	6
2642	磨擦	5250	6
2643	科學	5250	6
2644	籃	5250	6
2645	茶點	5250	6
2646	見證	5250	6
2647	論	5250	6
2648	賺錢	5250	6
2649	轉眼	5250	6
2650	達	5250	6
2651	醬	5250	6
2652	開車	5250	6
2653	高級	5250	6
2654	開發商	5217	6
2655	施工	5216	6
2656	實驗室	5178	6
2657	一同	5161	6
2658	中午	5161	6
2659	主意	5161	6
2660	偵探	5161	6
2661	剩下	5161	6
2662	咆哮	5161	6
2663	嘴巴	5161	6
2664	大師	5161	6
2665	宿舍	5161	6
2666	小心翼翼	5161	6
2667	己	5161	6
2668	待	5161	6
2669	怎樣	5161	6
2670	戰	5161	6
2671	手槍	5161	6
2672	東南	5161	6
2673	流血	5161	6
2674	理所當然	5161	6
2675	穩	5161	6
2676	穴	5161	6
2677	索	5161	6
2678	美國	5161	6
2679	胸部	5161	6
2680	表面	5161	6
2681	補	5161	6
2682	親眼	5161	6
2683	諷刺	5161	6
2684	讀者	5161	6
2685	輸入	5161	6
2686	通過	5161	6
2687	運營	5161	6
2688	重心	5161	6
2689	隨手	5161	6
2690	雪白	5161	6
2691	面向	5161	6
2692	鞭	5161	6
2693	頭痛	5161	6
2694	鳳凰	5161	6
2695	瀏覽器	5155	6
2696	那時候	5143	6
2697	廠家	5138	6
2698	湖南	5117	6
2699	後臺	5114	6
2700	中央	5072	6
2701	倒數	5072	6
2702	光線	5072	6
2703	刷牙	5072	6
2704	刺	5072	6
2705	前輩	5072	6
2706	化妝	5072	6
2707	否則	5072	6
2708	員工	5072	6
2709	外人	5072	6
2710	學會	5072	6
2711	守	5072	6
2712	宣傳	5072	6
2713	建築物	5072	6
2714	感染	5072	6
2715	會議	5072	6
2716	棉花	5072	6
2717	棟	5072	6
2718	治療	5072	6
2719	畢	5072	6
2720	皺眉	5072	6
2721	目前	5072	6
2722	精英	5072	6
2723	約定	5072	6
2724	翻譯	5072	6
2725	胸口	5072	6
2726	荒謬	5072	6
2727	角落	5072	6
2728	賊	5072	6
2729	轉移	5072	6
2730	銀行	5072	6
2731	鏈	5072	6
2732	他人	5066	6
2733	板塊	5055	6
2734	等到	5017	6
2735	總經理	5010	6
2736	認證	4988	6
2737	仍	4983	6
2738	兩樣	4983	6
2739	喘	4983	6
2740	大笑	4983	6
2741	巨型	4983	6
2742	座位	4983	6
2743	心目	4983	6
2744	恭喜	4983	6
2745	息	4983	6
2746	抗拒	4983	6
2747	擔	4983	6
2748	文化	4983	6
2749	斯文	4983	6
2750	更新	4983	6
2751	歐洲	4983	6
2752	氣勢	4983	6
2753	物體	4983	6
2754	相對	4983	6
2755	莫非	4983	6
2756	財政	4983	6
2757	身處	4983	6
2758	遊客	4983	6
2759	錯覺	4983	6
2760	開槍	4983	6
2761	馬尾	4983	6
2762	鬧鐘	4983	6
2763	年輕人	4927	6
2764	早已	4927	6
2765	河南	4927	6
2766	存儲	4912	6
2767	一心	4894	6
2768	之所以	4894	6
2769	代價	4894	6
2770	伴隨	4894	6
2771	全日	4894	6
2772	判斷	4894	6
2773	卒	4894	6
2774	吸收	4894	6
2775	咒	4894	6
2776	國際	4894	6
2777	圖片	4894	6
2778	地板	4894	6
2779	大事	4894	6
2780	大學生	4894	6
2781	奶茶	4894	6
2782	寧靜	4894	6
2783	廣播	4894	6
2784	戰爭	4894	6
2785	提高	4894	6
2786	數量	4894	6
2787	模式	4894	6
2788	欠	4894	6
2789	每晚	4894	6
2790	氣味	4894	6
2791	液體	4894	6
2792	深處	4894	6
2793	課	4894	6
2794	護身符	4894	6
2795	輕易	4894	6
2796	逐漸	4894	6
2797	道別	4894	6
2798	長期	4894	6
2799	順勢	4894	6
2800	走向	4893	6
2801	研究生	4885	6
2802	祕書	4879	6
2803	看好	4846	6
2804	極爲	4832	6
2805	低於	4830	6
2806	遠程	4825	6
2807	考核	4814	6
2808	貿易	4808	6
2809	長沙	4808	6
2810	上門	4805	6
2811	不得不	4805	6
2812	不見	4805	6
2813	乳房	4805	6
2814	事物	4805	6
2815	人口	4805	6
2816	元素	4805	6
2817	分析	4805	6
2818	地區	4805	6
2819	天下	4805	6
2820	威力	4805	6
2821	容許	4805	6
2822	帝	4805	6
2823	挑逗	4805	6
2824	撞擊	4805	6
2825	泉	4805	6
2826	烏龜	4805	6
2827	猛	4805	6
2828	玩弄	4805	6
2829	盤	4805	6
2830	襲擊	4805	6
2831	西貢	4805	6
2832	親自	4805	6
2833	跑車	4805	6
2834	酒吧	4805	6
2835	金屬	4805	6
2836	新疆	4779	6
2837	衆	4755	6
2838	國務院	4740	6
2839	週五	4736	6
2840	一行	4716	6
2841	世上	4716	6
2842	以下	4716	6
2843	依靠	4716	6
2844	出席	4716	6
2845	千萬	4716	6
2846	原則	4716	6
2847	史	4716	6
2848	吊	4716	6
2849	土	4716	6
2850	忍受	4716	6
2851	手袋	4716	6
2852	投資	4716	6
2853	會同	4716	6
2854	案件	4716	6
2855	步伐	4716	6
2856	沿途	4716	6
2857	泡泡	4716	6
2858	流出	4716	6
2859	溫度	4716	6
2860	理想	4716	6
2861	申請	4716	6
2862	紀念	4716	6
2863	膠布	4716	6
2864	膠紙	4716	6
2865	裝修	4716	6
2866	講解	4716	6
2867	豬肉	4716	6
2868	進攻	4716	6
2869	邀請	4716	6
2870	部門	4716	6
2871	長頸鹿	4716	6
2872	階段	4716	6
2873	面具	4716	6
2874	骨	4716	6
2875	麗	4716	6
2876	球迷	4700	6
2877	好喫	4640	6
2878	人手	4627	6
2879	代	4627	6
2880	全校	4627	6
2881	兩點	4627	6
2882	公共	4627	6
2883	動力	4627	6
2884	大腿	4627	6
2885	失控	4627	6
2886	孤獨	4627	6
2887	安靜	4627	6
2888	尊嚴	4627	6
2889	快手	4627	6
2890	情願	4627	6
2891	捨得	4627	6
2892	新人	4627	6
2893	早上	4627	6
2894	替	4627	6
2895	服	4627	6
2896	消耗	4627	6
2897	無助	4627	6
2898	篇	4627	6
2899	網絡	4627	6
2900	聚會	4627	6
2901	菊花	4627	6
2902	行路	4627	6
2903	裂	4627	6
2904	補償	4627	6
2905	西北	4627	6
2906	親密	4627	6
2907	調	4627	6
2908	貨車	4627	6
2909	跌落	4627	6
2910	過頭	4627	6
2911	郵局	4627	6
2912	離婚	4627	6
2913	震驚	4627	6
2914	髀	4627	6
2915	接下來	4623	6
2916	民衆	4612	6
2917	註明	4600	6
2918	最爲	4587	6
2919	全世界	4557	6
2920	一致	4538	6
2921	上方	4538	6
2922	上課	4538	6
2923	乞	4538	6
2924	佈滿	4538	6
2925	信息	4538	6
2926	免費	4538	6
2927	同伴	4538	6
2928	報答	4538	6
2929	大多數	4538	6
2930	安全感	4538	6
2931	實際	4538	6
2932	尾巴	4538	6
2933	山路	4538	6
2934	徘徊	4538	6
2935	提升	4538	6
2936	提示	4538	6
2937	旅遊	4538	6
2938	時鐘	4538	6
2939	晶	4538	6
2940	浪	4538	6
2941	灘	4538	6
2942	獲	4538	6
2943	率	4538	6
2944	眨	4538	6
2945	筷子	4538	6
2946	耳朵	4538	6
2947	菠蘿	4538	6
2948	貨	4538	6
2949	邊緣	4538	6
2950	那些	4538	6
2951	醒目	4538	6
2952	難怪	4538	6
2953	頭腦	4538	6
2954	委託	4521	6
2955	說不定	4497	6
2956	住房	4491	6
2957	週一	4465	6
2958	玉米	4456	6
2959	主席	4449	6
2960	側	4449	6
2961	勇	4449	6
2962	半夜	4449	6
2963	口供	4449	6
2964	女子	4449	6
2965	嫌	4449	6
2966	寶寶	4449	6
2967	小事	4449	6
2968	小小	4449	6
2969	小時	4449	6
2970	幻覺	4449	6
2971	手冊	4449	6
2972	手邊	4449	6
2973	打出	4449	6
2974	把握	4449	6
2975	拍手	4449	6
2976	描述	4449	6
2977	有的	4449	6
2978	杖	4449	6
2979	東京	4449	6
2980	枝	4449	6
2981	死者	4449	6
2982	氣質	4449	6
2983	深入	4449	6
2984	爭取	4449	6
2985	爺	4449	6
2986	牌子	4449	6
2987	病人	4449	6
2988	發揮	4449	6
2989	碑	4449	6
2990	神父	4449	6
2991	租	4449	6
2992	笠	4449	6
2993	索性	4449	6
2994	蕉	4449	6
2995	蟹	4449	6
2996	託	4449	6
2997	豬仔	4449	6
2998	身旁	4449	6
2999	轉角	4449	6
3000	門外	4449	6
3001	面容	4449	7
3002	頭頭	4449	7
3003	飄	4449	7
3004	驚慌	4449	7
3005	龜頭	4449	7
3006	集成	4448	7
3007	開啓	4443	7
3008	羣體	4426	7
3009	一系列	4409	7
3010	算法	4402	7
3011	主持人	4399	7
3012	峯	4372	7
3013	芯片	4362	7
3014	七彩	4360	7
3015	任由	4360	7
3016	公子	4360	7
3017	公開	4360	7
3018	到家	4360	7
3019	反射	4360	7
3020	同情	4360	7
3021	在於	4360	7
3022	夏天	4360	7
3023	如常	4360	7
3024	從未	4360	7
3025	忍心	4360	7
3026	惡夢	4360	7
3027	惹	4360	7
3028	意志	4360	7
3029	愛人	4360	7
3030	投降	4360	7
3031	折磨	4360	7
3032	數碼	4360	7
3033	文件	4360	7
3034	無知	4360	7
3035	無能	4360	7
3036	神色	4360	7
3037	結論	4360	7
3038	缺點	4360	7
3039	翻版	4360	7
3040	股票	4360	7
3041	路線	4360	7
3042	身軀	4360	7
3043	連續	4360	7
3044	隊員	4360	7
3045	隱藏	4360	7
3046	難道	4360	7
3047	黑社會	4360	7
3048	福建	4357	7
3049	週六	4336	7
3050	丁	4271	7
3051	三角形	4271	7
3052	不再	4271	7
3053	亞	4271	7
3054	例子	4271	7
3055	凝重	4271	7
3056	制度	4271	7
3057	參觀	4271	7
3058	可能性	4271	7
3059	德	4271	7
3060	悲傷	4271	7
3061	悲劇	4271	7
3062	懷念	4271	7
3063	批	4271	7
3064	服侍	4271	7
3065	朗朗	4271	7
3066	柄	4271	7
3067	植物	4271	7
3068	標	4271	7
3069	機構	4271	7
3070	殘酷	4271	7
3071	每人	4271	7
3072	沾	4271	7
3073	無關	4271	7
3074	皇帝	4271	7
3075	看到	4271	7
3076	睡衣	4271	7
3077	瞞	4271	7
3078	第三	4271	7
3079	節	4271	7
3080	組成	4271	7
3081	膝頭	4271	7
3082	虎	4271	7
3083	親切	4271	7
3084	警告	4271	7
3085	軒	4271	7
3086	遇上	4271	7
3087	過夜	4271	7
3088	醫	4271	7
3089	阿姐	4271	7
3090	陣陣	4271	7
3091	陷入	4271	7
3092	風格	4271	7
3093	體能	4271	7
3094	走勢	4225	7
3095	供應商	4214	7
3096	調研	4211	7
3097	本科	4200	7
3098	一一	4182	7
3099	世紀	4182	7
3100	以來	4182	7
3101	倍	4182	7
3102	假如	4182	7
3103	兒童	4182	7
3104	利益	4182	7
3105	功能	4182	7
3106	名單	4182	7
3107	塘	4182	7
3108	大過	4182	7
3109	女聲	4182	7
3110	學者	4182	7
3111	彩虹	4182	7
3112	手心	4182	7
3113	撥	4182	7
3114	擺動	4182	7
3115	敲門	4182	7
3116	星際	4182	7
3117	普通話	4182	7
3118	比例	4182	7
3119	法師	4182	7
3120	深刻	4182	7
3121	潛意識	4182	7
3122	無常	4182	7
3123	父親	4182	7
3124	特工	4182	7
3125	獸醫	4182	7
3126	玉	4182	7
3127	班會	4182	7
3128	琳	4182	7
3129	知會	4182	7
3130	紅蘿蔔	4182	7
3131	綠燈	4182	7
3132	罩	4182	7
3133	菜刀	4182	7
3134	行程	4182	7
3135	費	4182	7
3136	赤裸	4182	7
3137	超越	4182	7
3138	跛	4182	7
3139	遠離	4182	7
3140	醫療	4182	7
3141	院	4182	7
3142	有序	4134	7
3143	從小	4133	7
3144	稍爲	4109	7
3145	黃色	4105	7
3146	上週	4104	7
3147	落後	4104	7
3148	下方	4093	7
3149	不少	4093	7
3150	不足	4093	7
3151	交易	4093	7
3152	位於	4093	7
3153	低能	4093	7
3154	作品	4093	7
3155	保	4093	7
3156	冰冷	4093	7
3157	出入	4093	7
3158	告	4093	7
3159	告訴	4093	7
3160	咚	4093	7
3161	圈子	4093	7
3162	太空船	4093	7
3163	學業	4093	7
3164	屈	4093	7
3165	手錶	4093	7
3166	打架	4093	7
3167	抱怨	4093	7
3168	抱歉	4093	7
3169	據	4093	7
3170	更衣室	4093	7
3171	枕	4093	7
3172	正義	4093	7
3173	異樣	4093	7
3174	發達	4093	7
3175	知覺	4093	7
3176	祝	4093	7
3177	耳機	4093	7
3178	處女	4093	7
3179	行人	4093	7
3180	西施	4093	7
3181	趙	4093	7
3182	鋼琴	4093	7
3183	陪伴	4093	7
3184	難度	4093	7
3185	面孔	4093	7
3186	光盤	4083	7
3187	信用卡	4077	7
3188	感興趣	4066	7
3189	受不了	4059	7
3190	反饋	4038	7
3191	黨員	4038	7
3192	月底	4028	7
3193	得了	4020	7
3194	名爲	4007	7
3195	彙報	4006	7
3196	上司	4004	7
3197	下場	4004	7
3198	下行	4004	7
3199	人數	4004	7
3200	卷	4004	7
3201	及時	4004	7
3202	多多	4004	7
3203	子宮	4004	7
3204	字典	4004	7
3205	對門	4004	7
3206	強行	4004	7
3207	影片	4004	7
3208	慾望	4004	7
3209	打擊	4004	7
3210	捏	4004	7
3211	支援	4004	7
3212	教書	4004	7
3213	正中	4004	7
3214	正方形	4004	7
3215	死屍	4004	7
3216	毛蟲	4004	7
3217	水面	4004	7
3218	無情	4004	7
3219	物品	4004	7
3220	甘心	4004	7
3221	男友	4004	7
3222	老爺	4004	7
3223	花生	4004	7
3224	草叢	4004	7
3225	藝術	4004	7
3226	負面	4004	7
3227	超過	4004	7
3228	轟	4004	7
3229	酒樓	4004	7
3230	酒精	4004	7
3231	關鍵	4004	7
3232	阿姨	4004	7
3233	青年	4004	7
3234	鞋帶	4004	7
3235	分公司	3987	7
3236	修復	3984	7
3237	不僅僅	3979	7
3238	高於	3976	7
3239	審計	3975	7
3240	話費	3975	7
3241	濟南	3961	7
3242	電視臺	3948	7
3243	降價	3947	7
3244	臨牀	3937	7
3245	新型	3936	7
3246	國慶	3933	7
3247	再也	3924	7
3248	一旦	3915	7
3249	不得了	3915	7
3250	住家	3915	7
3251	共鳴	3915	7
3252	咔嚓	3915	7
3253	單獨	3915	7
3254	對比	3915	7
3255	巨響	3915	7
3256	建立	3915	7
3257	從前	3915	7
3258	心事	3915	7
3259	急救	3915	7
3260	性感	3915	7
3261	意味	3915	7
3262	指向	3915	7
3263	摩擦	3915	7
3264	政治	3915	7
3265	景	3915	7
3266	未知	3915	7
3267	桃花	3915	7
3268	殘忍	3915	7
3269	沙沙	3915	7
3270	洗手	3915	7
3271	淨化	3915	7
3272	燃燒	3915	7
3273	環保	3915	7
3274	發呆	3915	7
3275	盯	3915	7
3276	相遇	3915	7
3277	立法	3915	7
3278	管	3915	7
3279	節奏	3915	7
3280	總部	3915	7
3281	翼	3915	7
3282	膚淺	3915	7
3283	與其	3915	7
3284	蘿	3915	7
3285	規矩	3915	7
3286	詞	3915	7
3287	謝謝	3915	7
3288	證據	3915	7
3289	蹲	3915	7
3290	輕聲	3915	7
3291	迎面	3915	7
3292	醒來	3915	7
3293	金錢	3915	7
3294	防	3915	7
3295	難忘	3915	7
3296	預感	3915	7
3297	體會	3915	7
3298	傢俱	3865	7
3299	幹活	3856	7
3300	複習	3854	7
3301	監測	3852	7
3302	即便	3847	7
3303	聽衆	3831	7
3304	傳輸	3827	7
3305	一生一世	3826	7
3306	上升	3826	7
3307	人權	3826	7
3308	儘管	3826	7
3309	公路	3826	7
3310	兼	3826	7
3311	反擊	3826	7
3312	向來	3826	7
3313	地帶	3826	7
3314	大嬸	3826	7
3315	奇妙	3826	7
3316	學習	3826	7
3317	形式	3826	7
3318	急速	3826	7
3319	性慾	3826	7
3320	愛上	3826	7
3321	搏	3826	7
3322	收縮	3826	7
3323	放下	3826	7
3324	斯	3826	7
3325	方舟	3826	7
3326	旅館	3826	7
3327	時機	3826	7
3328	曖昧	3826	7
3329	有效	3826	7
3330	杏樹	3826	7
3331	梯	3826	7
3332	正題	3826	7
3333	河	3826	7
3334	清理	3826	7
3335	營	3826	7
3336	爽快	3826	7
3337	狠狠	3826	7
3338	猶疑	3826	7
3339	用心	3826	7
3340	病房	3826	7
3341	相同	3826	7
3342	眼珠	3826	7
3343	絡	3826	7
3344	緊握	3826	7
3345	緣	3826	7
3346	自責	3826	7
3347	袖	3826	7
3348	警車	3826	7
3349	豆腐	3826	7
3350	貨櫃	3826	7
3351	轉向	3826	7
3352	運作	3826	7
3353	達到	3826	7
3354	金色	3826	7
3355	錯過	3826	7
3356	陰莖	3826	7
3357	頭皮	3826	7
3358	飯盒	3826	7
3359	鬼怪	3826	7
3360	黑白	3826	7
3361	鼠	3826	7
3362	變更	3797	7
3363	含量	3785	7
3364	世界盃	3783	7
3365	鄭州	3781	7
3366	產量	3780	7
3367	看上去	3775	7
3368	哎呀	3758	7
3369	存檔	3754	7
3370	處理器	3750	7
3371	湖北	3748	7
3372	庫存	3747	7
3373	外部	3743	7
3374	山西	3742	7
3375	兔子	3741	7
3376	近年來	3741	7
3377	不堪	3737	7
3378	不知所措	3737	7
3379	不解	3737	7
3380	中途	3737	7
3381	事關	3737	7
3382	代替	3737	7
3383	催	3737	7
3384	傳統	3737	7
3385	全名	3737	7
3386	嚴正	3737	7
3387	四肢	3737	7
3388	壺	3737	7
3389	外圍	3737	7
3390	局	3737	7
3391	心頭	3737	7
3392	抽搐	3737	7
3393	挺	3737	7
3394	明星	3737	7
3395	晚飯	3737	7
3396	最初	3737	7
3397	極限	3737	7
3398	水平線	3737	7
3399	流氓	3737	7
3400	火球	3737	7
3401	牛仔褲	3737	7
3402	物理	3737	7
3403	登記	3737	7
3404	發動	3737	7
3405	眨眼	3737	7
3406	確保	3737	7
3407	社	3737	7
3408	祝福	3737	7
3409	神奇	3737	7
3410	私家車	3737	7
3411	稱	3737	7
3412	糟	3737	7
3413	紫	3737	7
3414	經典	3737	7
3415	置	3737	7
3416	膜	3737	7
3417	臉頰	3737	7
3418	親生	3737	7
3419	預期	3737	7
3420	體溫	3737	7
3421	鳥	3737	7
3422	編程	3736	7
3423	脫	3736	7
3424	頗爲	3726	7
3425	出於	3725	7
3426	眼裏	3722	7
3427	總理	3716	7
3428	川	3703	7
3429	去掉	3674	7
3430	不屑	3648	7
3431	世人	3648	7
3432	人人	3648	7
3433	作戰	3648	7
3434	佩服	3648	7
3435	健	3648	7
3436	光芒	3648	7
3437	內衣	3648	7
3438	八月	3648	7
3439	凌	3648	7
3440	反轉	3648	7
3441	取得	3648	7
3442	受害者	3648	7
3443	呈現	3648	7
3444	困	3648	7
3445	堡	3648	7
3446	大樓	3648	7
3447	宗教	3648	7
3448	小人	3648	7
3449	屏幕	3648	7
3450	慶幸	3648	7
3451	投	3648	7
3452	掩飾	3648	7
3453	搭車	3648	7
3454	星期三	3648	7
3455	浴缸	3648	7
3456	漢	3648	7
3457	澳洲	3648	7
3458	照片	3648	7
3459	空洞	3648	7
3460	筒	3648	7
3461	與此同時	3648	7
3462	衣架	3648	7
3463	觸	3648	7
3464	試問	3648	7
3465	車門	3648	7
3466	農夫	3648	7
3467	過多	3648	7
3468	鄉下	3648	7
3469	鑿	3648	7
3470	防禦	3648	7
3471	頂住	3648	7
3472	順帶	3648	7
3473	頌	3648	7
3474	黑板	3648	7
3475	鼓	3648	7
3476	曹	3642	7
3477	安徽	3640	7
3478	便是	3638	7
3479	春節	3615	7
3480	累計	3613	7
3481	調試	3606	7
3482	後期	3594	7
3483	江西	3584	7
3484	治理	3581	7
3485	房產	3578	7
3486	週日	3572	7
3487	福州	3571	7
3488	粘貼	3570	7
3489	考研	3565	7
3490	起牀	3563	7
3491	江南	3562	7
3492	不久	3559	7
3493	主題	3559	7
3494	人命	3559	7
3495	任性	3559	7
3496	保留	3559	7
3497	做法	3559	7
3498	公務員	3559	7
3499	其後	3559	7
3500	出力	3559	7
3501	勢力	3559	8
3502	區域	3559	8
3503	友誼	3559	8
3504	口味	3559	8
3505	學期	3559	8
3506	對待	3559	8
3507	巨人	3559	8
3508	市民	3559	8
3509	怒火	3559	8
3510	成人	3559	8
3511	打量	3559	8
3512	招牌	3559	8
3513	拜年	3559	8
3514	擊	3559	8
3515	收起	3559	8
3516	智慧	3559	8
3517	晾	3559	8
3518	正好	3559	8
3519	步行	3559	8
3520	殺手	3559	8
3521	母親	3559	8
3522	滾	3559	8
3523	狙擊	3559	8
3524	獲得	3559	8
3525	當下	3559	8
3526	相差	3559	8
3527	矣	3559	8
3528	等級	3559	8
3529	總共	3559	8
3530	臂	3559	8
3531	自此	3559	8
3532	薯	3559	8
3533	訂	3559	8
3534	負擔	3559	8
3535	貢	3559	8
3536	跟蹤	3559	8
3537	迷糊	3559	8
3538	通通	3559	8
3539	部隊	3559	8
3540	面目	3559	8
3541	題目	3559	8
3542	顫抖	3559	8
3543	飛行	3559	8
3544	駕駛	3559	8
3545	黑影	3559	8
3546	稿件	3553	8
3547	測量	3552	8
3548	回國	3551	8
3549	陝西	3551	8
3550	斑竹	3550	8
3551	得以	3527	8
3552	教程	3526	8
3553	視爲	3512	8
3554	到來	3510	8
3555	紅包	3500	8
3556	機子	3486	8
3557	查找	3478	8
3558	拓展	3472	8
3559	不甘	3470	8
3560	仙女	3470	8
3561	停頓	3470	8
3562	傷痕	3470	8
3563	充斥	3470	8
3564	共同	3470	8
3565	再度	3470	8
3566	刮	3470	8
3567	友善	3470	8
3568	口腔	3470	8
3569	名牌	3470	8
3570	女廁	3470	8
3571	專一	3470	8
3572	山頂	3470	8
3573	幕	3470	8
3574	幸好	3470	8
3575	彈性	3470	8
3576	從此	3470	8
3577	指教	3470	8
3578	撕	3470	8
3579	日頭	3470	8
3580	有成	3470	8
3581	棚	3470	8
3582	椅	3470	8
3583	模樣	3470	8
3584	樹木	3470	8
3585	正是	3470	8
3586	深信	3470	8
3587	獨自	3470	8
3588	環	3470	8
3589	登	3470	8
3590	眼紅	3470	8
3591	碎片	3470	8
3592	祈禱	3470	8
3593	秒鐘	3470	8
3594	窩	3470	8
3595	筆記	3470	8
3596	簡	3470	8
3597	約會	3470	8
3598	耐性	3470	8
3599	耳環	3470	8
3600	血跡	3470	8
3601	親身	3470	8
3602	謙	3470	8
3603	貌似	3470	8
3604	運	3470	8
3605	遺忘	3470	8
3606	雜物	3470	8
3607	雷電	3470	8
3608	騷擾	3470	8
3609	體貼	3470	8
3610	高度	3470	8
3611	鬥	3470	8
3612	忽悠	3464	8
3613	河北	3436	8
3614	昆明	3421	8
3615	自行車	3413	8
3616	肖	3397	8
3617	上手	3381	8
3618	乳	3381	8
3619	依次	3381	8
3620	依賴	3381	8
3621	兇	3381	8
3622	典型	3381	8
3623	加拿大	3381	8
3624	動機	3381	8
3625	博士	3381	8
3626	同居	3381	8
3627	喃喃	3381	8
3628	嚴格	3381	8
3629	囂張	3381	8
3630	多餘	3381	8
3631	奸笑	3381	8
3632	如今	3381	8
3633	安撫	3381	8
3634	害羞	3381	8
3635	巾	3381	8
3636	帽	3381	8
3637	幫忙	3381	8
3638	後門	3381	8
3639	怡	3381	8
3640	應聲	3381	8
3641	戰場	3381	8
3642	手續	3381	8
3643	擔憂	3381	8
3644	攝	3381	8
3645	救人	3381	8
3646	材料	3381	8
3647	機票	3381	8
3648	歌詞	3381	8
3649	源	3381	8
3650	甜品	3381	8
3651	生涯	3381	8
3652	留下	3381	8
3653	異鄉	3381	8
3654	礦	3381	8
3655	絕	3381	8
3656	背叛	3381	8
3657	舞	3381	8
3658	蛛	3381	8
3659	衣物	3381	8
3660	躉	3381	8
3661	逃	3381	8
3662	開朗	3381	8
3663	陰影	3381	8
3664	鞠躬	3381	8
3665	轎車	3364	8
3666	另一方面	3360	8
3667	科學家	3352	8
3668	節點	3352	8
3669	小號	3345	8
3670	詩人	3343	8
3671	上半年	3342	8
3672	漲價	3341	8
3673	後續	3330	8
3674	現代化	3330	8
3675	憑藉	3307	8
3676	清華	3307	8
3677	主頁	3296	8
3678	伊朗	3293	8
3679	三角	3292	8
3680	下人	3292	8
3681	乘機	3292	8
3682	低落	3292	8
3683	傳送	3292	8
3684	再者	3292	8
3685	冒險	3292	8
3686	出血	3292	8
3687	分子	3292	8
3688	反問	3292	8
3689	壓制	3292	8
3690	天才	3292	8
3691	失禮	3292	8
3692	委屈	3292	8
3693	嫌棄	3292	8
3694	展現	3292	8
3695	年青	3292	8
3696	思緒	3292	8
3697	愉快	3292	8
3698	打牌	3292	8
3699	扭動	3292	8
3700	排斥	3292	8
3701	撥開	3292	8
3702	是否	3292	8
3703	景象	3292	8
3704	果汁	3292	8
3705	柔	3292	8
3706	水果	3292	8
3707	沿路	3292	8
3708	準	3292	8
3709	瀅	3292	8
3710	當晚	3292	8
3711	發火	3292	8
3712	真是	3292	8
3713	禮	3292	8
3714	算數	3292	8
3715	自願	3292	8
3716	許多	3292	8
3717	誘惑	3292	8
3718	請求	3292	8
3719	警員	3292	8
3720	象徵	3292	8
3721	起初	3292	8
3722	遇	3292	8
3723	鋸	3292	8
3724	長方形	3292	8
3725	降臨	3292	8
3726	陸	3292	8
3727	顧	3292	8
3728	香腸	3292	8
3729	關機	3290	8
3730	大於	3289	8
3731	影響力	3278	8
3732	爲此	3277	8
3733	若干	3277	8
3734	中小企業	3271	8
3735	腳本	3266	8
3736	殺毒	3263	8
3737	結算	3262	8
3738	虧損	3261	8
3739	農民工	3249	8
3740	嘎嘎	3240	8
3741	編譯	3229	8
3742	高效	3228	8
3743	此前	3227	8
3744	睡着	3227	8
3745	長江	3209	8
3746	溼地	3204	8
3747	人格	3203	8
3748	作用	3203	8
3749	保障	3203	8
3750	優勢	3203	8
3751	勢	3203	8
3752	十足	3203	8
3753	可見	3203	8
3754	呔	3203	8
3755	四處	3203	8
3756	回味	3203	8
3757	因素	3203	8
3758	圍繞	3203	8
3759	圖騰	3203	8
3760	天黑	3203	8
3761	定期	3203	8
3762	導演	3203	8
3763	帖	3203	8
3764	康	3203	8
3765	心願	3203	8
3766	必然	3203	8
3767	應對	3203	8
3768	接通	3203	8
3769	推出	3203	8
3770	改善	3203	8
3771	晨	3203	8
3772	暗示	3203	8
3773	梳洗	3203	8
3774	欺凌	3203	8
3775	歐	3203	8
3776	沿	3203	8
3777	法官	3203	8
3778	注視	3203	8
3779	消毒	3203	8
3780	溫馨	3203	8
3781	灰色	3203	8
3782	牛頭	3203	8
3783	田	3203	8
3784	病毒	3203	8
3785	目測	3203	8
3786	短暫	3203	8
3787	童年	3203	8
3788	端	3203	8
3789	管理	3203	8
3790	罅	3203	8
3791	腫	3203	8
3792	莊子	3203	8
3793	藉	3203	8
3794	裸	3203	8
3795	身份證	3203	8
3796	迴避	3203	8
3797	逐個	3203	8
3798	配	3203	8
3799	酸	3203	8
3800	閃電	3203	8
3801	開支	3203	8
3802	霧	3203	8
3803	霸	3203	8
3804	頭暈	3203	8
3805	高速	3203	8
3806	協商	3172	8
3807	鄉鎮	3172	8
3808	樹立	3163	8
3809	運動員	3158	8
3810	組建	3157	8
3811	衛星	3151	8
3812	央行	3148	8
3813	節能	3143	8
3814	緩解	3138	8
3815	電路	3128	8
3816	也就是說	3116	8
3817	上帝	3114	8
3818	不論	3114	8
3819	以免	3114	8
3820	佔有	3114	8
3821	佩	3114	8
3822	例	3114	8
3823	便利	3114	8
3824	停課	3114	8
3825	元	3114	8
3826	入侵	3114	8
3827	出馬	3114	8
3828	前世	3114	8
3829	化解	3114	8
3830	受害	3114	8
3831	同行	3114	8
3832	吠	3114	8
3833	吩咐	3114	8
3834	土地	3114	8
3835	基地	3114	8
3836	壓抑	3114	8
3837	外貌	3114	8
3838	大麻	3114	8
3839	妄想	3114	8
3840	嶽	3114	8
3841	差不多	3114	8
3842	帶領	3114	8
3843	幫襯	3114	8
3844	平均	3114	8
3845	彩	3114	8
3846	影子	3114	8
3847	徹底	3114	8
3848	意想不到	3114	8
3849	懵	3114	8
3850	指甲	3114	8
3851	挽	3114	8
3852	掩	3114	8
3853	插嘴	3114	8
3854	放大	3114	8
3855	散開	3114	8
3856	會合	3114	8
3857	會堂	3114	8
3858	標準	3114	8
3859	歐陽	3114	8
3860	歸	3114	8
3861	水壺	3114	8
3862	波動	3114	8
3863	流淚	3114	8
3864	淫蕩	3114	8
3865	混	3114	8
3866	清純	3114	8
3867	溫泉	3114	8
3868	烏	3114	8
3869	用品	3114	8
3870	癮	3114	8
3871	短褲	3114	8
3872	管理員	3114	8
3873	繼母	3114	8
3874	耐煩	3114	8
3875	聊	3114	8
3876	腳板	3114	8
3877	腹	3114	8
3878	自問	3114	8
3879	血腥	3114	8
3880	衣着	3114	8
3881	走人	3114	8
3882	跳動	3114	8
3883	身形	3114	8
3884	逃離	3114	8
3885	通訊	3114	8
3886	遊戲機	3114	8
3887	邪惡	3114	8
3888	郵票	3114	8
3889	鄙視	3114	8
3890	集合	3114	8
3891	頭部	3114	8
3892	香水	3114	8
3893	老外	3112	8
3894	公安局	3109	8
3895	民警	3094	8
3896	開盤	3085	8
3897	亮相	3084	8
3898	來不及	3083	8
3899	農產品	3083	8
3900	路由器	3080	8
3901	錄取	3078	8
3902	防治	3078	8
3903	老總	3073	8
3904	低價	3072	8
3905	麪包	3070	8
3906	長城	3065	8
3907	出版社	3062	8
3908	魏	3061	8
3909	樣品	3060	8
3910	詩歌	3060	8
3911	驗收	3059	8
3912	有意思	3051	8
3913	外貿	3050	8
3914	塑料	3044	8
3915	比如說	3029	8
3916	維生素	3026	8
3917	一剎那	3025	8
3918	一度	3025	8
3919	人望	3025	8
3920	伴侶	3025	8
3921	依稀	3025	8
3922	冠軍	3025	8
3923	到處	3025	8
3924	創作	3025	8
3925	動畫	3025	8
3926	喳	3025	8
3927	回報	3025	8
3928	婚紗	3025	8
3929	字母	3025	8
3930	字眼	3025	8
3931	小學生	3025	8
3932	必需	3025	8
3933	想念	3025	8
3934	懷	3025	8
3935	探索	3025	8
3936	揉	3025	8
3937	損失	3025	8
3938	收音機	3025	8
3939	教師	3025	8
3940	晚餐	3025	8
3941	次數	3025	8
3942	汪	3025	8
3943	法國	3025	8
3944	派出所	3025	8
3945	浩	3025	8
3946	渡過	3025	8
3947	無理	3025	8
3948	無聲	3025	8
3949	現象	3025	8
3950	生死	3025	8
3951	當場	3025	8
3952	真人	3025	8
3953	社交	3025	8
3954	程	3025	8
3955	種族	3025	8
3956	糕	3025	8
3957	肌膚	3025	8
3958	融	3025	8
3959	被迫	3025	8
3960	製作	3025	8
3961	覆蓋	3025	8
3962	貼近	3025	8
3963	賠	3025	8
3964	蹤	3025	8
3965	道德	3025	8
3966	順手	3025	8
3967	高層	3025	8
3968	魅力	3025	8
3969	簽署	3022	8
3970	合計	3017	8
3971	彙總	3016	8
3972	前天	3011	8
3973	試點	3009	8
3974	中介	3007	8
3975	儘可能	3007	8
3976	有助於	2989	8
3977	單子	2987	8
3978	簽字	2981	8
3979	點評	2972	8
3980	專項	2968	8
3981	亮點	2951	8
3982	合肥	2944	8
3983	售價	2942	8
3984	藉助	2941	8
3985	難看	2937	8
3986	不必	2936	8
3987	不明	2936	8
3988	主持	2936	8
3989	井	2936	8
3990	些	2936	8
3991	人情	2936	8
3992	人質	2936	8
3993	佟	2936	8
3994	傷感	2936	8
3995	儲	2936	8
3996	冷淡	2936	8
3997	剁	2936	8
3998	前往	2936	8
3999	原地	2936	8
4000	參與	2936	8
4001	哀求	2936	9
4002	商業	2936	9
4003	商量	2936	9
4004	大公國	2936	9
4005	大姐	2936	9
4006	天橋	2936	9
4007	天色	2936	9
4008	夾雜	2936	9
4009	宣佈	2936	9
4010	尚	2936	9
4011	強調	2936	9
4012	忽略	2936	9
4013	掙	2936	9
4014	推薦	2936	9
4015	推進	2936	9
4016	搜索	2936	9
4017	摧毀	2936	9
4018	擊中	2936	9
4019	攻勢	2936	9
4020	旺	2936	9
4021	柱	2936	9
4022	每年	2936	9
4023	淫亂	2936	9
4024	溜	2936	9
4025	澳門	2936	9
4026	火燒	2936	9
4027	熱戀	2936	9
4028	爹地	2936	9
4029	猜測	2936	9
4030	猶如	2936	9
4031	獵人	2936	9
4032	珠	2936	9
4033	甜美	2936	9
4034	由頭	2936	9
4035	相愛	2936	9
4036	窗簾	2936	9
4037	精力	2936	9
4038	紀錄	2936	9
4039	綺	2936	9
4040	羊	2936	9
4041	美女	2936	9
4042	耍	2936	9
4043	聽筒	2936	9
4044	臨時	2936	9
4045	蘇	2936	9
4046	處境	2936	9
4047	蜈蚣	2936	9
4048	解除	2936	9
4049	記性	2936	9
4050	話音	2936	9
4051	說道	2936	9
4052	迷惘	2936	9
4053	遇見	2936	9
4054	遊樂場	2936	9
4055	運用	2936	9
4056	適當	2936	9
4057	釋放	2936	9
4058	間接	2936	9
4059	關上	2936	9
4060	隊友	2936	9
4061	隱瞞	2936	9
4062	難聽	2936	9
4063	向上	2932	9
4064	工商	2928	9
4065	商標	2922	9
4066	掙錢	2922	9
4067	佔用	2917	9
4068	斤	2914	9
4069	境內	2913	9
4070	火車站	2912	9
4071	年初	2910	9
4072	名人	2905	9
4073	解析	2901	9
4074	莊家	2895	9
4075	打印機	2891	9
4076	採納	2888	9
4077	研製	2886	9
4078	評選	2885	9
4079	文獻	2884	9
4080	媳婦	2883	9
4081	名片	2882	9
4082	轉型	2881	9
4083	瞎	2877	9
4084	越南	2874	9
4085	借鑑	2869	9
4086	善於	2858	9
4087	遼寧	2853	9
4088	國人	2851	9
4089	上市	2847	9
4090	互	2847	9
4091	交通	2847	9
4092	仇恨	2847	9
4093	今世	2847	9
4094	僕人	2847	9
4095	割	2847	9
4096	包裝	2847	9
4097	區區	2847	9
4098	叫喊	2847	9
4099	地底	2847	9
4100	夕陽	2847	9
4101	多麼	2847	9
4102	大型	2847	9
4103	奏	2847	9
4104	好學	2847	9
4105	妒忌	2847	9
4106	姑媽	2847	9
4107	婷	2847	9
4108	孤單	2847	9
4109	孩子	2847	9
4110	店員	2847	9
4111	廊	2847	9
4112	往後	2847	9
4113	心愛	2847	9
4114	急促	2847	9
4115	手法	2847	9
4116	才能	2847	9
4117	指令	2847	9
4118	提到	2847	9
4119	支撐	2847	9
4120	支票	2847	9
4121	改革	2847	9
4122	敷衍	2847	9
4123	新娘	2847	9
4124	景色	2847	9
4125	有利	2847	9
4126	沙發	2847	9
4127	消滅	2847	9
4128	游泳	2847	9
4129	濃烈	2847	9
4130	生產	2847	9
4131	男聲	2847	9
4132	異口同聲	2847	9
4133	痕跡	2847	9
4134	相隔	2847	9
4135	示範	2847	9
4136	習	2847	9
4137	膝	2847	9
4138	自豪	2847	9
4139	至今	2847	9
4140	舌	2847	9
4141	虛擬	2847	9
4142	解答	2847	9
4143	認錯	2847	9
4144	資源	2847	9
4145	起頭	2847	9
4146	起飛	2847	9
4147	身世	2847	9
4148	逃跑	2847	9
4149	過度	2847	9
4150	道士	2847	9
4151	關注	2847	9
4152	陶醉	2847	9
4153	障礙	2847	9
4154	面對面	2847	9
4155	頭緒	2847	9
4156	香味	2847	9
4157	鮮血	2847	9
4158	麻雀	2847	9
4159	妝	2846	9
4160	要不然	2842	9
4161	兩岸	2840	9
4162	轉發	2838	9
4163	定製	2823	9
4164	演示	2819	9
4165	開發區	2819	9
4166	無能爲力	2817	9
4167	節約	2809	9
4168	出租	2802	9
4169	夥伴	2802	9
4170	市場經濟	2800	9
4171	這時候	2800	9
4172	董事會	2799	9
4173	本本	2797	9
4174	瀋陽	2797	9
4175	改天	2795	9
4176	機身	2794	9
4177	單詞	2793	9
4178	繳納	2792	9
4179	珠海	2790	9
4180	機器人	2788	9
4181	絕大多數	2787	9
4182	丟失	2785	9
4183	下半年	2773	9
4184	景區	2772	9
4185	下落	2758	9
4186	下降	2758	9
4187	不由自主	2758	9
4188	事業	2758	9
4189	五官	2758	9
4190	企圖	2758	9
4191	來電	2758	9
4192	倉庫	2758	9
4193	個案	2758	9
4194	公屋	2758	9
4195	判決	2758	9
4196	化學	2758	9
4197	十字路口	2758	9
4198	參考	2758	9
4199	取代	2758	9
4200	各樣	2758	9
4201	善良	2758	9
4202	單人	2758	9
4203	嘍	2758	9
4204	圓圈	2758	9
4205	垂直	2758	9
4206	大雨	2758	9
4207	姑姑	2758	9
4208	姿態	2758	9
4209	宜	2758	9
4210	導致	2758	9
4211	居民	2758	9
4212	心寒	2758	9
4213	心軟	2758	9
4214	恰	2758	9
4215	慌	2758	9
4216	懦弱	2758	9
4217	手足	2758	9
4218	打車	2758	9
4219	搶先	2758	9
4220	收入	2758	9
4221	改名	2758	9
4222	教員	2758	9
4223	望見	2758	9
4224	框	2758	9
4225	殼	2758	9
4226	氣力	2758	9
4227	法力	2758	9
4228	海邊	2758	9
4229	深夜	2758	9
4230	湯圓	2758	9
4231	焦點	2758	9
4232	熟睡	2758	9
4233	獨特	2758	9
4234	現時	2758	9
4235	發作	2758	9
4236	發誓	2758	9
4237	白紙	2758	9
4238	盡情	2758	9
4239	破裂	2758	9
4240	祭	2758	9
4241	紅豆	2758	9
4242	終結	2758	9
4243	綜合	2758	9
4244	緊急	2758	9
4245	美味	2758	9
4246	腹部	2758	9
4247	臺	2758	9
4248	舊年	2758	9
4249	華麗	2758	9
4250	訊	2758	9
4251	豐富	2758	9
4252	賜	2758	9
4253	趁機	2758	9
4254	身子	2758	9
4255	遊	2758	9
4256	選	2758	9
4257	選修	2758	9
4258	鏟	2758	9
4259	難以置信	2758	9
4260	飲茶	2758	9
4261	館	2758	9
4262	黃昏	2758	9
4263	默	2758	9
4264	長春	2753	9
4265	錄像	2752	9
4266	重要性	2748	9
4267	前臺	2732	9
4268	外國人	2723	9
4269	來回	2714	9
4270	升值	2713	9
4271	制約	2710	9
4272	評審	2710	9
4273	份額	2690	9
4274	匯款	2685	9
4275	賈	2679	9
4276	申購	2676	9
4277	儂	2673	9
4278	體檢	2670	9
4279	一共	2669	9
4280	不到	2669	9
4281	不妙	2669	9
4282	世事	2669	9
4283	仇	2669	9
4284	何必	2669	9
4285	偷聽	2669	9
4286	兩手	2669	9
4287	公廁	2669	9
4288	列車	2669	9
4289	前途	2669	9
4290	動人	2669	9
4291	包容	2669	9
4292	匿	2669	9
4293	友人	2669	9
4294	反感	2669	9
4295	反映	2669	9
4296	呼叫	2669	9
4297	單單	2669	9
4298	器官	2669	9
4299	國內	2669	9
4300	大會	2669	9
4301	夫妻	2669	9
4302	尋	2669	9
4303	屋頂	2669	9
4304	展示	2669	9
4305	屬	2669	9
4306	屬性	2669	9
4307	帶有	2669	9
4308	弓	2669	9
4309	忌	2669	9
4310	成就	2669	9
4311	成立	2669	9
4312	或許	2669	9
4313	手段	2669	9
4314	指揮	2669	9
4315	掃把	2669	9
4316	排除	2669	9
4317	放到	2669	9
4318	最高	2669	9
4319	本地	2669	9
4320	楚	2669	9
4321	橢圓	2669	9
4322	欄杆	2669	9
4323	死黨	2669	9
4324	求婚	2669	9
4325	流動	2669	9
4326	渴望	2669	9
4327	滋味	2669	9
4328	漫畫	2669	9
4329	無敵	2669	9
4330	焦急	2669	9
4331	照舊	2669	9
4332	獨立	2669	9
4333	獵物	2669	9
4334	瓜	2669	9
4335	生理	2669	9
4336	發表	2669	9
4337	禮拜六	2669	9
4338	私家	2669	9
4339	突出	2669	9
4340	糊	2669	9
4341	網球	2669	9
4342	緊身	2669	9
4343	織	2669	9
4344	聖	2669	9
4345	聖經	2669	9
4346	街燈	2669	9
4347	袍	2669	9
4348	訪問	2669	9
4349	試探	2669	9
4350	課程	2669	9
4351	超級市場	2669	9
4352	轉換	2669	9
4353	辦公室	2669	9
4354	近乎	2669	9
4355	退休	2669	9
4356	遲疑	2669	9
4357	鐵塔	2669	9
4358	降落	2669	9
4359	面積	2669	9
4360	面試	2669	9
4361	駁	2669	9
4362	驚嚇	2669	9
4363	驚恐	2669	9
4364	鹿	2669	9
4365	齋	2669	9
4366	高峯	2667	9
4367	稱之爲	2666	9
4368	捐款	2664	9
4369	城區	2663	9
4370	凡是	2660	9
4371	核實	2659	9
4372	志願者	2649	9
4373	輛	2649	9
4374	崔	2646	9
4375	國家隊	2645	9
4376	便於	2643	9
4377	布什	2643	9
4378	上報	2633	9
4379	長久	2632	9
4380	真實性	2630	9
4381	捨不得	2625	9
4382	僞	2624	9
4383	搞好	2623	9
4384	控股	2622	9
4385	抽菸	2621	9
4386	藝術家	2606	9
4387	下線	2605	9
4388	土豆	2605	9
4389	查處	2603	9
4390	致力	2603	9
4391	公交車	2596	9
4392	整治	2592	9
4393	民工	2591	9
4394	要素	2589	9
4395	羅馬	2587	9
4396	自治區	2587	9
4397	獲悉	2585	9
4398	中環	2580	9
4399	中秋	2580	9
4400	人體	2580	9
4401	作者	2580	9
4402	保守	2580	9
4403	信封	2580	9
4404	儲存	2580	9
4405	先行	2580	9
4406	入夜	2580	9
4407	冬菇	2580	9
4408	冷卻	2580	9
4409	冷漠	2580	9
4410	凝視	2580	9
4411	卜	2580	9
4412	向前	2580	9
4413	周邊	2580	9
4414	哭泣	2580	9
4415	喇叭	2580	9
4416	嘆氣	2580	9
4417	噓	2580	9
4418	嚓	2580	9
4419	地產	2580	9
4420	境界	2580	9
4421	女士	2580	9
4422	奶嘴	2580	9
4423	察覺	2580	9
4424	小腿	2580	9
4425	少有	2580	9
4426	展	2580	9
4427	山頭	2580	9
4428	帶頭	2580	9
4429	幣	2580	9
4430	度過	2580	9
4431	弱點	2580	9
4432	念	2580	9
4433	惡鬼	2580	9
4434	意料	2580	9
4435	打工	2580	9
4436	技	2580	9
4437	抆	2580	9
4438	抵抗	2580	9
4439	拋棄	2580	9
4440	新生	2580	9
4441	明天	2580	9
4442	昏暗	2580	9
4443	櫻花	2580	9
4444	水汪汪	2580	9
4445	況且	2580	9
4446	法庭	2580	9
4447	海灘	2580	9
4448	漱口	2580	9
4449	濟	2580	9
4450	燈籠	2580	9
4451	狩獵	2580	9
4452	獄警	2580	9
4453	甲	2580	9
4454	男廁	2580	9
4455	留心	2580	9
4456	當作	2580	9
4457	發育	2580	9
4458	白頭	2580	9
4459	相見	2580	9
4460	眉頭	2580	9
4461	碰撞	2580	9
4462	純真	2580	9
4463	網上	2580	9
4464	縱使	2580	9
4465	老老實實	2580	9
4466	肉色	2580	9
4467	臻	2580	9
4468	薛	2580	9
4469	藥膏	2580	9
4470	蛀	2580	9
4471	蟻	2580	9
4472	計算	2580	9
4473	許	2580	9
4474	詭異	2580	9
4475	認定	2580	9
4476	談	2580	9
4477	跟手	2580	9
4478	踏入	2580	9
4479	身手	2580	9
4480	連接	2580	9
4481	達成	2580	9
4482	野獸	2580	9
4483	閃避	2580	9
4484	隊伍	2580	9
4485	集團	2580	9
4486	需求	2580	9
4487	順眼	2580	9
4488	頰	2580	9
4489	驚呼	2580	9
4490	鬆手	2580	9
4491	祕	2579	9
4492	僞裝	2577	9
4493	經濟學	2576	9
4494	災區	2572	9
4495	中山	2568	9
4496	南昌	2568	9
4497	處在	2561	9
4498	黃河	2555	9
4499	勞動者	2553	9
4500	音箱	2551	9
4501	怪不得	2548	10
4502	領取	2548	10
4503	出衆	2547	10
4504	保險公司	2544	10
4505	答辯	2540	10
4506	變爲	2538	10
4507	化爲	2527	10
4508	企業家	2525	10
4509	交換機	2524	10
4510	演唱	2518	10
4511	老鄉	2517	10
4512	總監	2514	10
4513	匯率	2513	10
4514	太平洋	2512	10
4515	手續費	2512	10
4516	愛好者	2502	10
4517	勞動力	2500	10
4518	化工	2493	10
4519	零售	2493	10
4520	一旁	2491	10
4521	上心	2491	10
4522	不但	2491	10
4523	不約而同	2491	10
4524	不行	2491	10
4525	中秋節	2491	10
4526	事先	2491	10
4527	修	2491	10
4528	偷襲	2491	10
4529	儀	2491	10
4530	兼容	2491	10
4531	冒	2491	10
4532	出場	2491	10
4533	分配	2491	10
4534	句子	2491	10
4535	司	2491	10
4536	名稱	2491	10
4537	哀傷	2491	10
4538	哲學	2491	10
4539	問候	2491	10
4540	問號	2491	10
4541	嘖	2491	10
4542	圍裙	2491	10
4543	報導	2491	10
4544	報復	2491	10
4545	夫婦	2491	10
4546	奔	2491	10
4547	對眼	2491	10
4548	巫婆	2491	10
4549	帳	2491	10
4550	帶來	2491	10
4551	後人	2491	10
4552	心虛	2491	10
4553	性別	2491	10
4554	恐龍	2491	10
4555	愛心	2491	10
4556	提及	2491	10
4557	教導	2491	10
4558	文章	2491	10
4559	欺騙	2491	10
4560	武術	2491	10
4561	比喻	2491	10
4562	毫不	2491	10
4563	泥土	2491	10
4564	活力	2491	10
4565	液	2491	10
4566	測驗	2491	10
4567	漂亮	2491	10
4568	玫瑰	2491	10
4569	留戀	2491	10
4570	當成	2491	10
4571	皆	2491	10
4572	監視	2491	10
4573	眼球	2491	10
4574	瞳孔	2491	10
4575	神聖	2491	10
4576	票	2491	10
4577	種種	2491	10
4578	立	2491	10
4579	竟	2491	10
4580	竹	2491	10
4581	筋	2491	10
4582	籠	2491	10
4583	粗魯	2491	10
4584	紛紛	2491	10
4585	聽見	2491	10
4586	肉麻	2491	10
4587	胃口	2491	10
4588	臭味	2491	10
4589	蒸	2491	10
4590	行政	2491	10
4591	言語	2491	10
4592	試圖	2491	10
4593	認知	2491	10
4594	趕到	2491	10
4595	連載	2491	10
4596	部位	2491	10
4597	開放	2491	10
4598	開發	2491	10
4599	隨意	2491	10
4600	難免	2491	10
4601	頹廢	2491	10
4602	驅使	2491	10
4603	黃金	2491	10
4604	黑衣	2491	10
4605	龐大	2491	10
4606	出租車	2483	10
4607	啓發	2483	10
4608	參照	2482	10
4609	折扣	2482	10
4610	深化	2477	10
4611	週四	2471	10
4612	備註	2456	10
4613	貧困	2455	10
4614	中華民族	2451	10
4615	騙人	2448	10
4616	教育部	2444	10
4617	沒意思	2443	10
4618	當代	2439	10
4619	祕書長	2437	10
4620	安全性	2436	10
4621	崛起	2436	10
4622	積極性	2434	10
4623	電臺	2431	10
4624	調動	2427	10
4625	歐元	2426	10
4626	知識產權	2423	10
4627	主演	2421	10
4628	複合	2421	10
4629	態勢	2420	10
4630	徵收	2413	10
4631	編制	2410	10
4632	辦事處	2405	10
4633	評委	2404	10
4634	不愧	2402	10
4635	主義	2402	10
4636	仇人	2402	10
4637	佛	2402	10
4638	倫	2402	10
4639	催眠	2402	10
4640	僵硬	2402	10
4641	入門	2402	10
4642	內臟	2402	10
4643	全家	2402	10
4644	具體	2402	10
4645	剃	2402	10
4646	剩餘	2402	10
4647	創意	2402	10
4648	南方	2402	10
4649	古代	2402	10
4650	可行	2402	10
4651	同步	2402	10
4652	嗬	2402	10
4653	固定	2402	10
4654	圍觀	2402	10
4655	地上	2402	10
4656	垂	2402	10
4657	報道	2402	10
4658	少數	2402	10
4659	少爺	2402	10
4660	尻	2402	10
4661	幽默	2402	10
4662	幾經	2402	10
4663	後者	2402	10
4664	心理學	2402	10
4665	必	2402	10
4666	感性	2402	10
4667	懷抱	2402	10
4668	截	2402	10
4669	承擔	2402	10
4670	投票	2402	10
4671	拼命	2402	10
4672	推測	2402	10
4673	掩護	2402	10
4674	揩	2402	10
4675	整體	2402	10
4676	旅	2402	10
4677	旅程	2402	10
4678	星期四	2402	10
4679	是非	2402	10
4680	有力	2402	10
4681	本事	2402	10
4682	極力	2402	10
4683	歡呼	2402	10
4684	歧視	2402	10
4685	消化	2402	10
4686	無形	2402	10
4687	無言	2402	10
4688	熱氣	2402	10
4689	牆壁	2402	10
4690	祈求	2402	10
4691	福利	2402	10
4692	立場	2402	10
4693	童話	2402	10
4694	符合	2402	10
4695	箍	2402	10
4696	糧	2402	10
4697	系列	2402	10
4698	絲毫	2402	10
4699	罐頭	2402	10
4700	胸膛	2402	10
4701	腮	2402	10
4702	苦惱	2402	10
4703	菲	2402	10
4704	衷心	2402	10
4705	親近	2402	10
4706	訊息	2402	10
4707	說明	2402	10
4708	講法	2402	10
4709	趕走	2402	10
4710	辭職	2402	10
4711	透露	2402	10
4712	進一步	2402	10
4713	進展	2402	10
4714	運氣	2402	10
4715	重量	2402	10
4716	鎖鏈	2402	10
4717	防護	2402	10
4718	雀	2402	10
4719	雖	2402	10
4720	頭頂	2402	10
4721	飛過	2402	10
4722	養父	2402	10
4723	馬車	2402	10
4724	驚人	2402	10
4725	驚奇	2402	10
4726	鬍鬚	2402	10
4727	鮑魚	2402	10
4728	測定	2399	10
4729	外匯	2398	10
4730	煤炭	2397	10
4731	產權	2396	10
4732	好不容易	2388	10
4733	陽臺	2388	10
4734	俾	2386	10
4735	必將	2385	10
4736	精美	2383	10
4737	供電	2380	10
4738	越獄	2380	10
4739	懷裏	2372	10
4740	圖紙	2371	10
4741	卓越	2367	10
4742	音頻	2367	10
4743	來得及	2364	10
4744	現行	2352	10
4745	製造業	2351	10
4746	關鍵字	2350	10
4747	斌	2348	10
4748	黨委	2347	10
4749	啓用	2346	10
4750	國際化	2345	10
4751	大幅度	2342	10
4752	夜裏	2340	10
4753	請勿	2338	10
4754	內蒙古	2337	10
4755	牛市	2336	10
4756	養殖	2336	10
4757	南寧	2333	10
4758	高科技	2329	10
4759	分紅	2326	10
4760	吸引力	2322	10
4761	一流	2313	10
4762	下屬	2313	10
4763	不住	2313	10
4764	丟	2313	10
4765	俠	2313	10
4766	元氣	2313	10
4767	入手	2313	10
4768	出外	2313	10
4769	出頭	2313	10
4770	則	2313	10
4771	務	2313	10
4772	博物館	2313	10
4773	合適	2313	10
4774	均	2313	10
4775	基礎	2313	10
4776	奇蹟	2313	10
4777	女兒	2313	10
4778	女皇	2313	10
4779	寒意	2313	10
4780	審	2313	10
4781	平民	2313	10
4782	廂	2313	10
4783	廠	2313	10
4784	引導	2313	10
4785	往事	2313	10
4786	憑空	2313	10
4787	扶手	2313	10
4788	指導	2313	10
4789	排骨	2313	10
4790	提早	2313	10
4791	揮動	2313	10
4792	擺脫	2313	10
4793	政黨	2313	10
4794	敬請	2313	10
4795	新手	2313	10
4796	日前	2313	10
4797	普遍	2313	10
4798	木頭	2313	10
4799	業	2313	10
4800	決賽	2313	10
4801	流露	2313	10
4802	澧	2313	10
4803	物質	2313	10
4804	特點	2313	10
4805	番薯	2313	10
4806	發射	2313	10
4807	眷屬	2313	10
4808	眼皮	2313	10
4809	瞭解	2313	10
4810	知名	2313	10
4811	短裙	2313	10
4812	移民	2313	10
4813	突發	2313	10
4814	細節	2313	10
4815	組合	2313	10
4816	繼而	2313	10
4817	罷	2313	10
4818	羽毛球	2313	10
4819	胡	2313	10
4820	脫離	2313	10
4821	臉色	2313	10
4822	自修	2313	10
4823	自己人	2313	10
4824	花心	2313	10
4825	莫名其妙	2313	10
4826	蓮	2313	10
4827	虛無	2313	10
4828	街坊	2313	10
4829	表露	2313	10
4830	被動	2313	10
4831	補助	2313	10
4832	評價	2313	10
4833	資產	2313	10
4834	質疑	2313	10
4835	起伏	2313	10
4836	跡象	2313	10
4837	躲	2313	10
4838	車尾	2313	10
4839	輪流	2313	10
4840	通道	2313	10
4841	通關	2313	10
4842	遙控	2313	10
4843	金融	2313	10
4844	陰森	2313	10
4845	集	2313	10
4846	雖則	2313	10
4847	離譜	2313	10
4848	霞	2313	10
4849	響亮	2313	10
4850	鷹	2313	10
4851	黑夜	2313	10
4852	默契	2313	10
4853	保修	2311	10
4854	太原	2310	10
4855	既有	2308	10
4856	闡述	2305	10
4857	救助	2304	10
4858	彩票	2303	10
4859	不準	2298	10
4860	蝦米	2298	10
4861	變革	2293	10
4862	信譽	2289	10
4863	難爲	2280	10
4864	成交量	2277	10
4865	縣城	2276	10
4866	穿上	2275	10
4867	滬	2274	10
4868	薪水	2274	10
4869	小於	2273	10
4870	就此	2266	10
4871	門檻	2265	10
4872	若是	2264	10
4873	吉林	2263	10
4874	工作室	2263	10
4875	市委	2263	10
4876	蘭州	2253	10
4877	尹	2245	10
4878	截至	2243	10
4879	廖	2238	10
4880	磁盤	2236	10
4881	週三	2232	10
4882	鑫	2232	10
4883	東部	2231	10
4884	光榮	2230	10
4885	售	2228	10
4886	踊躍	2228	10
4887	老人家	2226	10
4888	併購	2225	10
4889	一輩子	2224	10
4890	一頭	2224	10
4891	上樓	2224	10
4892	上路	2224	10
4893	並用	2224	10
4894	乾杯	2224	10
4895	人頭	2224	10
4896	佈置	2224	10
4897	充足	2224	10
4898	免得	2224	10
4899	公約	2224	10
4900	具	2224	10
4901	凝聚	2224	10
4902	出動	2224	10
4903	刺耳	2224	10
4904	動靜	2224	10
4905	友情	2224	10
4906	取消	2224	10
4907	吵	2224	10
4908	喜	2224	10
4909	喪失	2224	10
4910	噬	2224	10
4911	困擾	2224	10
4912	報到	2224	10
4913	墓碑	2224	10
4914	太空	2224	10
4915	婚姻	2224	10
4916	完畢	2224	10
4917	家務	2224	10
4918	對外	2224	10
4919	尼	2224	10
4920	居	2224	10
4921	屈服	2224	10
4922	島	2224	10
4923	引誘	2224	10
4924	強制	2224	10
4925	打探	2224	10
4926	打敗	2224	10
4927	打氣	2224	10
4928	掌聲	2224	10
4929	揭開	2224	10
4930	收尾	2224	10
4931	效率	2224	10
4932	教學	2224	10
4933	文明	2224	10
4934	旋轉	2224	10
4935	晴天	2224	10
4936	最佳	2224	10
4937	有餘	2224	10
4938	權力	2224	10
4939	步入	2224	10
4940	殘廢	2224	10
4941	求助	2224	10
4942	汽車	2224	10
4943	清除	2224	10
4944	減肥	2224	10
4945	演唱會	2224	10
4946	潛	2224	10
4947	灰心	2224	10
4948	照樣	2224	10
4949	熱線	2224	10
4950	特色	2224	10
4951	犯人	2224	10
4952	產品	2224	10
4953	發明	2224	10
4954	發言	2224	10
4955	百貨公司	2224	10
4956	第三者	2224	10
4957	節日	2224	10
4958	粟米	2224	10
4959	給予	2224	10
4960	老人	2224	10
4961	脈	2224	10
4962	腦袋	2224	10
4963	色彩	2224	10
4964	若無其事	2224	10
4965	蝙蝠	2224	10
4966	行走	2224	10
4967	街口	2224	10
4968	街頭	2224	10
4969	表姐	2224	10
4970	襟	2224	10
4971	親口	2224	10
4972	調整	2224	10
4973	請柬	2224	10
4974	谷	2224	10
4975	豐滿	2224	10
4976	貪心	2224	10
4977	踏上	2224	10
4978	車身	2224	10
4979	辭	2224	10
4980	迷人	2224	10
4981	追擊	2224	10
4982	速	2224	10
4983	逢	2224	10
4984	進出	2224	10
4985	那樣	2224	10
4986	郎	2224	10
4987	重疊	2224	10
4988	降低	2224	10
4989	隨口	2224	10
4990	雜誌	2224	10
4991	難關	2224	10
4992	雯	2224	10
4993	霸王	2224	10
4994	預先	2224	10
4995	預料	2224	10
4996	鬼魂	2224	10
4997	鮑	2224	10
4998	鮮	2224	10
4999	頒發	2221	10
5000	投機	2220	10
